series,file_date,written_at_local
damlbmp_zone,2020-01-01,2019-12-31T09:35:06
damlbmp_zone,2020-01-02,2020-01-01T09:34:04
damlbmp_zone,2020-01-03,2020-01-02T09:34:06
damlbmp_zone,2020-01-04,2020-01-03T09:34:06
damlbmp_zone,2020-01-05,2020-01-04T09:38:04
damlbmp_zone,2020-01-06,2020-01-05T09:39:06
damlbmp_zone,2020-01-07,2020-01-06T09:35:06
damlbmp_zone,2020-01-08,2020-01-07T09:35:06
damlbmp_zone,2020-01-09,2020-01-08T09:34:06
damlbmp_zone,2020-01-10,2020-01-09T09:38:06
damlbmp_zone,2020-01-11,2020-01-10T09:35:06
damlbmp_zone,2020-01-12,2020-01-11T09:38:06
damlbmp_zone,2020-01-13,2020-01-12T09:38:04
damlbmp_zone,2020-01-14,2020-01-13T09:35:06
damlbmp_zone,2020-01-15,2020-01-14T09:35:06
damlbmp_zone,2020-01-16,2020-01-15T09:37:06
damlbmp_zone,2020-01-17,2020-01-16T09:35:06
damlbmp_zone,2020-01-18,2020-01-17T09:36:06
damlbmp_zone,2020-01-19,2020-01-18T09:39:04
damlbmp_zone,2020-01-20,2020-01-19T09:39:04
damlbmp_zone,2020-01-21,2020-01-20T09:35:06
damlbmp_zone,2020-01-22,2020-01-21T09:35:06
damlbmp_zone,2020-01-23,2020-01-22T09:36:06
damlbmp_zone,2020-01-24,2020-01-23T09:35:06
damlbmp_zone,2020-01-25,2020-01-24T09:35:04
damlbmp_zone,2020-01-26,2020-01-25T09:38:04
damlbmp_zone,2020-01-27,2020-01-26T09:39:06
damlbmp_zone,2020-01-28,2020-01-27T09:35:06
damlbmp_zone,2020-01-29,2020-01-28T09:35:08
damlbmp_zone,2020-01-30,2020-01-29T09:35:06
damlbmp_zone,2020-01-31,2020-01-30T09:35:08
damlbmp_zone,2020-02-01,2020-01-31T09:35:08
damlbmp_zone,2020-02-02,2020-02-01T09:38:06
damlbmp_zone,2020-02-03,2020-02-02T09:39:08
damlbmp_zone,2020-02-04,2020-02-03T09:34:08
damlbmp_zone,2020-02-05,2020-02-04T09:35:08
damlbmp_zone,2020-02-06,2020-02-05T09:35:06
damlbmp_zone,2020-02-07,2020-02-06T09:34:06
damlbmp_zone,2020-02-08,2020-02-07T09:35:06
damlbmp_zone,2020-02-09,2020-02-08T09:39:06
damlbmp_zone,2020-02-10,2020-02-09T09:40:06
damlbmp_zone,2020-02-11,2020-02-10T09:37:08
damlbmp_zone,2020-02-12,2020-02-11T09:34:06
damlbmp_zone,2020-02-13,2020-02-12T09:34:04
damlbmp_zone,2020-02-14,2020-02-13T09:36:04
damlbmp_zone,2020-02-15,2020-02-14T09:35:08
damlbmp_zone,2020-02-16,2020-02-15T09:39:06
damlbmp_zone,2020-02-17,2020-02-16T09:38:04
damlbmp_zone,2020-02-18,2020-02-17T09:35:10
damlbmp_zone,2020-02-19,2020-02-18T09:35:10
damlbmp_zone,2020-02-20,2020-02-19T09:35:08
damlbmp_zone,2020-02-21,2020-02-20T09:34:06
damlbmp_zone,2020-02-22,2020-02-21T09:36:04
damlbmp_zone,2020-02-23,2020-02-22T09:39:06
damlbmp_zone,2020-02-24,2020-02-23T09:38:04
damlbmp_zone,2020-02-25,2020-02-24T09:35:06
damlbmp_zone,2020-02-26,2020-02-25T09:36:04
damlbmp_zone,2020-02-27,2020-02-26T09:35:06
damlbmp_zone,2020-02-28,2020-02-27T09:36:04
damlbmp_zone,2020-02-29,2020-02-28T09:35:06
damlbmp_zone,2020-03-01,2020-02-29T09:38:04
damlbmp_zone,2020-03-02,2020-03-01T09:39:06
damlbmp_zone,2020-03-03,2020-03-02T09:35:12
damlbmp_zone,2020-03-04,2020-03-03T09:35:10
damlbmp_zone,2020-03-05,2020-03-04T09:35:08
damlbmp_zone,2020-03-06,2020-03-05T09:34:04
damlbmp_zone,2020-03-07,2020-03-06T09:36:04
damlbmp_zone,2020-03-08,2020-03-07T09:38:04
damlbmp_zone,2020-03-09,2020-03-08T09:35:06
damlbmp_zone,2020-03-10,2020-03-09T09:33:06
damlbmp_zone,2020-03-11,2020-03-10T09:33:04
damlbmp_zone,2020-03-12,2020-03-11T09:33:04
damlbmp_zone,2020-03-13,2020-03-12T09:34:06
damlbmp_zone,2020-03-14,2020-03-13T09:34:04
damlbmp_zone,2020-03-15,2020-03-14T09:35:04
damlbmp_zone,2020-03-16,2020-03-15T09:38:04
damlbmp_zone,2020-03-17,2020-03-16T09:34:04
damlbmp_zone,2020-03-18,2020-03-17T09:34:04
damlbmp_zone,2020-03-19,2020-03-18T09:35:04
damlbmp_zone,2020-03-20,2020-03-19T09:36:04
damlbmp_zone,2020-03-21,2020-03-20T09:34:04
damlbmp_zone,2020-03-22,2020-03-21T09:36:04
damlbmp_zone,2020-03-23,2020-03-22T09:36:04
damlbmp_zone,2020-03-24,2020-03-23T09:35:06
damlbmp_zone,2020-03-25,2020-03-24T09:33:04
damlbmp_zone,2020-03-26,2020-03-25T09:33:04
damlbmp_zone,2020-03-27,2020-03-26T09:34:04
damlbmp_zone,2020-03-28,2020-03-27T09:34:04
damlbmp_zone,2020-03-29,2020-03-28T09:37:04
damlbmp_zone,2020-03-30,2020-03-29T09:37:04
damlbmp_zone,2020-03-31,2020-03-30T09:35:04
damlbmp_zone,2020-04-01,2020-03-31T09:34:04
damlbmp_zone,2020-04-02,2020-04-01T09:35:10
damlbmp_zone,2020-04-03,2020-04-02T09:34:08
damlbmp_zone,2020-04-04,2020-04-03T09:37:10
damlbmp_zone,2020-04-05,2020-04-04T09:37:04
damlbmp_zone,2020-04-06,2020-04-05T09:38:06
damlbmp_zone,2020-04-07,2020-04-06T09:34:06
damlbmp_zone,2020-04-08,2020-04-07T09:34:06
damlbmp_zone,2020-04-09,2020-04-08T09:36:04
damlbmp_zone,2020-04-10,2020-04-09T09:35:08
damlbmp_zone,2020-04-11,2020-04-10T09:34:06
damlbmp_zone,2020-04-12,2020-04-11T09:36:04
damlbmp_zone,2020-04-13,2020-04-12T09:38:04
damlbmp_zone,2020-04-14,2020-04-13T09:34:04
damlbmp_zone,2020-04-15,2020-04-14T09:35:06
damlbmp_zone,2020-04-16,2020-04-15T09:34:04
damlbmp_zone,2020-04-17,2020-04-16T09:37:06
damlbmp_zone,2020-04-18,2020-04-17T09:34:06
damlbmp_zone,2020-04-19,2020-04-18T09:37:08
damlbmp_zone,2020-04-20,2020-04-19T09:36:10
damlbmp_zone,2020-04-21,2020-04-20T09:35:06
damlbmp_zone,2020-04-22,2020-04-21T09:34:04
damlbmp_zone,2020-04-23,2020-04-22T09:34:06
damlbmp_zone,2020-04-24,2020-04-23T09:34:04
damlbmp_zone,2020-04-25,2020-04-24T09:34:04
damlbmp_zone,2020-04-26,2020-04-25T09:36:04
damlbmp_zone,2020-04-27,2020-04-26T09:35:06
damlbmp_zone,2020-04-28,2020-04-27T09:33:04
damlbmp_zone,2020-04-29,2020-04-28T09:34:04
damlbmp_zone,2020-04-30,2020-04-29T09:34:04
damlbmp_zone,2020-05-01,2020-04-30T09:34:04
damlbmp_zone,2020-05-02,2020-05-01T09:34:08
damlbmp_zone,2020-05-03,2020-05-02T09:34:10
damlbmp_zone,2020-05-04,2020-05-03T09:36:06
damlbmp_zone,2020-05-05,2020-05-04T09:34:04
damlbmp_zone,2020-05-06,2020-05-05T09:34:04
damlbmp_zone,2020-05-07,2020-05-06T09:35:06
damlbmp_zone,2020-05-08,2020-05-07T09:34:04
damlbmp_zone,2020-05-09,2020-05-08T09:34:04
damlbmp_zone,2020-05-10,2020-05-09T09:35:04
damlbmp_zone,2020-05-11,2020-05-10T09:39:06
damlbmp_zone,2020-05-12,2020-05-11T09:35:10
damlbmp_zone,2020-05-13,2020-05-12T09:33:04
damlbmp_zone,2020-05-14,2020-05-13T09:33:04
damlbmp_zone,2020-05-15,2020-05-14T09:33:04
damlbmp_zone,2020-05-16,2020-05-15T09:33:04
damlbmp_zone,2020-05-17,2020-05-16T09:35:06
damlbmp_zone,2020-05-18,2020-05-17T09:36:04
damlbmp_zone,2020-05-19,2020-05-18T09:35:04
damlbmp_zone,2020-05-20,2020-05-19T09:38:04
damlbmp_zone,2020-05-21,2020-05-20T09:34:06
damlbmp_zone,2020-05-22,2020-05-21T09:33:06
damlbmp_zone,2020-05-23,2020-05-22T09:35:08
damlbmp_zone,2020-05-24,2020-05-23T09:35:04
damlbmp_zone,2020-05-25,2020-05-24T09:35:04
damlbmp_zone,2020-05-26,2020-05-25T09:33:04
damlbmp_zone,2020-05-27,2020-05-26T09:35:04
damlbmp_zone,2020-05-28,2020-05-27T09:35:06
damlbmp_zone,2020-05-29,2020-05-28T09:35:06
damlbmp_zone,2020-05-30,2020-05-29T09:34:04
damlbmp_zone,2020-05-31,2020-05-30T09:34:04
damlbmp_zone,2020-06-01,2020-05-31T09:36:04
damlbmp_zone,2020-06-02,2020-06-01T09:33:08
damlbmp_zone,2020-06-03,2020-06-02T09:34:04
damlbmp_zone,2020-06-04,2020-06-03T09:34:06
damlbmp_zone,2020-06-05,2020-06-04T09:35:06
damlbmp_zone,2020-06-06,2020-06-05T09:34:06
damlbmp_zone,2020-06-07,2020-06-06T09:35:06
damlbmp_zone,2020-06-08,2020-06-07T09:35:06
damlbmp_zone,2020-06-09,2020-06-08T09:33:06
damlbmp_zone,2020-06-10,2020-06-09T09:33:04
damlbmp_zone,2020-06-11,2020-06-10T09:33:04
damlbmp_zone,2020-06-12,2020-06-11T09:34:04
damlbmp_zone,2020-06-13,2020-06-12T09:34:06
damlbmp_zone,2020-06-14,2020-06-13T09:40:06
damlbmp_zone,2020-06-15,2020-06-14T09:38:06
damlbmp_zone,2020-06-16,2020-06-15T09:35:06
damlbmp_zone,2020-06-17,2020-06-16T09:34:04
damlbmp_zone,2020-06-18,2020-06-17T09:33:04
damlbmp_zone,2020-06-19,2020-06-18T09:34:04
damlbmp_zone,2020-06-20,2020-06-19T09:33:04
damlbmp_zone,2020-06-21,2020-06-20T09:36:04
damlbmp_zone,2020-06-22,2020-06-21T09:37:06
damlbmp_zone,2020-06-23,2020-06-22T09:34:04
damlbmp_zone,2020-06-24,2020-06-23T09:33:04
damlbmp_zone,2020-06-25,2020-06-24T09:36:04
damlbmp_zone,2020-06-26,2020-06-25T09:34:06
damlbmp_zone,2020-06-27,2020-06-26T09:34:06
damlbmp_zone,2020-06-28,2020-06-27T09:36:06
damlbmp_zone,2020-06-29,2020-06-28T09:36:06
damlbmp_zone,2020-06-30,2020-06-29T09:34:04
damlbmp_zone,2020-07-01,2020-06-30T09:36:04
damlbmp_zone,2020-07-02,2020-07-01T09:35:08
damlbmp_zone,2020-07-03,2020-07-02T09:34:06
damlbmp_zone,2020-07-04,2020-07-03T09:35:08
damlbmp_zone,2020-07-05,2020-07-04T09:37:06
damlbmp_zone,2020-07-06,2020-07-05T09:36:06
damlbmp_zone,2020-07-07,2020-07-06T09:34:04
damlbmp_zone,2020-07-08,2020-07-07T09:36:04
damlbmp_zone,2020-07-09,2020-07-08T10:13:04
damlbmp_zone,2020-07-10,2020-07-09T09:36:06
damlbmp_zone,2020-07-11,2020-07-10T09:34:04
damlbmp_zone,2020-07-12,2020-07-11T09:37:06
damlbmp_zone,2020-07-13,2020-07-12T09:37:06
damlbmp_zone,2020-07-14,2020-07-13T09:34:04
damlbmp_zone,2020-07-15,2020-07-14T09:35:06
damlbmp_zone,2020-07-16,2020-07-15T09:36:04
damlbmp_zone,2020-07-17,2020-07-16T09:34:04
damlbmp_zone,2020-07-18,2020-07-17T09:34:04
damlbmp_zone,2020-07-19,2020-07-18T09:37:04
damlbmp_zone,2020-07-20,2020-07-19T09:41:04
damlbmp_zone,2020-07-21,2020-07-20T09:34:04
damlbmp_zone,2020-07-22,2020-07-21T09:34:06
damlbmp_zone,2020-07-23,2020-07-22T09:35:04
damlbmp_zone,2020-07-24,2020-07-23T09:34:04
damlbmp_zone,2020-07-25,2020-07-24T09:34:04
damlbmp_zone,2020-07-26,2020-07-25T09:38:06
damlbmp_zone,2020-07-27,2020-07-26T09:36:04
damlbmp_zone,2020-07-28,2020-07-27T09:35:04
damlbmp_zone,2020-07-29,2020-07-28T09:34:04
damlbmp_zone,2020-07-30,2020-07-29T09:34:04
damlbmp_zone,2020-07-31,2020-07-30T09:35:04
damlbmp_zone,2020-08-01,2020-07-31T09:34:04
damlbmp_zone,2020-08-02,2020-08-01T09:35:08
damlbmp_zone,2020-08-03,2020-08-02T09:37:10
damlbmp_zone,2020-08-04,2020-08-03T09:35:10
damlbmp_zone,2020-08-05,2020-08-04T09:34:06
damlbmp_zone,2020-08-06,2020-08-05T09:34:06
damlbmp_zone,2020-08-07,2020-08-06T09:35:06
damlbmp_zone,2020-08-08,2020-08-07T09:38:06
damlbmp_zone,2020-08-09,2020-08-08T09:36:04
damlbmp_zone,2020-08-10,2020-08-09T09:36:04
damlbmp_zone,2020-08-11,2020-08-10T10:18:04
damlbmp_zone,2020-08-12,2020-08-11T09:37:04
damlbmp_zone,2020-08-13,2020-08-12T09:36:04
damlbmp_zone,2020-08-14,2020-08-13T09:35:04
damlbmp_zone,2020-08-15,2020-08-14T09:35:08
damlbmp_zone,2020-08-16,2020-08-15T09:38:04
damlbmp_zone,2020-08-17,2020-08-16T09:37:04
damlbmp_zone,2020-08-18,2020-08-17T09:34:04
damlbmp_zone,2020-08-19,2020-08-18T09:34:06
damlbmp_zone,2020-08-20,2020-08-19T09:35:06
damlbmp_zone,2020-08-21,2020-08-20T09:34:04
damlbmp_zone,2020-08-22,2020-08-21T09:33:04
damlbmp_zone,2020-08-23,2020-08-22T09:35:06
damlbmp_zone,2020-08-24,2020-08-23T09:37:04
damlbmp_zone,2020-08-25,2020-08-24T09:34:04
damlbmp_zone,2020-08-26,2020-08-25T09:34:04
damlbmp_zone,2020-08-27,2020-08-26T09:35:06
damlbmp_zone,2020-08-28,2020-08-27T09:34:04
damlbmp_zone,2020-08-29,2020-08-28T09:35:04
damlbmp_zone,2020-08-30,2020-08-29T09:32:04
damlbmp_zone,2020-08-31,2020-08-30T09:34:04
damlbmp_zone,2020-09-01,2020-08-31T09:33:06
damlbmp_zone,2020-09-02,2020-09-01T09:34:04
damlbmp_zone,2020-09-03,2020-09-02T09:33:06
damlbmp_zone,2020-09-04,2020-09-03T09:34:04
damlbmp_zone,2020-09-05,2020-09-04T09:34:04
damlbmp_zone,2020-09-06,2020-09-05T09:39:06
damlbmp_zone,2020-09-07,2020-09-06T09:35:06
damlbmp_zone,2020-09-08,2020-09-07T09:34:04
damlbmp_zone,2020-09-09,2020-09-08T09:34:04
damlbmp_zone,2020-09-10,2020-09-09T09:33:04
damlbmp_zone,2020-09-11,2020-09-10T09:34:04
damlbmp_zone,2020-09-12,2020-09-11T09:34:04
damlbmp_zone,2020-09-13,2020-09-12T09:37:06
damlbmp_zone,2020-09-14,2020-09-13T09:36:04
damlbmp_zone,2020-09-15,2020-09-14T09:43:04
damlbmp_zone,2020-09-16,2020-09-15T09:34:04
damlbmp_zone,2020-09-17,2020-09-16T09:35:06
damlbmp_zone,2020-09-18,2020-09-17T09:33:06
damlbmp_zone,2020-09-19,2020-09-18T09:33:04
damlbmp_zone,2020-09-20,2020-09-19T09:34:04
damlbmp_zone,2020-09-21,2020-09-20T09:34:06
damlbmp_zone,2020-09-22,2020-09-21T09:34:04
damlbmp_zone,2020-09-23,2020-09-22T09:34:06
damlbmp_zone,2020-09-24,2020-09-23T09:34:06
damlbmp_zone,2020-09-25,2020-09-24T09:34:04
damlbmp_zone,2020-09-26,2020-09-25T09:35:06
damlbmp_zone,2020-09-27,2020-09-26T09:33:06
damlbmp_zone,2020-09-28,2020-09-27T09:39:04
damlbmp_zone,2020-09-29,2020-09-28T09:34:08
damlbmp_zone,2020-09-30,2020-09-29T09:33:04
damlbmp_zone,2020-10-01,2020-09-30T09:34:04
damlbmp_zone,2020-10-02,2020-10-01T09:34:06
damlbmp_zone,2020-10-03,2020-10-02T09:34:06
damlbmp_zone,2020-10-04,2020-10-03T09:32:06
damlbmp_zone,2020-10-05,2020-10-04T09:32:06
damlbmp_zone,2020-10-06,2020-10-05T09:33:06
damlbmp_zone,2020-10-07,2020-10-06T09:33:04
damlbmp_zone,2020-10-08,2020-10-07T09:33:04
damlbmp_zone,2020-10-09,2020-10-08T09:33:04
damlbmp_zone,2020-10-10,2020-10-09T09:34:04
damlbmp_zone,2020-10-11,2020-10-10T09:33:04
damlbmp_zone,2020-10-12,2020-10-11T09:34:04
damlbmp_zone,2020-10-13,2020-10-12T09:33:04
damlbmp_zone,2020-10-14,2020-10-13T09:33:04
damlbmp_zone,2020-10-15,2020-10-14T09:34:04
damlbmp_zone,2020-10-16,2020-10-15T09:33:04
damlbmp_zone,2020-10-17,2020-10-16T09:34:04
damlbmp_zone,2020-10-18,2020-10-17T09:33:04
damlbmp_zone,2020-10-19,2020-10-18T09:35:06
damlbmp_zone,2020-10-20,2020-10-19T09:34:06
damlbmp_zone,2020-10-21,2020-10-20T09:32:06
damlbmp_zone,2020-10-22,2020-10-21T09:32:04
damlbmp_zone,2020-10-23,2020-10-22T09:32:08
damlbmp_zone,2020-10-24,2020-10-23T09:33:04
damlbmp_zone,2020-10-25,2020-10-24T09:38:04
damlbmp_zone,2020-10-26,2020-10-25T09:33:04
damlbmp_zone,2020-10-27,2020-10-26T09:33:06
damlbmp_zone,2020-10-28,2020-10-27T09:33:04
damlbmp_zone,2020-10-29,2020-10-28T09:33:04
damlbmp_zone,2020-10-30,2020-10-29T09:33:04
damlbmp_zone,2020-10-31,2020-10-30T09:31:04
damlbmp_zone,2020-11-01,2020-10-31T09:34:04
damlbmp_zone,2020-11-02,2020-11-01T09:33:04
damlbmp_zone,2020-11-03,2020-11-02T09:33:06
damlbmp_zone,2020-11-04,2020-11-03T09:33:04
damlbmp_zone,2020-11-05,2020-11-04T09:34:04
damlbmp_zone,2020-11-06,2020-11-05T09:35:06
damlbmp_zone,2020-11-07,2020-11-06T09:35:06
damlbmp_zone,2020-11-08,2020-11-07T09:35:04
damlbmp_zone,2020-11-09,2020-11-08T09:34:06
damlbmp_zone,2020-11-10,2020-11-09T09:33:04
damlbmp_zone,2020-11-11,2020-11-10T09:33:04
damlbmp_zone,2020-11-12,2020-11-11T09:33:04
damlbmp_zone,2020-11-13,2020-11-12T09:34:04
damlbmp_zone,2020-11-14,2020-11-13T09:33:06
damlbmp_zone,2020-11-15,2020-11-14T09:32:04
damlbmp_zone,2020-11-16,2020-11-15T09:33:04
damlbmp_zone,2020-11-17,2020-11-16T09:32:04
damlbmp_zone,2020-11-18,2020-11-17T09:34:04
damlbmp_zone,2020-11-19,2020-11-18T09:32:04
damlbmp_zone,2020-11-20,2020-11-19T09:33:04
damlbmp_zone,2020-11-21,2020-11-20T09:33:04
damlbmp_zone,2020-11-22,2020-11-21T09:34:04
damlbmp_zone,2020-11-23,2020-11-22T09:35:04
damlbmp_zone,2020-11-24,2020-11-23T09:33:06
damlbmp_zone,2020-11-25,2020-11-24T09:33:04
damlbmp_zone,2020-11-26,2020-11-25T09:43:04
damlbmp_zone,2020-11-27,2020-11-26T09:33:04
damlbmp_zone,2020-11-28,2020-11-27T09:33:04
damlbmp_zone,2020-11-29,2020-11-28T09:33:04
damlbmp_zone,2020-11-30,2020-11-29T09:33:04
damlbmp_zone,2020-12-01,2020-11-30T09:33:04
damlbmp_zone,2020-12-02,2020-12-01T09:33:04
damlbmp_zone,2020-12-03,2020-12-02T09:32:04
damlbmp_zone,2020-12-04,2020-12-03T09:33:04
damlbmp_zone,2020-12-05,2020-12-04T09:33:04
damlbmp_zone,2020-12-06,2020-12-05T09:34:04
damlbmp_zone,2020-12-07,2020-12-06T09:33:04
damlbmp_zone,2020-12-08,2020-12-07T09:33:04
damlbmp_zone,2020-12-09,2020-12-08T09:34:04
damlbmp_zone,2020-12-10,2020-12-09T09:32:04
damlbmp_zone,2020-12-11,2020-12-10T09:33:04
damlbmp_zone,2020-12-12,2020-12-11T09:32:04
damlbmp_zone,2020-12-13,2020-12-12T09:34:04
damlbmp_zone,2020-12-14,2020-12-13T09:33:04
damlbmp_zone,2020-12-15,2020-12-14T09:33:04
damlbmp_zone,2020-12-16,2020-12-15T09:35:04
damlbmp_zone,2020-12-17,2020-12-16T09:35:04
damlbmp_zone,2020-12-18,2020-12-17T09:35:04
damlbmp_zone,2020-12-19,2020-12-18T09:35:04
damlbmp_zone,2020-12-20,2020-12-19T09:33:06
damlbmp_zone,2020-12-21,2020-12-20T09:34:06
damlbmp_zone,2020-12-22,2020-12-21T09:33:04
damlbmp_zone,2020-12-23,2020-12-22T09:35:06
damlbmp_zone,2020-12-24,2020-12-23T09:34:04
damlbmp_zone,2020-12-25,2020-12-24T09:33:04
damlbmp_zone,2020-12-26,2020-12-25T09:34:04
damlbmp_zone,2020-12-27,2020-12-26T09:33:04
damlbmp_zone,2020-12-28,2020-12-27T09:33:04
damlbmp_zone,2020-12-29,2020-12-28T09:33:04
damlbmp_zone,2020-12-30,2020-12-29T09:33:04
damlbmp_zone,2020-12-31,2020-12-30T09:33:06
damlbmp_zone,2021-01-01,2020-12-31T09:35:06
damlbmp_zone,2021-01-02,2021-01-01T09:33:06
damlbmp_zone,2021-01-03,2021-01-02T09:33:06
damlbmp_zone,2021-01-04,2021-01-03T09:32:06
damlbmp_zone,2021-01-05,2021-01-04T09:36:06
damlbmp_zone,2021-01-06,2021-01-05T09:33:06
damlbmp_zone,2021-01-07,2021-01-06T09:33:04
damlbmp_zone,2021-01-08,2021-01-07T09:33:04
damlbmp_zone,2021-01-09,2021-01-08T09:34:06
damlbmp_zone,2021-01-10,2021-01-09T09:34:06
damlbmp_zone,2021-01-11,2021-01-10T09:33:04
damlbmp_zone,2021-01-12,2021-01-11T09:34:04
damlbmp_zone,2021-01-13,2021-01-12T09:33:04
damlbmp_zone,2021-01-14,2021-01-13T09:39:04
damlbmp_zone,2021-01-15,2021-01-14T09:34:04
damlbmp_zone,2021-01-16,2021-01-15T09:33:04
damlbmp_zone,2021-01-17,2021-01-16T09:35:04
damlbmp_zone,2021-01-18,2021-01-17T09:34:04
damlbmp_zone,2021-01-19,2021-01-18T09:34:04
damlbmp_zone,2021-01-20,2021-01-19T09:34:06
damlbmp_zone,2021-01-21,2021-01-20T09:33:06
damlbmp_zone,2021-01-22,2021-01-21T09:33:06
damlbmp_zone,2021-01-23,2021-01-22T09:34:06
damlbmp_zone,2021-01-24,2021-01-23T09:34:04
damlbmp_zone,2021-01-25,2021-01-24T09:40:06
damlbmp_zone,2021-01-26,2021-01-25T09:34:04
damlbmp_zone,2021-01-27,2021-01-26T09:38:52
damlbmp_zone,2021-01-28,2021-01-27T09:34:06
damlbmp_zone,2021-01-29,2021-01-28T09:35:06
damlbmp_zone,2021-01-30,2021-01-29T09:34:04
damlbmp_zone,2021-01-31,2021-01-30T09:33:04
damlbmp_zone,2021-02-01,2021-01-31T09:34:04
damlbmp_zone,2021-02-02,2021-02-01T09:33:06
damlbmp_zone,2021-02-03,2021-02-02T09:34:06
damlbmp_zone,2021-02-04,2021-02-03T09:38:06
damlbmp_zone,2021-02-05,2021-02-04T09:33:06
damlbmp_zone,2021-02-06,2021-02-05T09:34:06
damlbmp_zone,2021-02-07,2021-02-06T09:34:04
damlbmp_zone,2021-02-08,2021-02-07T09:33:04
damlbmp_zone,2021-02-09,2021-02-08T09:32:06
damlbmp_zone,2021-02-10,2021-02-09T09:33:04
damlbmp_zone,2021-02-11,2021-02-10T09:33:04
damlbmp_zone,2021-02-12,2021-02-11T09:34:06
damlbmp_zone,2021-02-13,2021-02-12T09:33:06
damlbmp_zone,2021-02-14,2021-02-13T09:33:04
damlbmp_zone,2021-02-15,2021-02-14T09:32:04
damlbmp_zone,2021-02-16,2021-02-15T09:32:06
damlbmp_zone,2021-02-17,2021-02-16T09:40:04
damlbmp_zone,2021-02-18,2021-02-17T09:33:06
damlbmp_zone,2021-02-19,2021-02-18T09:33:04
damlbmp_zone,2021-02-20,2021-02-19T09:33:06
damlbmp_zone,2021-02-21,2021-02-20T09:34:06
damlbmp_zone,2021-02-22,2021-02-21T09:34:04
damlbmp_zone,2021-02-23,2021-02-22T09:34:04
damlbmp_zone,2021-02-24,2021-02-23T09:33:06
damlbmp_zone,2021-02-25,2021-02-24T09:32:04
damlbmp_zone,2021-02-26,2021-02-25T09:32:04
damlbmp_zone,2021-02-27,2021-02-26T09:32:04
damlbmp_zone,2021-02-28,2021-02-27T09:33:04
damlbmp_zone,2021-03-01,2021-02-28T09:34:04
damlbmp_zone,2021-03-02,2021-03-01T09:33:06
damlbmp_zone,2021-03-03,2021-03-02T09:33:06
damlbmp_zone,2021-03-04,2021-03-03T09:33:04
damlbmp_zone,2021-03-05,2021-03-04T09:33:06
damlbmp_zone,2021-03-06,2021-03-05T09:33:04
damlbmp_zone,2021-03-07,2021-03-06T09:33:04
damlbmp_zone,2021-03-08,2021-03-07T09:33:06
damlbmp_zone,2021-03-09,2021-03-08T09:34:06
damlbmp_zone,2021-03-10,2021-03-09T09:34:06
damlbmp_zone,2021-03-11,2021-03-10T09:35:06
damlbmp_zone,2021-03-12,2021-03-11T09:30:06
damlbmp_zone,2021-03-13,2021-03-12T09:34:06
damlbmp_zone,2021-03-14,2021-03-13T09:33:06
damlbmp_zone,2021-03-15,2021-03-14T09:33:04
damlbmp_zone,2021-03-16,2021-03-15T09:33:04
damlbmp_zone,2021-03-17,2021-03-16T09:33:06
damlbmp_zone,2021-03-18,2021-03-17T09:33:06
damlbmp_zone,2021-03-19,2021-03-18T09:43:06
damlbmp_zone,2021-03-20,2021-03-19T09:33:04
damlbmp_zone,2021-03-21,2021-03-20T09:32:06
damlbmp_zone,2021-03-22,2021-03-21T09:32:04
damlbmp_zone,2021-03-23,2021-03-22T09:32:08
damlbmp_zone,2021-03-24,2021-03-23T09:35:06
damlbmp_zone,2021-03-25,2021-03-24T09:34:06
damlbmp_zone,2021-03-26,2021-03-25T09:33:06
damlbmp_zone,2021-03-27,2021-03-26T09:34:04
damlbmp_zone,2021-03-28,2021-03-27T09:33:04
damlbmp_zone,2021-03-29,2021-03-28T09:33:04
damlbmp_zone,2021-03-30,2021-03-29T09:32:04
damlbmp_zone,2021-03-31,2021-03-30T09:33:06
damlbmp_zone,2021-04-01,2021-03-31T09:34:04
damlbmp_zone,2021-04-02,2021-04-01T09:34:04
damlbmp_zone,2021-04-03,2021-04-02T09:33:06
damlbmp_zone,2021-04-04,2021-04-03T09:33:04
damlbmp_zone,2021-04-05,2021-04-04T09:34:04
damlbmp_zone,2021-04-06,2021-04-05T09:35:06
damlbmp_zone,2021-04-07,2021-04-06T09:33:04
damlbmp_zone,2021-04-08,2021-04-07T09:32:04
damlbmp_zone,2021-04-09,2021-04-08T09:33:04
damlbmp_zone,2021-04-10,2021-04-09T09:34:04
damlbmp_zone,2021-04-11,2021-04-10T09:32:06
damlbmp_zone,2021-04-12,2021-04-11T09:32:04
damlbmp_zone,2021-04-13,2021-04-12T09:32:04
damlbmp_zone,2021-04-14,2021-04-13T09:32:04
damlbmp_zone,2021-04-15,2021-04-14T09:31:04
damlbmp_zone,2021-04-16,2021-04-15T09:32:06
damlbmp_zone,2021-04-17,2021-04-16T09:31:04
damlbmp_zone,2021-04-18,2021-04-17T09:32:04
damlbmp_zone,2021-04-19,2021-04-18T09:32:06
damlbmp_zone,2021-04-20,2021-04-19T09:37:06
damlbmp_zone,2021-04-21,2021-04-20T09:32:06
damlbmp_zone,2021-04-22,2021-04-21T09:36:06
damlbmp_zone,2021-04-23,2021-04-22T09:34:04
damlbmp_zone,2021-04-24,2021-04-23T09:32:04
damlbmp_zone,2021-04-25,2021-04-24T09:32:06
damlbmp_zone,2021-04-26,2021-04-25T09:32:06
damlbmp_zone,2021-04-27,2021-04-26T09:32:06
damlbmp_zone,2021-04-28,2021-04-27T09:32:24
damlbmp_zone,2021-04-29,2021-04-28T09:32:04
damlbmp_zone,2021-04-30,2021-04-29T09:32:06
damlbmp_zone,2021-05-01,2021-04-30T09:32:06
damlbmp_zone,2021-05-02,2021-05-01T09:32:06
damlbmp_zone,2021-05-03,2021-05-02T09:31:06
damlbmp_zone,2021-05-04,2021-05-03T09:32:08
damlbmp_zone,2021-05-05,2021-05-04T09:32:06
damlbmp_zone,2021-05-06,2021-05-05T09:32:06
damlbmp_zone,2021-05-07,2021-05-06T09:32:06
damlbmp_zone,2021-05-08,2021-05-07T09:33:04
damlbmp_zone,2021-05-09,2021-05-08T09:32:04
damlbmp_zone,2021-05-10,2021-05-09T09:32:06
damlbmp_zone,2021-05-11,2021-05-10T09:32:06
damlbmp_zone,2021-05-12,2021-05-11T09:33:04
damlbmp_zone,2021-05-13,2021-05-12T09:34:06
damlbmp_zone,2021-05-14,2021-05-13T09:32:06
damlbmp_zone,2021-05-15,2021-05-14T09:32:06
damlbmp_zone,2021-05-16,2021-05-15T09:33:08
damlbmp_zone,2021-05-17,2021-05-16T09:33:04
damlbmp_zone,2021-05-18,2021-05-17T09:34:06
damlbmp_zone,2021-05-19,2021-05-18T09:32:04
damlbmp_zone,2021-05-20,2021-05-19T09:32:06
damlbmp_zone,2021-05-21,2021-05-20T09:32:08
damlbmp_zone,2021-05-22,2021-05-21T09:32:06
damlbmp_zone,2021-05-23,2021-05-22T09:32:06
damlbmp_zone,2021-05-24,2021-05-23T09:33:06
damlbmp_zone,2021-05-25,2021-05-24T09:32:08
damlbmp_zone,2021-05-26,2021-05-25T09:32:06
damlbmp_zone,2021-05-27,2021-05-26T09:34:08
damlbmp_zone,2021-05-28,2021-05-27T09:34:04
damlbmp_zone,2021-05-29,2021-05-28T09:32:06
damlbmp_zone,2021-05-30,2021-05-29T09:32:06
damlbmp_zone,2021-05-31,2021-05-30T09:32:06
damlbmp_zone,2021-06-01,2021-05-31T09:33:04
damlbmp_zone,2021-06-02,2021-06-01T09:32:06
damlbmp_zone,2021-06-03,2021-06-02T09:35:06
damlbmp_zone,2021-06-04,2021-06-03T09:33:04
damlbmp_zone,2021-06-05,2021-06-04T09:34:06
damlbmp_zone,2021-06-06,2021-06-05T09:32:06
damlbmp_zone,2021-06-07,2021-06-06T09:32:06
damlbmp_zone,2021-06-08,2021-06-07T09:32:06
damlbmp_zone,2021-06-09,2021-06-08T09:32:06
damlbmp_zone,2021-06-10,2021-06-09T09:32:06
damlbmp_zone,2021-06-11,2021-06-10T09:33:04
damlbmp_zone,2021-06-12,2021-06-11T09:33:06
damlbmp_zone,2021-06-13,2021-06-12T09:31:04
damlbmp_zone,2021-06-14,2021-06-13T09:35:06
damlbmp_zone,2021-06-15,2021-06-14T09:31:06
damlbmp_zone,2021-06-16,2021-06-15T09:32:06
damlbmp_zone,2021-06-17,2021-06-16T09:35:08
damlbmp_zone,2021-06-18,2021-06-17T09:32:04
damlbmp_zone,2021-06-19,2021-06-18T09:32:06
damlbmp_zone,2021-06-20,2021-06-19T09:32:06
damlbmp_zone,2021-06-21,2021-06-20T09:33:06
damlbmp_zone,2021-06-22,2021-06-21T09:33:04
damlbmp_zone,2021-06-23,2021-06-22T09:32:06
damlbmp_zone,2021-06-24,2021-06-23T09:33:04
damlbmp_zone,2021-06-25,2021-06-24T09:32:06
damlbmp_zone,2021-06-26,2021-06-25T09:32:06
damlbmp_zone,2021-06-27,2021-06-26T09:34:04
damlbmp_zone,2021-06-28,2021-06-27T09:34:04
damlbmp_zone,2021-06-29,2021-06-28T09:37:06
damlbmp_zone,2021-06-30,2021-06-29T09:33:04
damlbmp_zone,2021-07-01,2021-06-30T09:34:04
damlbmp_zone,2021-07-02,2021-07-01T09:32:06
damlbmp_zone,2021-07-03,2021-07-02T09:32:06
damlbmp_zone,2021-07-04,2021-07-03T09:33:04
damlbmp_zone,2021-07-05,2021-07-04T09:32:06
damlbmp_zone,2021-07-06,2021-07-05T09:32:04
damlbmp_zone,2021-07-07,2021-07-06T09:32:06
damlbmp_zone,2021-07-08,2021-07-07T09:32:06
damlbmp_zone,2021-07-09,2021-07-08T09:32:06
damlbmp_zone,2021-07-10,2021-07-09T09:31:04
damlbmp_zone,2021-07-11,2021-07-10T09:32:04
damlbmp_zone,2021-07-12,2021-07-11T09:33:04
damlbmp_zone,2021-07-13,2021-07-12T09:33:06
damlbmp_zone,2021-07-14,2021-07-13T09:33:04
damlbmp_zone,2021-07-15,2021-07-14T09:33:04
damlbmp_zone,2021-07-16,2021-07-15T09:34:04
damlbmp_zone,2021-07-17,2021-07-16T09:34:04
damlbmp_zone,2021-07-18,2021-07-17T09:32:04
damlbmp_zone,2021-07-19,2021-07-18T09:35:06
damlbmp_zone,2021-07-20,2021-07-19T09:33:04
damlbmp_zone,2021-07-21,2021-07-20T09:33:04
damlbmp_zone,2021-07-22,2021-07-21T09:33:04
damlbmp_zone,2021-07-23,2021-07-22T09:33:06
damlbmp_zone,2021-07-24,2021-07-23T09:33:04
damlbmp_zone,2021-07-25,2021-07-24T09:32:08
damlbmp_zone,2021-07-26,2021-07-25T09:33:04
damlbmp_zone,2021-07-27,2021-07-26T09:33:04
damlbmp_zone,2021-07-28,2021-07-27T09:34:04
damlbmp_zone,2021-07-29,2021-07-28T09:33:04
damlbmp_zone,2021-07-30,2021-07-29T09:33:04
damlbmp_zone,2021-07-31,2021-07-30T09:33:04
damlbmp_zone,2021-08-01,2021-07-31T09:32:06
damlbmp_zone,2021-08-02,2021-08-01T09:33:06
damlbmp_zone,2021-08-03,2021-08-02T09:32:08
damlbmp_zone,2021-08-04,2021-08-03T09:33:06
damlbmp_zone,2021-08-05,2021-08-04T09:32:06
damlbmp_zone,2021-08-06,2021-08-05T09:33:04
damlbmp_zone,2021-08-07,2021-08-06T09:33:04
damlbmp_zone,2021-08-08,2021-08-07T09:32:06
damlbmp_zone,2021-08-09,2021-08-08T09:33:04
damlbmp_zone,2021-08-10,2021-08-09T09:33:06
damlbmp_zone,2021-08-11,2021-08-10T09:33:04
damlbmp_zone,2021-08-12,2021-08-11T09:33:06
damlbmp_zone,2021-08-13,2021-08-12T09:33:04
damlbmp_zone,2021-08-14,2021-08-13T09:33:04
damlbmp_zone,2021-08-15,2021-08-14T09:34:04
damlbmp_zone,2021-08-16,2021-08-15T09:32:06
damlbmp_zone,2021-08-17,2021-08-16T09:32:04
damlbmp_zone,2021-08-18,2021-08-17T09:32:06
damlbmp_zone,2021-08-19,2021-08-18T09:33:04
damlbmp_zone,2021-08-20,2021-08-19T09:33:04
damlbmp_zone,2021-08-21,2021-08-20T09:33:06
damlbmp_zone,2021-08-22,2021-08-21T09:33:04
damlbmp_zone,2021-08-23,2021-08-22T09:33:04
damlbmp_zone,2021-08-24,2021-08-23T09:33:04
damlbmp_zone,2021-08-25,2021-08-24T09:33:04
damlbmp_zone,2021-08-26,2021-08-25T09:33:04
damlbmp_zone,2021-08-27,2021-08-26T09:33:06
damlbmp_zone,2021-08-28,2021-08-27T09:32:08
damlbmp_zone,2021-08-29,2021-08-28T09:32:06
damlbmp_zone,2021-08-30,2021-08-29T09:32:06
damlbmp_zone,2021-08-31,2021-08-30T09:32:06
damlbmp_zone,2021-09-01,2021-08-31T09:33:04
damlbmp_zone,2021-09-02,2021-09-01T09:32:06
damlbmp_zone,2021-09-03,2021-09-02T09:32:06
damlbmp_zone,2021-09-04,2021-09-03T09:32:08
damlbmp_zone,2021-09-05,2021-09-04T09:32:06
damlbmp_zone,2021-09-06,2021-09-05T09:32:08
damlbmp_zone,2021-09-07,2021-09-06T09:31:04
damlbmp_zone,2021-09-08,2021-09-07T09:33:04
damlbmp_zone,2021-09-09,2021-09-08T09:33:04
damlbmp_zone,2021-09-10,2021-09-09T09:33:06
damlbmp_zone,2021-09-11,2021-09-10T09:33:04
damlbmp_zone,2021-09-12,2021-09-11T09:32:06
damlbmp_zone,2021-09-13,2021-09-12T09:32:06
damlbmp_zone,2021-09-14,2021-09-13T09:33:06
damlbmp_zone,2021-09-15,2021-09-14T09:33:06
damlbmp_zone,2021-09-16,2021-09-15T09:34:06
damlbmp_zone,2021-09-17,2021-09-16T09:33:04
damlbmp_zone,2021-09-18,2021-09-17T09:33:04
damlbmp_zone,2021-09-19,2021-09-18T09:31:40
damlbmp_zone,2021-09-20,2021-09-19T09:32:06
damlbmp_zone,2021-09-21,2021-09-20T09:33:06
damlbmp_zone,2021-09-22,2021-09-21T09:33:06
damlbmp_zone,2021-09-23,2021-09-22T09:33:06
damlbmp_zone,2021-09-24,2021-09-23T09:32:06
damlbmp_zone,2021-09-25,2021-09-24T09:34:06
damlbmp_zone,2021-09-26,2021-09-25T09:33:06
damlbmp_zone,2021-09-27,2021-09-26T09:33:06
damlbmp_zone,2021-09-28,2021-09-27T09:43:06
damlbmp_zone,2021-09-29,2021-09-28T09:34:04
damlbmp_zone,2021-09-30,2021-09-29T09:33:06
damlbmp_zone,2021-10-01,2021-09-30T09:32:04
damlbmp_zone,2021-10-02,2021-10-01T09:33:06
damlbmp_zone,2021-10-03,2021-10-02T09:34:04
damlbmp_zone,2021-10-04,2021-10-03T09:33:04
damlbmp_zone,2021-10-05,2021-10-04T09:33:06
damlbmp_zone,2021-10-06,2021-10-05T09:33:06
damlbmp_zone,2021-10-07,2021-10-06T09:34:06
damlbmp_zone,2021-10-08,2021-10-07T09:34:04
damlbmp_zone,2021-10-09,2021-10-08T09:33:04
damlbmp_zone,2021-10-10,2021-10-09T09:33:04
damlbmp_zone,2021-10-11,2021-10-10T09:37:06
damlbmp_zone,2021-10-12,2021-10-11T09:32:06
damlbmp_zone,2021-10-13,2021-10-12T09:31:06
damlbmp_zone,2021-10-14,2021-10-13T09:32:06
damlbmp_zone,2021-10-15,2021-10-14T09:34:08
damlbmp_zone,2021-10-16,2021-10-15T09:31:06
damlbmp_zone,2021-10-17,2021-10-16T09:32:06
damlbmp_zone,2021-10-18,2021-10-17T09:32:06
damlbmp_zone,2021-10-19,2021-10-18T09:32:14
damlbmp_zone,2021-10-20,2021-10-19T09:34:06
damlbmp_zone,2021-10-21,2021-10-20T09:32:06
damlbmp_zone,2021-10-22,2021-10-21T09:32:06
damlbmp_zone,2021-10-23,2021-10-22T09:33:06
damlbmp_zone,2021-10-24,2021-10-23T09:36:36
damlbmp_zone,2021-10-25,2021-10-24T09:33:06
damlbmp_zone,2021-10-26,2021-10-25T09:31:04
damlbmp_zone,2021-10-27,2021-10-26T09:31:04
damlbmp_zone,2021-10-28,2021-10-27T09:50:06
damlbmp_zone,2021-10-29,2021-10-28T09:32:06
damlbmp_zone,2021-10-30,2021-10-29T09:32:06
damlbmp_zone,2021-10-31,2021-10-30T09:32:06
damlbmp_zone,2021-11-01,2021-10-31T09:33:04
damlbmp_zone,2021-11-02,2021-11-01T09:32:06
damlbmp_zone,2021-11-03,2021-11-02T09:34:06
damlbmp_zone,2021-11-04,2021-11-03T09:32:06
damlbmp_zone,2021-11-05,2021-11-04T09:32:10
damlbmp_zone,2021-11-06,2021-11-05T09:32:06
damlbmp_zone,2021-11-07,2021-11-06T09:32:06
damlbmp_zone,2021-11-08,2021-11-07T09:32:06
damlbmp_zone,2021-11-09,2021-11-08T09:33:04
damlbmp_zone,2021-11-10,2021-11-09T09:32:04
damlbmp_zone,2021-11-11,2021-11-10T09:31:04
damlbmp_zone,2021-11-12,2021-11-11T09:33:06
damlbmp_zone,2021-11-13,2021-11-12T09:31:06
damlbmp_zone,2021-11-14,2021-11-13T09:31:04
damlbmp_zone,2021-11-15,2021-11-14T09:32:06
damlbmp_zone,2021-11-16,2021-11-15T09:34:06
damlbmp_zone,2021-11-17,2021-11-16T09:32:06
damlbmp_zone,2021-11-18,2021-11-17T09:32:06
damlbmp_zone,2021-11-19,2021-11-18T09:32:08
damlbmp_zone,2021-11-20,2021-11-19T09:32:06
damlbmp_zone,2021-11-21,2021-11-20T09:32:06
damlbmp_zone,2021-11-22,2021-11-21T09:32:06
damlbmp_zone,2021-11-23,2021-11-22T09:32:06
damlbmp_zone,2021-11-24,2021-11-23T09:33:04
damlbmp_zone,2021-11-25,2021-11-24T09:34:04
damlbmp_zone,2021-11-26,2021-11-25T09:31:06
damlbmp_zone,2021-11-27,2021-11-26T09:31:04
damlbmp_zone,2021-11-28,2021-11-27T09:32:06
damlbmp_zone,2021-11-29,2021-11-28T09:34:06
damlbmp_zone,2021-11-30,2021-11-29T09:32:04
damlbmp_zone,2021-12-01,2021-11-30T09:34:04
damlbmp_zone,2021-12-02,2021-12-01T09:32:06
damlbmp_zone,2021-12-03,2021-12-02T09:32:06
damlbmp_zone,2021-12-04,2021-12-03T09:32:08
damlbmp_zone,2021-12-05,2021-12-04T09:33:04
damlbmp_zone,2021-12-06,2021-12-05T09:32:06
damlbmp_zone,2021-12-07,2021-12-06T09:32:04
damlbmp_zone,2021-12-08,2021-12-07T09:32:06
damlbmp_zone,2021-12-09,2021-12-08T09:32:04
damlbmp_zone,2021-12-10,2021-12-09T09:32:06
damlbmp_zone,2021-12-11,2021-12-10T09:32:04
damlbmp_zone,2021-12-12,2021-12-11T09:32:04
damlbmp_zone,2021-12-13,2021-12-12T09:33:04
damlbmp_zone,2021-12-14,2021-12-13T09:32:06
damlbmp_zone,2021-12-15,2021-12-14T09:31:04
damlbmp_zone,2021-12-16,2021-12-15T09:31:04
damlbmp_zone,2021-12-17,2021-12-16T09:31:06
damlbmp_zone,2021-12-18,2021-12-17T09:31:04
damlbmp_zone,2021-12-19,2021-12-18T09:32:06
damlbmp_zone,2021-12-20,2021-12-19T09:32:08
damlbmp_zone,2021-12-21,2021-12-20T09:32:06
damlbmp_zone,2021-12-22,2021-12-21T09:33:04
damlbmp_zone,2021-12-23,2021-12-22T09:33:04
damlbmp_zone,2021-12-24,2021-12-23T09:32:06
damlbmp_zone,2021-12-25,2021-12-24T09:32:06
damlbmp_zone,2021-12-26,2021-12-25T09:34:04
damlbmp_zone,2021-12-27,2021-12-26T09:35:06
damlbmp_zone,2021-12-28,2021-12-27T09:32:08
damlbmp_zone,2021-12-29,2021-12-28T09:33:04
damlbmp_zone,2021-12-30,2021-12-29T09:32:08
damlbmp_zone,2021-12-31,2021-12-30T09:33:04
damlbmp_zone,2022-01-01,2021-12-31T09:32:06
damlbmp_zone,2022-01-02,2022-01-01T09:32:08
damlbmp_zone,2022-01-03,2022-01-02T09:32:06
damlbmp_zone,2022-01-04,2022-01-03T09:34:04
damlbmp_zone,2022-01-05,2022-01-04T09:32:06
damlbmp_zone,2022-01-06,2022-01-05T09:32:04
damlbmp_zone,2022-01-07,2022-01-06T09:33:04
damlbmp_zone,2022-01-08,2022-01-07T09:32:06
damlbmp_zone,2022-01-09,2022-01-08T09:32:04
damlbmp_zone,2022-01-10,2022-01-09T09:33:04
damlbmp_zone,2022-01-11,2022-01-10T09:33:04
damlbmp_zone,2022-01-12,2022-01-11T09:32:04
damlbmp_zone,2022-01-13,2022-01-12T09:33:06
damlbmp_zone,2022-01-14,2022-01-13T09:35:06
damlbmp_zone,2022-01-15,2022-01-14T09:33:06
damlbmp_zone,2022-01-16,2022-01-15T09:32:06
damlbmp_zone,2022-01-17,2022-01-16T09:34:06
damlbmp_zone,2022-01-18,2022-01-17T09:34:06
damlbmp_zone,2022-01-19,2022-01-18T09:33:04
damlbmp_zone,2022-01-20,2022-01-19T09:32:06
damlbmp_zone,2022-01-21,2022-01-20T09:32:04
damlbmp_zone,2022-01-22,2022-01-21T09:35:06
damlbmp_zone,2022-01-23,2022-01-22T09:32:06
damlbmp_zone,2022-01-24,2022-01-23T09:32:06
damlbmp_zone,2022-01-25,2022-01-24T09:32:08
damlbmp_zone,2022-01-26,2022-01-25T09:32:06
damlbmp_zone,2022-01-27,2022-01-26T09:32:06
damlbmp_zone,2022-01-28,2022-01-27T09:32:06
damlbmp_zone,2022-01-29,2022-01-28T09:33:06
damlbmp_zone,2022-01-30,2022-01-29T09:32:04
damlbmp_zone,2022-01-31,2022-01-30T09:32:04
damlbmp_zone,2022-02-01,2022-01-31T09:33:06
damlbmp_zone,2022-02-02,2022-02-01T09:33:06
damlbmp_zone,2022-02-03,2022-02-02T09:33:06
damlbmp_zone,2022-02-04,2022-02-03T09:32:04
damlbmp_zone,2022-02-05,2022-02-04T09:33:06
damlbmp_zone,2022-02-06,2022-02-05T09:32:06
damlbmp_zone,2022-02-07,2022-02-06T09:32:06
damlbmp_zone,2022-02-08,2022-02-07T09:33:06
damlbmp_zone,2022-02-09,2022-02-08T09:33:04
damlbmp_zone,2022-02-10,2022-02-09T09:32:06
damlbmp_zone,2022-02-11,2022-02-10T09:32:04
damlbmp_zone,2022-02-12,2022-02-11T09:32:06
damlbmp_zone,2022-02-13,2022-02-12T09:35:06
damlbmp_zone,2022-02-14,2022-02-13T09:33:06
damlbmp_zone,2022-02-15,2022-02-14T09:33:06
damlbmp_zone,2022-02-16,2022-02-15T09:33:06
damlbmp_zone,2022-02-17,2022-02-16T09:32:06
damlbmp_zone,2022-02-18,2022-02-17T09:33:04
damlbmp_zone,2022-02-19,2022-02-18T09:32:06
damlbmp_zone,2022-02-20,2022-02-19T09:32:04
damlbmp_zone,2022-02-21,2022-02-20T09:32:06
damlbmp_zone,2022-02-22,2022-02-21T09:33:04
damlbmp_zone,2022-02-23,2022-02-22T09:32:06
damlbmp_zone,2022-02-24,2022-02-23T09:32:06
damlbmp_zone,2022-02-25,2022-02-24T09:34:04
damlbmp_zone,2022-02-26,2022-02-25T09:35:06
damlbmp_zone,2022-02-27,2022-02-26T09:32:04
damlbmp_zone,2022-02-28,2022-02-27T09:33:06
damlbmp_zone,2022-03-01,2022-02-28T09:34:06
damlbmp_zone,2022-03-02,2022-03-01T09:32:06
damlbmp_zone,2022-03-03,2022-03-02T09:33:06
damlbmp_zone,2022-03-04,2022-03-03T09:33:04
damlbmp_zone,2022-03-05,2022-03-04T09:32:08
damlbmp_zone,2022-03-06,2022-03-05T09:32:04
damlbmp_zone,2022-03-07,2022-03-06T09:32:06
damlbmp_zone,2022-03-08,2022-03-07T09:32:06
damlbmp_zone,2022-03-09,2022-03-08T09:32:04
damlbmp_zone,2022-03-10,2022-03-09T09:31:06
damlbmp_zone,2022-03-11,2022-03-10T09:31:06
damlbmp_zone,2022-03-12,2022-03-11T09:31:06
damlbmp_zone,2022-03-13,2022-03-12T09:32:06
damlbmp_zone,2022-03-14,2022-03-13T10:59:04
damlbmp_zone,2022-03-15,2022-03-14T09:32:04
damlbmp_zone,2022-03-16,2022-03-15T09:32:06
damlbmp_zone,2022-03-17,2022-03-16T09:32:02
damlbmp_zone,2022-03-18,2022-03-17T09:32:02
damlbmp_zone,2022-03-19,2022-03-18T09:31:04
damlbmp_zone,2022-03-20,2022-03-19T09:34:04
damlbmp_zone,2022-03-21,2022-03-20T09:32:02
damlbmp_zone,2022-03-22,2022-03-21T09:32:06
damlbmp_zone,2022-03-23,2022-03-22T09:32:04
damlbmp_zone,2022-03-24,2022-03-23T09:33:04
damlbmp_zone,2022-03-25,2022-03-24T09:32:02
damlbmp_zone,2022-03-26,2022-03-25T09:33:02
damlbmp_zone,2022-03-27,2022-03-26T09:33:02
damlbmp_zone,2022-03-28,2022-03-27T09:33:02
damlbmp_zone,2022-03-29,2022-03-28T09:32:04
damlbmp_zone,2022-03-30,2022-03-29T09:33:02
damlbmp_zone,2022-03-31,2022-03-30T09:33:02
damlbmp_zone,2022-04-01,2022-03-31T09:33:02
damlbmp_zone,2022-04-02,2022-04-01T09:33:02
damlbmp_zone,2022-04-03,2022-04-02T09:31:04
damlbmp_zone,2022-04-04,2022-04-03T09:32:02
damlbmp_zone,2022-04-05,2022-04-04T09:32:08
damlbmp_zone,2022-04-06,2022-04-05T09:33:02
damlbmp_zone,2022-04-07,2022-04-06T09:33:02
damlbmp_zone,2022-04-08,2022-04-07T09:32:04
damlbmp_zone,2022-04-09,2022-04-08T09:32:04
damlbmp_zone,2022-04-10,2022-04-09T09:32:04
damlbmp_zone,2022-04-11,2022-04-10T09:32:04
damlbmp_zone,2022-04-12,2022-04-11T09:32:06
damlbmp_zone,2022-04-13,2022-04-12T09:32:04
damlbmp_zone,2022-04-14,2022-04-13T09:32:04
damlbmp_zone,2022-04-15,2022-04-14T09:32:02
damlbmp_zone,2022-04-16,2022-04-15T09:32:06
damlbmp_zone,2022-04-17,2022-04-16T09:32:04
damlbmp_zone,2022-04-18,2022-04-17T09:31:02
damlbmp_zone,2022-04-19,2022-04-18T09:32:06
damlbmp_zone,2022-04-20,2022-04-19T09:32:04
damlbmp_zone,2022-04-21,2022-04-20T10:08:02
damlbmp_zone,2022-04-22,2022-04-21T09:31:02
damlbmp_zone,2022-04-23,2022-04-22T09:31:02
damlbmp_zone,2022-04-24,2022-04-23T09:32:02
damlbmp_zone,2022-04-25,2022-04-24T09:33:02
damlbmp_zone,2022-04-26,2022-04-25T09:32:08
damlbmp_zone,2022-04-27,2022-04-26T09:33:02
damlbmp_zone,2022-04-28,2022-04-27T09:32:04
damlbmp_zone,2022-04-29,2022-04-28T09:32:04
damlbmp_zone,2022-04-30,2022-04-29T09:32:04
damlbmp_zone,2022-05-01,2022-04-30T09:32:04
damlbmp_zone,2022-05-02,2022-05-01T09:32:04
damlbmp_zone,2022-05-03,2022-05-02T09:33:02
damlbmp_zone,2022-05-04,2022-05-03T09:32:06
damlbmp_zone,2022-05-05,2022-05-04T09:32:04
damlbmp_zone,2022-05-06,2022-05-05T09:32:04
damlbmp_zone,2022-05-07,2022-05-06T09:32:04
damlbmp_zone,2022-05-08,2022-05-07T09:32:04
damlbmp_zone,2022-05-09,2022-05-08T09:32:04
damlbmp_zone,2022-05-10,2022-05-09T09:33:02
damlbmp_zone,2022-05-11,2022-05-10T09:32:04
damlbmp_zone,2022-05-12,2022-05-11T09:33:02
damlbmp_zone,2022-05-13,2022-05-12T09:32:06
damlbmp_zone,2022-05-14,2022-05-13T09:32:08
damlbmp_zone,2022-05-15,2022-05-14T09:33:04
damlbmp_zone,2022-05-16,2022-05-15T09:32:04
damlbmp_zone,2022-05-17,2022-05-16T09:31:02
damlbmp_zone,2022-05-18,2022-05-17T09:32:04
damlbmp_zone,2022-05-19,2022-05-18T09:32:08
damlbmp_zone,2022-05-20,2022-05-19T09:32:04
damlbmp_zone,2022-05-21,2022-05-20T09:33:02
damlbmp_zone,2022-05-22,2022-05-21T09:32:02
damlbmp_zone,2022-05-23,2022-05-22T09:33:02
damlbmp_zone,2022-05-24,2022-05-23T09:32:02
damlbmp_zone,2022-05-25,2022-05-24T09:32:04
damlbmp_zone,2022-05-26,2022-05-25T09:32:02
damlbmp_zone,2022-05-27,2022-05-26T09:32:06
damlbmp_zone,2022-05-28,2022-05-27T09:32:04
damlbmp_zone,2022-05-29,2022-05-28T09:32:02
damlbmp_zone,2022-05-30,2022-05-29T09:32:02
damlbmp_zone,2022-05-31,2022-05-30T09:33:02
damlbmp_zone,2022-06-01,2022-05-31T09:33:02
damlbmp_zone,2022-06-02,2022-06-01T09:32:02
damlbmp_zone,2022-06-03,2022-06-02T09:33:04
damlbmp_zone,2022-06-04,2022-06-03T09:33:02
damlbmp_zone,2022-06-05,2022-06-04T09:32:04
damlbmp_zone,2022-06-06,2022-06-05T09:32:04
damlbmp_zone,2022-06-07,2022-06-06T09:32:04
damlbmp_zone,2022-06-08,2022-06-07T09:32:04
damlbmp_zone,2022-06-09,2022-06-08T09:32:04
damlbmp_zone,2022-06-10,2022-06-09T09:33:02
damlbmp_zone,2022-06-11,2022-06-10T09:32:06
damlbmp_zone,2022-06-12,2022-06-11T09:32:04
damlbmp_zone,2022-06-13,2022-06-12T09:33:02
damlbmp_zone,2022-06-14,2022-06-13T09:33:02
damlbmp_zone,2022-06-15,2022-06-14T09:32:02
damlbmp_zone,2022-06-16,2022-06-15T09:32:04
damlbmp_zone,2022-06-17,2022-06-16T09:33:04
damlbmp_zone,2022-06-18,2022-06-17T09:32:04
damlbmp_zone,2022-06-19,2022-06-18T09:32:04
damlbmp_zone,2022-06-20,2022-06-19T09:32:02
damlbmp_zone,2022-06-21,2022-06-20T09:32:06
damlbmp_zone,2022-06-22,2022-06-21T09:33:02
damlbmp_zone,2022-06-23,2022-06-22T09:32:02
damlbmp_zone,2022-06-24,2022-06-23T09:33:02
damlbmp_zone,2022-06-25,2022-06-24T09:33:04
damlbmp_zone,2022-06-26,2022-06-25T09:32:04
damlbmp_zone,2022-06-27,2022-06-26T09:34:02
damlbmp_zone,2022-06-28,2022-06-27T09:32:04
damlbmp_zone,2022-06-29,2022-06-28T09:34:04
damlbmp_zone,2022-06-30,2022-06-29T09:32:04
damlbmp_zone,2022-07-01,2022-06-30T09:33:02
damlbmp_zone,2022-07-02,2022-07-01T09:35:02
damlbmp_zone,2022-07-03,2022-07-02T09:33:04
damlbmp_zone,2022-07-04,2022-07-03T09:33:04
damlbmp_zone,2022-07-05,2022-07-04T09:33:02
damlbmp_zone,2022-07-06,2022-07-05T09:33:04
damlbmp_zone,2022-07-07,2022-07-06T09:33:02
damlbmp_zone,2022-07-08,2022-07-07T09:33:02
damlbmp_zone,2022-07-09,2022-07-08T09:33:02
damlbmp_zone,2022-07-10,2022-07-09T09:34:02
damlbmp_zone,2022-07-11,2022-07-10T09:33:02
damlbmp_zone,2022-07-12,2022-07-11T09:34:02
damlbmp_zone,2022-07-13,2022-07-12T09:33:02
damlbmp_zone,2022-07-14,2022-07-13T09:33:04
damlbmp_zone,2022-07-15,2022-07-14T09:33:02
damlbmp_zone,2022-07-16,2022-07-15T09:32:04
damlbmp_zone,2022-07-17,2022-07-16T09:33:02
damlbmp_zone,2022-07-18,2022-07-17T09:36:02
damlbmp_zone,2022-07-19,2022-07-18T09:33:02
damlbmp_zone,2022-07-20,2022-07-19T09:33:02
damlbmp_zone,2022-07-21,2022-07-20T09:32:02
damlbmp_zone,2022-07-22,2022-07-21T09:32:02
damlbmp_zone,2022-07-23,2022-07-22T09:33:04
damlbmp_zone,2022-07-24,2022-07-23T09:33:02
damlbmp_zone,2022-07-25,2022-07-24T09:33:02
damlbmp_zone,2022-07-26,2022-07-25T09:33:04
damlbmp_zone,2022-07-27,2022-07-26T09:33:04
damlbmp_zone,2022-07-28,2022-07-27T09:33:02
damlbmp_zone,2022-07-29,2022-07-28T09:34:02
damlbmp_zone,2022-07-30,2022-07-29T09:33:04
damlbmp_zone,2022-07-31,2022-07-30T09:32:02
damlbmp_zone,2022-08-01,2022-07-31T09:33:02
damlbmp_zone,2022-08-02,2022-08-01T09:33:02
damlbmp_zone,2022-08-03,2022-08-02T09:32:04
damlbmp_zone,2022-08-04,2022-08-03T09:33:04
damlbmp_zone,2022-08-05,2022-08-04T09:33:02
damlbmp_zone,2022-08-06,2022-08-05T09:33:02
damlbmp_zone,2022-08-07,2022-08-06T09:32:02
damlbmp_zone,2022-08-08,2022-08-07T09:33:02
damlbmp_zone,2022-08-09,2022-08-08T09:32:04
damlbmp_zone,2022-08-10,2022-08-09T09:33:02
damlbmp_zone,2022-08-11,2022-08-10T09:33:02
damlbmp_zone,2022-08-12,2022-08-11T09:33:02
damlbmp_zone,2022-08-13,2022-08-12T09:33:04
damlbmp_zone,2022-08-14,2022-08-13T09:33:02
damlbmp_zone,2022-08-15,2022-08-14T09:33:02
damlbmp_zone,2022-08-16,2022-08-15T09:32:02
damlbmp_zone,2022-08-17,2022-08-16T09:32:02
damlbmp_zone,2022-08-18,2022-08-17T09:33:02
damlbmp_zone,2022-08-19,2022-08-18T09:33:02
damlbmp_zone,2022-08-20,2022-08-19T09:36:02
damlbmp_zone,2022-08-21,2022-08-20T09:33:02
damlbmp_zone,2022-08-22,2022-08-21T09:33:02
damlbmp_zone,2022-08-23,2022-08-22T09:33:02
damlbmp_zone,2022-08-24,2022-08-23T09:33:36
damlbmp_zone,2022-08-25,2022-08-24T09:33:02
damlbmp_zone,2022-08-26,2022-08-25T09:33:02
damlbmp_zone,2022-08-27,2022-08-26T09:32:02
damlbmp_zone,2022-08-28,2022-08-27T09:32:06
damlbmp_zone,2022-08-29,2022-08-28T09:33:02
damlbmp_zone,2022-08-30,2022-08-29T09:33:04
damlbmp_zone,2022-08-31,2022-08-30T09:35:04
damlbmp_zone,2022-09-01,2022-08-31T09:33:02
damlbmp_zone,2022-09-02,2022-09-01T09:33:04
damlbmp_zone,2022-09-03,2022-09-02T09:33:04
damlbmp_zone,2022-09-04,2022-09-03T09:32:02
damlbmp_zone,2022-09-05,2022-09-04T09:32:06
damlbmp_zone,2022-09-06,2022-09-05T09:33:04
damlbmp_zone,2022-09-07,2022-09-06T09:32:02
damlbmp_zone,2022-09-08,2022-09-07T09:32:02
damlbmp_zone,2022-09-09,2022-09-08T09:32:04
damlbmp_zone,2022-09-10,2022-09-09T09:33:04
damlbmp_zone,2022-09-11,2022-09-10T09:32:08
damlbmp_zone,2022-09-12,2022-09-11T09:33:02
damlbmp_zone,2022-09-13,2022-09-12T09:32:04
damlbmp_zone,2022-09-14,2022-09-13T09:32:02
damlbmp_zone,2022-09-15,2022-09-14T09:33:02
damlbmp_zone,2022-09-16,2022-09-15T09:32:04
damlbmp_zone,2022-09-17,2022-09-16T09:32:02
damlbmp_zone,2022-09-18,2022-09-17T09:32:02
damlbmp_zone,2022-09-19,2022-09-18T09:33:02
damlbmp_zone,2022-09-20,2022-09-19T09:32:06
damlbmp_zone,2022-09-21,2022-09-20T09:33:02
damlbmp_zone,2022-09-22,2022-09-21T09:33:04
damlbmp_zone,2022-09-23,2022-09-22T09:33:02
damlbmp_zone,2022-09-24,2022-09-23T09:32:02
damlbmp_zone,2022-09-25,2022-09-24T09:32:04
damlbmp_zone,2022-09-26,2022-09-25T09:32:02
damlbmp_zone,2022-09-27,2022-09-26T09:32:04
damlbmp_zone,2022-09-28,2022-09-27T09:31:04
damlbmp_zone,2022-09-29,2022-09-28T09:32:04
damlbmp_zone,2022-09-30,2022-09-29T09:32:06
damlbmp_zone,2022-10-01,2022-09-30T09:32:04
damlbmp_zone,2022-10-02,2022-10-01T09:32:02
damlbmp_zone,2022-10-03,2022-10-02T09:32:04
damlbmp_zone,2022-10-04,2022-10-03T09:32:04
damlbmp_zone,2022-10-05,2022-10-04T09:31:02
damlbmp_zone,2022-10-06,2022-10-05T09:31:02
damlbmp_zone,2022-10-07,2022-10-06T09:31:02
damlbmp_zone,2022-10-08,2022-10-07T09:31:04
damlbmp_zone,2022-10-09,2022-10-08T09:32:02
damlbmp_zone,2022-10-10,2022-10-09T09:32:04
damlbmp_zone,2022-10-11,2022-10-10T09:32:06
damlbmp_zone,2022-10-12,2022-10-11T09:31:04
damlbmp_zone,2022-10-13,2022-10-12T09:32:06
damlbmp_zone,2022-10-14,2022-10-13T09:31:02
damlbmp_zone,2022-10-15,2022-10-14T09:32:06
damlbmp_zone,2022-10-16,2022-10-15T09:32:04
damlbmp_zone,2022-10-17,2022-10-16T09:32:04
damlbmp_zone,2022-10-18,2022-10-17T09:33:02
damlbmp_zone,2022-10-19,2022-10-18T09:32:04
damlbmp_zone,2022-10-20,2022-10-19T09:32:04
damlbmp_zone,2022-10-21,2022-10-20T09:32:04
damlbmp_zone,2022-10-22,2022-10-21T09:32:04
damlbmp_zone,2022-10-23,2022-10-22T09:32:02
damlbmp_zone,2022-10-24,2022-10-23T09:32:06
damlbmp_zone,2022-10-25,2022-10-24T09:32:06
damlbmp_zone,2022-10-26,2022-10-25T09:32:08
damlbmp_zone,2022-10-27,2022-10-26T09:32:04
damlbmp_zone,2022-10-28,2022-10-27T09:32:06
damlbmp_zone,2022-10-29,2022-10-28T09:32:06
damlbmp_zone,2022-10-30,2022-10-29T09:32:02
damlbmp_zone,2022-10-31,2022-10-30T09:32:04
damlbmp_zone,2022-11-01,2022-10-31T09:31:04
damlbmp_zone,2022-11-02,2022-11-01T09:32:06
damlbmp_zone,2022-11-03,2022-11-02T09:32:04
damlbmp_zone,2022-11-04,2022-11-03T09:33:02
damlbmp_zone,2022-11-05,2022-11-04T09:32:04
damlbmp_zone,2022-11-06,2022-11-05T09:32:04
damlbmp_zone,2022-11-07,2022-11-06T09:33:04
damlbmp_zone,2022-11-08,2022-11-07T09:32:04
damlbmp_zone,2022-11-09,2022-11-08T09:32:04
damlbmp_zone,2022-11-10,2022-11-09T09:32:04
damlbmp_zone,2022-11-11,2022-11-10T09:32:04
damlbmp_zone,2022-11-12,2022-11-11T09:31:06
damlbmp_zone,2022-11-13,2022-11-12T09:32:06
damlbmp_zone,2022-11-14,2022-11-13T09:33:02
damlbmp_zone,2022-11-15,2022-11-14T09:32:04
damlbmp_zone,2022-11-16,2022-11-15T09:31:02
damlbmp_zone,2022-11-17,2022-11-16T09:31:02
damlbmp_zone,2022-11-18,2022-11-17T09:33:34
damlbmp_zone,2022-11-19,2022-11-18T09:32:06
damlbmp_zone,2022-11-20,2022-11-19T09:32:02
damlbmp_zone,2022-11-21,2022-11-20T09:33:02
damlbmp_zone,2022-11-22,2022-11-21T09:32:06
damlbmp_zone,2022-11-23,2022-11-22T09:32:04
damlbmp_zone,2022-11-24,2022-11-23T09:33:02
damlbmp_zone,2022-11-25,2022-11-24T09:32:04
damlbmp_zone,2022-11-26,2022-11-25T09:31:02
damlbmp_zone,2022-11-27,2022-11-26T09:32:02
damlbmp_zone,2022-11-28,2022-11-27T09:33:04
damlbmp_zone,2022-11-29,2022-11-28T09:32:02
damlbmp_zone,2022-11-30,2022-11-29T09:32:04
damlbmp_zone,2022-12-01,2022-11-30T09:32:02
damlbmp_zone,2022-12-02,2022-12-01T09:32:02
damlbmp_zone,2022-12-03,2022-12-02T09:32:02
damlbmp_zone,2022-12-04,2022-12-03T09:32:02
damlbmp_zone,2022-12-05,2022-12-04T09:32:02
damlbmp_zone,2022-12-06,2022-12-05T09:32:02
damlbmp_zone,2022-12-07,2022-12-06T09:33:02
damlbmp_zone,2022-12-08,2022-12-07T09:32:04
damlbmp_zone,2022-12-09,2022-12-08T09:32:02
damlbmp_zone,2022-12-10,2022-12-09T09:32:06
damlbmp_zone,2022-12-11,2022-12-10T09:32:04
damlbmp_zone,2022-12-12,2022-12-11T09:33:02
damlbmp_zone,2022-12-13,2022-12-12T09:32:02
damlbmp_zone,2022-12-14,2022-12-13T09:33:02
damlbmp_zone,2022-12-15,2022-12-14T09:33:02
damlbmp_zone,2022-12-16,2022-12-15T09:33:02
damlbmp_zone,2022-12-17,2022-12-16T09:32:06
damlbmp_zone,2022-12-18,2022-12-17T09:32:04
damlbmp_zone,2022-12-19,2022-12-18T09:33:06
damlbmp_zone,2022-12-20,2022-12-19T09:32:04
damlbmp_zone,2022-12-21,2022-12-20T09:32:04
damlbmp_zone,2022-12-22,2022-12-21T09:32:04
damlbmp_zone,2022-12-23,2022-12-22T09:31:02
damlbmp_zone,2022-12-24,2022-12-23T09:31:02
damlbmp_zone,2022-12-25,2022-12-24T09:32:04
damlbmp_zone,2022-12-26,2022-12-25T09:32:02
damlbmp_zone,2022-12-27,2022-12-26T09:32:04
damlbmp_zone,2022-12-28,2022-12-27T09:33:02
damlbmp_zone,2022-12-29,2022-12-28T09:31:04
damlbmp_zone,2022-12-30,2022-12-29T09:32:04
damlbmp_zone,2022-12-31,2022-12-30T09:32:06
damlbmp_zone,2023-01-01,2022-12-31T09:32:10
damlbmp_zone,2023-01-02,2023-01-01T09:32:04
damlbmp_zone,2023-01-03,2023-01-02T09:32:04
damlbmp_zone,2023-01-04,2023-01-03T09:31:02
damlbmp_zone,2023-01-05,2023-01-04T09:31:02
damlbmp_zone,2023-01-06,2023-01-05T09:33:02
damlbmp_zone,2023-01-07,2023-01-06T09:31:02
damlbmp_zone,2023-01-08,2023-01-07T09:32:02
damlbmp_zone,2023-01-09,2023-01-08T09:32:04
damlbmp_zone,2023-01-10,2023-01-09T09:32:02
damlbmp_zone,2023-01-11,2023-01-10T09:32:04
damlbmp_zone,2023-01-12,2023-01-11T09:32:02
damlbmp_zone,2023-01-13,2023-01-12T09:32:04
damlbmp_zone,2023-01-14,2023-01-13T09:31:04
damlbmp_zone,2023-01-15,2023-01-14T09:31:02
damlbmp_zone,2023-01-16,2023-01-15T09:32:02
damlbmp_zone,2023-01-17,2023-01-16T09:31:02
damlbmp_zone,2023-01-18,2023-01-17T09:31:04
damlbmp_zone,2023-01-19,2023-01-18T09:32:04
damlbmp_zone,2023-01-20,2023-01-19T09:36:02
damlbmp_zone,2023-01-21,2023-01-20T09:33:02
damlbmp_zone,2023-01-22,2023-01-21T09:32:02
damlbmp_zone,2023-01-23,2023-01-22T09:32:02
damlbmp_zone,2023-01-24,2023-01-23T09:32:04
damlbmp_zone,2023-01-25,2023-01-24T09:33:04
damlbmp_zone,2023-01-26,2023-01-25T09:32:04
damlbmp_zone,2023-01-27,2023-01-26T09:32:08
damlbmp_zone,2023-01-28,2023-01-27T09:33:02
damlbmp_zone,2023-01-29,2023-01-28T09:33:02
damlbmp_zone,2023-01-30,2023-01-29T09:32:04
damlbmp_zone,2023-01-31,2023-01-30T09:33:04
damlbmp_zone,2023-02-01,2023-01-31T09:32:04
damlbmp_zone,2023-02-02,2023-02-01T09:32:08
damlbmp_zone,2023-02-03,2023-02-02T09:32:04
damlbmp_zone,2023-02-04,2023-02-03T09:32:06
damlbmp_zone,2023-02-05,2023-02-04T09:33:02
damlbmp_zone,2023-02-06,2023-02-05T09:32:04
damlbmp_zone,2023-02-07,2023-02-06T09:32:02
damlbmp_zone,2023-02-08,2023-02-07T09:31:04
damlbmp_zone,2023-02-09,2023-02-08T09:31:02
damlbmp_zone,2023-02-10,2023-02-09T09:32:02
damlbmp_zone,2023-02-11,2023-02-10T09:31:02
damlbmp_zone,2023-02-12,2023-02-11T09:31:02
damlbmp_zone,2023-02-13,2023-02-12T09:32:04
damlbmp_zone,2023-02-14,2023-02-13T09:31:02
damlbmp_zone,2023-02-15,2023-02-14T09:31:02
damlbmp_zone,2023-02-16,2023-02-15T09:31:02
damlbmp_zone,2023-02-17,2023-02-16T09:32:04
damlbmp_zone,2023-02-18,2023-02-17T09:31:02
damlbmp_zone,2023-02-19,2023-02-18T09:32:04
damlbmp_zone,2023-02-20,2023-02-19T09:33:02
damlbmp_zone,2023-02-21,2023-02-20T09:32:02
damlbmp_zone,2023-02-22,2023-02-21T09:32:04
damlbmp_zone,2023-02-23,2023-02-22T09:32:04
damlbmp_zone,2023-02-24,2023-02-23T09:33:24
damlbmp_zone,2023-02-25,2023-02-24T09:33:02
damlbmp_zone,2023-02-26,2023-02-25T09:32:06
damlbmp_zone,2023-02-27,2023-02-26T09:32:02
damlbmp_zone,2023-02-28,2023-02-27T09:32:04
damlbmp_zone,2023-03-01,2023-02-28T09:32:04
damlbmp_zone,2023-03-02,2023-03-01T09:32:02
damlbmp_zone,2023-03-03,2023-03-02T09:36:34
damlbmp_zone,2023-03-04,2023-03-03T09:32:04
damlbmp_zone,2023-03-05,2023-03-04T09:32:02
damlbmp_zone,2023-03-06,2023-03-05T09:32:02
damlbmp_zone,2023-03-07,2023-03-06T09:31:02
damlbmp_zone,2023-03-08,2023-03-07T09:32:04
damlbmp_zone,2023-03-09,2023-03-08T09:32:04
damlbmp_zone,2023-03-10,2023-03-09T09:31:04
damlbmp_zone,2023-03-11,2023-03-10T09:32:04
damlbmp_zone,2023-03-12,2023-03-11T09:32:04
damlbmp_zone,2023-03-13,2023-03-12T09:31:02
damlbmp_zone,2023-03-14,2023-03-13T09:32:06
damlbmp_zone,2023-03-15,2023-03-14T09:31:02
damlbmp_zone,2023-03-16,2023-03-15T09:31:04
damlbmp_zone,2023-03-17,2023-03-16T09:32:04
damlbmp_zone,2023-03-18,2023-03-17T09:31:04
damlbmp_zone,2023-03-19,2023-03-18T09:32:04
damlbmp_zone,2023-03-20,2023-03-19T09:32:02
damlbmp_zone,2023-03-21,2023-03-20T09:32:04
damlbmp_zone,2023-03-22,2023-03-21T09:32:02
damlbmp_zone,2023-03-23,2023-03-22T09:32:04
damlbmp_zone,2023-03-24,2023-03-23T09:31:02
damlbmp_zone,2023-03-25,2023-03-24T09:31:02
damlbmp_zone,2023-03-26,2023-03-25T09:32:04
damlbmp_zone,2023-03-27,2023-03-26T09:32:04
damlbmp_zone,2023-03-28,2023-03-27T09:32:04
damlbmp_zone,2023-03-29,2023-03-28T09:32:04
damlbmp_zone,2023-03-30,2023-03-29T09:32:04
damlbmp_zone,2023-03-31,2023-03-30T09:32:04
damlbmp_zone,2023-04-01,2023-03-31T09:32:04
damlbmp_zone,2023-04-02,2023-04-01T09:32:04
damlbmp_zone,2023-04-03,2023-04-02T09:32:06
damlbmp_zone,2023-04-04,2023-04-03T09:32:06
damlbmp_zone,2023-04-05,2023-04-04T09:31:02
damlbmp_zone,2023-04-06,2023-04-05T09:32:04
damlbmp_zone,2023-04-07,2023-04-06T09:31:02
damlbmp_zone,2023-04-08,2023-04-07T09:31:02
damlbmp_zone,2023-04-09,2023-04-08T09:31:04
damlbmp_zone,2023-04-10,2023-04-09T09:31:02
damlbmp_zone,2023-04-11,2023-04-10T09:31:02
damlbmp_zone,2023-04-12,2023-04-11T09:32:04
damlbmp_zone,2023-04-13,2023-04-12T09:36:04
damlbmp_zone,2023-04-14,2023-04-13T09:32:04
damlbmp_zone,2023-04-15,2023-04-14T09:32:08
damlbmp_zone,2023-04-16,2023-04-15T09:31:02
damlbmp_zone,2023-04-17,2023-04-16T09:32:08
damlbmp_zone,2023-04-18,2023-04-17T09:31:02
damlbmp_zone,2023-04-19,2023-04-18T09:37:08
damlbmp_zone,2023-04-20,2023-04-19T09:34:04
damlbmp_zone,2023-04-21,2023-04-20T09:31:02
damlbmp_zone,2023-04-22,2023-04-21T09:32:04
damlbmp_zone,2023-04-23,2023-04-22T09:32:04
damlbmp_zone,2023-04-24,2023-04-23T09:32:04
damlbmp_zone,2023-04-25,2023-04-24T09:31:02
damlbmp_zone,2023-04-26,2023-04-25T09:31:02
damlbmp_zone,2023-04-27,2023-04-26T09:31:02
damlbmp_zone,2023-04-28,2023-04-27T09:31:04
damlbmp_zone,2023-04-29,2023-04-28T09:31:04
damlbmp_zone,2023-04-30,2023-04-29T09:32:04
damlbmp_zone,2023-05-01,2023-04-30T09:32:04
damlbmp_zone,2023-05-02,2023-05-01T09:32:04
damlbmp_zone,2023-05-03,2023-05-02T09:32:06
damlbmp_zone,2023-05-04,2023-05-03T09:31:02
damlbmp_zone,2023-05-05,2023-05-04T09:32:06
damlbmp_zone,2023-05-06,2023-05-05T09:31:02
damlbmp_zone,2023-05-07,2023-05-06T09:32:06
damlbmp_zone,2023-05-08,2023-05-07T09:32:04
damlbmp_zone,2023-05-09,2023-05-08T09:32:06
damlbmp_zone,2023-05-10,2023-05-09T09:32:08
damlbmp_zone,2023-05-11,2023-05-10T09:32:04
damlbmp_zone,2023-05-12,2023-05-11T09:32:06
damlbmp_zone,2023-05-13,2023-05-12T09:33:02
damlbmp_zone,2023-05-14,2023-05-13T09:32:06
damlbmp_zone,2023-05-15,2023-05-14T09:32:02
damlbmp_zone,2023-05-16,2023-05-15T09:32:04
damlbmp_zone,2023-05-17,2023-05-16T09:32:04
damlbmp_zone,2023-05-18,2023-05-17T09:32:04
damlbmp_zone,2023-05-19,2023-05-18T09:32:04
damlbmp_zone,2023-05-20,2023-05-19T09:32:02
damlbmp_zone,2023-05-21,2023-05-20T09:31:02
damlbmp_zone,2023-05-22,2023-05-21T09:32:04
damlbmp_zone,2023-05-23,2023-05-22T09:31:02
damlbmp_zone,2023-05-24,2023-05-23T09:32:06
damlbmp_zone,2023-05-25,2023-05-24T09:32:02
damlbmp_zone,2023-05-26,2023-05-25T09:32:04
damlbmp_zone,2023-05-27,2023-05-26T09:32:02
damlbmp_zone,2023-05-28,2023-05-27T09:32:02
damlbmp_zone,2023-05-29,2023-05-28T09:32:02
damlbmp_zone,2023-05-30,2023-05-29T09:32:02
damlbmp_zone,2023-05-31,2023-05-30T09:32:02
damlbmp_zone,2023-06-01,2023-05-31T09:32:02
damlbmp_zone,2023-06-02,2023-06-01T09:32:02
damlbmp_zone,2023-06-03,2023-06-02T09:33:02
damlbmp_zone,2023-06-04,2023-06-03T09:33:02
damlbmp_zone,2023-06-05,2023-06-04T10:22:04
damlbmp_zone,2023-06-06,2023-06-05T09:31:02
damlbmp_zone,2023-06-07,2023-06-06T09:31:02
damlbmp_zone,2023-06-08,2023-06-07T09:31:02
damlbmp_zone,2023-06-09,2023-06-08T09:32:04
damlbmp_zone,2023-06-10,2023-06-09T09:31:04
damlbmp_zone,2023-06-11,2023-06-10T09:32:02
damlbmp_zone,2023-06-12,2023-06-11T09:32:04
damlbmp_zone,2023-06-13,2023-06-12T09:32:02
damlbmp_zone,2023-06-14,2023-06-13T09:31:02
damlbmp_zone,2023-06-15,2023-06-14T09:31:04
damlbmp_zone,2023-06-16,2023-06-15T09:31:04
damlbmp_zone,2023-06-17,2023-06-16T09:31:02
damlbmp_zone,2023-06-18,2023-06-17T09:32:04
damlbmp_zone,2023-06-19,2023-06-18T09:32:04
damlbmp_zone,2023-06-20,2023-06-19T09:32:02
damlbmp_zone,2023-06-21,2023-06-20T09:31:04
damlbmp_zone,2023-06-22,2023-06-21T09:31:04
damlbmp_zone,2023-06-23,2023-06-22T09:32:02
damlbmp_zone,2023-06-24,2023-06-23T09:32:04
damlbmp_zone,2023-06-25,2023-06-24T09:32:02
damlbmp_zone,2023-06-26,2023-06-25T09:32:02
damlbmp_zone,2023-06-27,2023-06-26T09:32:02
damlbmp_zone,2023-06-28,2023-06-27T09:31:02
damlbmp_zone,2023-06-29,2023-06-28T09:31:02
damlbmp_zone,2023-06-30,2023-06-29T09:32:04
damlbmp_zone,2023-07-01,2023-06-30T09:32:04
damlbmp_zone,2023-07-02,2023-07-01T09:31:02
damlbmp_zone,2023-07-03,2023-07-02T09:31:02
damlbmp_zone,2023-07-04,2023-07-03T09:31:04
damlbmp_zone,2023-07-05,2023-07-04T09:32:04
damlbmp_zone,2023-07-06,2023-07-05T09:32:02
damlbmp_zone,2023-07-07,2023-07-06T09:32:06
damlbmp_zone,2023-07-08,2023-07-07T09:32:02
damlbmp_zone,2023-07-09,2023-07-08T09:31:08
damlbmp_zone,2023-07-10,2023-07-09T09:31:02
damlbmp_zone,2023-07-11,2023-07-10T09:31:02
damlbmp_zone,2023-07-12,2023-07-11T09:32:04
damlbmp_zone,2023-07-13,2023-07-12T09:40:18
damlbmp_zone,2023-07-14,2023-07-13T09:32:16
damlbmp_zone,2023-07-15,2023-07-14T09:32:18
damlbmp_zone,2023-07-16,2023-07-15T09:32:16
damlbmp_zone,2023-07-17,2023-07-16T09:32:04
damlbmp_zone,2023-07-18,2023-07-17T09:32:04
damlbmp_zone,2023-07-19,2023-07-18T09:34:04
damlbmp_zone,2023-07-20,2023-07-19T09:31:02
damlbmp_zone,2023-07-21,2023-07-20T09:31:02
damlbmp_zone,2023-07-22,2023-07-21T09:31:04
damlbmp_zone,2023-07-23,2023-07-22T09:33:02
damlbmp_zone,2023-07-24,2023-07-23T09:31:02
damlbmp_zone,2023-07-25,2023-07-24T09:31:02
damlbmp_zone,2023-07-26,2023-07-25T09:31:02
damlbmp_zone,2023-07-27,2023-07-26T09:32:04
damlbmp_zone,2023-07-28,2023-07-27T09:31:02
damlbmp_zone,2023-07-29,2023-07-28T09:32:04
damlbmp_zone,2023-07-30,2023-07-29T09:31:04
damlbmp_zone,2023-07-31,2023-07-30T09:31:02
damlbmp_zone,2023-08-01,2023-07-31T09:31:04
damlbmp_zone,2023-08-02,2023-08-01T09:32:06
damlbmp_zone,2023-08-03,2023-08-02T09:32:04
damlbmp_zone,2023-08-04,2023-08-03T09:32:04
damlbmp_zone,2023-08-05,2023-08-04T09:32:04
damlbmp_zone,2023-08-06,2023-08-05T09:32:04
damlbmp_zone,2023-08-07,2023-08-06T09:33:02
damlbmp_zone,2023-08-08,2023-08-07T09:33:04
damlbmp_zone,2023-08-09,2023-08-08T09:32:02
damlbmp_zone,2023-08-10,2023-08-09T09:32:04
damlbmp_zone,2023-08-11,2023-08-10T09:32:04
damlbmp_zone,2023-08-12,2023-08-11T09:32:06
damlbmp_zone,2023-08-13,2023-08-12T09:32:04
damlbmp_zone,2023-08-14,2023-08-13T09:32:08
damlbmp_zone,2023-08-15,2023-08-14T09:31:02
damlbmp_zone,2023-08-16,2023-08-15T09:39:04
damlbmp_zone,2023-08-17,2023-08-16T09:32:06
damlbmp_zone,2023-08-18,2023-08-17T09:32:08
damlbmp_zone,2023-08-19,2023-08-18T09:31:02
damlbmp_zone,2023-08-20,2023-08-19T09:31:04
damlbmp_zone,2023-08-21,2023-08-20T09:32:02
damlbmp_zone,2023-08-22,2023-08-21T09:31:04
damlbmp_zone,2023-08-23,2023-08-22T09:31:04
damlbmp_zone,2023-08-24,2023-08-23T09:32:04
damlbmp_zone,2023-08-25,2023-08-24T09:32:02
damlbmp_zone,2023-08-26,2023-08-25T09:32:06
damlbmp_zone,2023-08-27,2023-08-26T09:33:02
damlbmp_zone,2023-08-28,2023-08-27T09:36:02
damlbmp_zone,2023-08-29,2023-08-28T09:32:04
damlbmp_zone,2023-08-30,2023-08-29T09:32:06
damlbmp_zone,2023-08-31,2023-08-30T09:32:04
damlbmp_zone,2023-09-01,2023-08-31T09:32:04
damlbmp_zone,2023-09-02,2023-09-01T09:35:02
damlbmp_zone,2023-09-03,2023-09-02T09:32:04
damlbmp_zone,2023-09-04,2023-09-03T09:32:04
damlbmp_zone,2023-09-05,2023-09-04T09:32:04
damlbmp_zone,2023-09-06,2023-09-05T09:32:02
damlbmp_zone,2023-09-07,2023-09-06T09:32:04
damlbmp_zone,2023-09-08,2023-09-07T09:33:04
damlbmp_zone,2023-09-09,2023-09-08T09:32:06
damlbmp_zone,2023-09-10,2023-09-09T09:32:06
damlbmp_zone,2023-09-11,2023-09-10T09:32:04
damlbmp_zone,2023-09-12,2023-09-11T09:32:10
damlbmp_zone,2023-09-13,2023-09-12T09:32:04
damlbmp_zone,2023-09-14,2023-09-13T09:32:04
damlbmp_zone,2023-09-15,2023-09-14T09:32:04
damlbmp_zone,2023-09-16,2023-09-15T09:33:02
damlbmp_zone,2023-09-17,2023-09-16T09:32:02
damlbmp_zone,2023-09-18,2023-09-17T09:33:02
damlbmp_zone,2023-09-19,2023-09-18T09:32:02
damlbmp_zone,2023-09-20,2023-09-19T09:31:04
damlbmp_zone,2023-09-21,2023-09-20T09:32:04
damlbmp_zone,2023-09-22,2023-09-21T09:32:06
damlbmp_zone,2023-09-23,2023-09-22T09:31:02
damlbmp_zone,2023-09-24,2023-09-23T09:31:02
damlbmp_zone,2023-09-25,2023-09-24T09:31:02
damlbmp_zone,2023-09-26,2023-09-25T09:31:04
damlbmp_zone,2023-09-27,2023-09-26T09:32:02
damlbmp_zone,2023-09-28,2023-09-27T09:32:02
damlbmp_zone,2023-09-29,2023-09-28T09:32:02
damlbmp_zone,2023-09-30,2023-09-29T09:33:02
damlbmp_zone,2023-10-01,2023-09-30T09:32:06
damlbmp_zone,2023-10-02,2023-10-01T09:32:04
damlbmp_zone,2023-10-03,2023-10-02T09:32:04
damlbmp_zone,2023-10-04,2023-10-03T09:32:02
damlbmp_zone,2023-10-05,2023-10-04T09:32:04
damlbmp_zone,2023-10-06,2023-10-05T09:32:04
damlbmp_zone,2023-10-07,2023-10-06T09:32:04
damlbmp_zone,2023-10-08,2023-10-07T09:32:04
damlbmp_zone,2023-10-09,2023-10-08T09:32:02
damlbmp_zone,2023-10-10,2023-10-09T09:32:04
damlbmp_zone,2023-10-11,2023-10-10T09:32:02
damlbmp_zone,2023-10-12,2023-10-11T09:32:04
damlbmp_zone,2023-10-13,2023-10-12T09:31:02
damlbmp_zone,2023-10-14,2023-10-13T09:31:02
damlbmp_zone,2023-10-15,2023-10-14T09:32:06
damlbmp_zone,2023-10-16,2023-10-15T09:32:04
damlbmp_zone,2023-10-17,2023-10-16T09:32:04
damlbmp_zone,2023-10-18,2023-10-17T09:32:06
damlbmp_zone,2023-10-19,2023-10-18T09:41:02
damlbmp_zone,2023-10-20,2023-10-19T09:33:02
damlbmp_zone,2023-10-21,2023-10-20T09:32:04
damlbmp_zone,2023-10-22,2023-10-21T09:31:04
damlbmp_zone,2023-10-23,2023-10-22T09:32:02
damlbmp_zone,2023-10-24,2023-10-23T10:25:04
damlbmp_zone,2023-10-25,2023-10-24T09:32:02
damlbmp_zone,2023-10-26,2023-10-25T09:31:02
damlbmp_zone,2023-10-27,2023-10-26T09:32:04
damlbmp_zone,2023-10-28,2023-10-27T09:32:06
damlbmp_zone,2023-10-29,2023-10-28T09:32:02
damlbmp_zone,2023-10-30,2023-10-29T09:33:04
damlbmp_zone,2023-10-31,2023-10-30T09:32:04
damlbmp_zone,2023-11-01,2023-10-31T09:32:04
damlbmp_zone,2023-11-02,2023-11-01T09:32:04
damlbmp_zone,2023-11-03,2023-11-02T09:32:02
damlbmp_zone,2023-11-04,2023-11-03T09:32:04
damlbmp_zone,2023-11-05,2023-11-04T09:33:04
damlbmp_zone,2023-11-06,2023-11-05T09:32:04
damlbmp_zone,2023-11-07,2023-11-06T09:32:04
damlbmp_zone,2023-11-08,2023-11-07T09:32:04
damlbmp_zone,2023-11-09,2023-11-08T09:32:04
damlbmp_zone,2023-11-10,2023-11-09T09:32:04
damlbmp_zone,2023-11-11,2023-11-10T09:32:04
damlbmp_zone,2023-11-12,2023-11-11T09:32:04
damlbmp_zone,2023-11-13,2023-11-12T09:33:06
damlbmp_zone,2023-11-14,2023-11-13T09:32:02
damlbmp_zone,2023-11-15,2023-11-14T09:32:02
damlbmp_zone,2023-11-16,2023-11-15T09:32:02
damlbmp_zone,2023-11-17,2023-11-16T09:32:04
damlbmp_zone,2023-11-18,2023-11-17T09:32:04
damlbmp_zone,2023-11-19,2023-11-18T09:32:04
damlbmp_zone,2023-11-20,2023-11-19T09:32:04
damlbmp_zone,2023-11-21,2023-11-20T09:34:02
damlbmp_zone,2023-11-22,2023-11-21T09:32:06
damlbmp_zone,2023-11-23,2023-11-22T09:31:02
damlbmp_zone,2023-11-24,2023-11-23T09:32:02
damlbmp_zone,2023-11-25,2023-11-24T09:31:02
damlbmp_zone,2023-11-26,2023-11-25T09:32:02
damlbmp_zone,2023-11-27,2023-11-26T09:32:02
damlbmp_zone,2023-11-28,2023-11-27T09:32:02
damlbmp_zone,2023-11-29,2023-11-28T09:32:04
damlbmp_zone,2023-11-30,2023-11-29T09:32:04
damlbmp_zone,2023-12-01,2023-11-30T09:39:04
damlbmp_zone,2023-12-02,2023-12-01T09:32:04
damlbmp_zone,2023-12-03,2023-12-02T09:32:04
damlbmp_zone,2023-12-04,2023-12-03T09:32:06
damlbmp_zone,2023-12-05,2023-12-04T09:32:02
damlbmp_zone,2023-12-06,2023-12-05T09:34:02
damlbmp_zone,2023-12-07,2023-12-06T09:32:06
damlbmp_zone,2023-12-08,2023-12-07T09:33:02
damlbmp_zone,2023-12-09,2023-12-08T09:33:04
damlbmp_zone,2023-12-10,2023-12-09T09:32:02
damlbmp_zone,2023-12-11,2023-12-10T09:32:04
damlbmp_zone,2023-12-12,2023-12-11T09:33:04
damlbmp_zone,2023-12-13,2023-12-12T09:32:06
damlbmp_zone,2023-12-14,2023-12-13T09:32:04
damlbmp_zone,2023-12-15,2023-12-14T09:32:04
damlbmp_zone,2023-12-16,2023-12-15T09:32:06
damlbmp_zone,2023-12-17,2023-12-16T09:31:04
damlbmp_zone,2023-12-18,2023-12-17T09:31:02
damlbmp_zone,2023-12-19,2023-12-18T09:32:02
damlbmp_zone,2023-12-20,2023-12-19T09:32:04
damlbmp_zone,2023-12-21,2023-12-20T09:32:04
damlbmp_zone,2023-12-22,2023-12-21T09:32:04
damlbmp_zone,2023-12-23,2023-12-22T09:32:04
damlbmp_zone,2023-12-24,2023-12-23T09:31:02
damlbmp_zone,2023-12-25,2023-12-24T09:31:02
damlbmp_zone,2023-12-26,2023-12-25T09:31:04
damlbmp_zone,2023-12-27,2023-12-26T09:32:04
damlbmp_zone,2023-12-28,2023-12-27T09:33:02
damlbmp_zone,2023-12-29,2023-12-28T09:32:04
damlbmp_zone,2023-12-30,2023-12-29T09:32:04
damlbmp_zone,2023-12-31,2023-12-30T09:31:04
damlbmp_zone,2024-01-01,2023-12-31T09:33:04
damlbmp_zone,2024-01-02,2024-01-01T09:31:04
damlbmp_zone,2024-01-03,2024-01-02T09:32:06
damlbmp_zone,2024-01-04,2024-01-03T09:32:04
damlbmp_zone,2024-01-05,2024-01-04T09:33:04
damlbmp_zone,2024-01-06,2024-01-05T09:33:02
damlbmp_zone,2024-01-07,2024-01-06T09:32:08
damlbmp_zone,2024-01-08,2024-01-07T09:33:04
damlbmp_zone,2024-01-09,2024-01-08T09:32:06
damlbmp_zone,2024-01-10,2024-01-09T09:32:28
damlbmp_zone,2024-01-11,2024-01-10T09:32:06
damlbmp_zone,2024-01-12,2024-01-11T09:32:06
damlbmp_zone,2024-01-13,2024-01-12T09:32:08
damlbmp_zone,2024-01-14,2024-01-13T09:31:06
damlbmp_zone,2024-01-15,2024-01-14T09:32:02
damlbmp_zone,2024-01-16,2024-01-15T09:32:04
damlbmp_zone,2024-01-17,2024-01-16T09:33:12
damlbmp_zone,2024-01-18,2024-01-17T09:32:06
damlbmp_zone,2024-01-19,2024-01-18T09:31:04
damlbmp_zone,2024-01-20,2024-01-19T09:31:04
damlbmp_zone,2024-01-21,2024-01-20T09:32:02
damlbmp_zone,2024-01-22,2024-01-21T09:33:04
damlbmp_zone,2024-01-23,2024-01-22T09:32:04
damlbmp_zone,2024-01-24,2024-01-23T09:33:04
damlbmp_zone,2024-01-25,2024-01-24T09:32:04
damlbmp_zone,2024-01-26,2024-01-25T09:32:04
damlbmp_zone,2024-01-27,2024-01-26T09:32:06
damlbmp_zone,2024-01-28,2024-01-27T09:31:02
damlbmp_zone,2024-01-29,2024-01-28T09:32:04
damlbmp_zone,2024-01-30,2024-01-29T09:32:04
damlbmp_zone,2024-01-31,2024-01-30T09:32:06
damlbmp_zone,2024-02-01,2024-01-31T09:32:02
damlbmp_zone,2024-02-02,2024-02-01T09:33:04
damlbmp_zone,2024-02-03,2024-02-02T09:32:04
damlbmp_zone,2024-02-04,2024-02-03T09:32:04
damlbmp_zone,2024-02-05,2024-02-04T09:32:06
damlbmp_zone,2024-02-06,2024-02-05T09:34:02
damlbmp_zone,2024-02-07,2024-02-06T09:33:02
damlbmp_zone,2024-02-08,2024-02-07T09:34:02
damlbmp_zone,2024-02-09,2024-02-08T09:33:02
damlbmp_zone,2024-02-10,2024-02-09T09:33:02
damlbmp_zone,2024-02-11,2024-02-10T09:31:06
damlbmp_zone,2024-02-12,2024-02-11T09:32:04
damlbmp_zone,2024-02-13,2024-02-12T09:33:04
damlbmp_zone,2024-02-14,2024-02-13T09:32:04
damlbmp_zone,2024-02-15,2024-02-14T09:33:02
damlbmp_zone,2024-02-16,2024-02-15T09:32:04
damlbmp_zone,2024-02-17,2024-02-16T09:32:06
damlbmp_zone,2024-02-18,2024-02-17T09:32:06
damlbmp_zone,2024-02-19,2024-02-18T09:33:04
damlbmp_zone,2024-02-20,2024-02-19T09:33:02
damlbmp_zone,2024-02-21,2024-02-20T09:32:04
damlbmp_zone,2024-02-22,2024-02-21T09:32:04
damlbmp_zone,2024-02-23,2024-02-22T09:32:06
damlbmp_zone,2024-02-24,2024-02-23T09:33:02
damlbmp_zone,2024-02-25,2024-02-24T09:31:04
damlbmp_zone,2024-02-26,2024-02-25T09:32:02
damlbmp_zone,2024-02-27,2024-02-26T09:33:04
damlbmp_zone,2024-02-28,2024-02-27T09:33:02
damlbmp_zone,2024-02-29,2024-02-28T09:33:02
damlbmp_zone,2024-03-01,2024-02-29T09:31:06
damlbmp_zone,2024-03-02,2024-03-01T09:32:04
damlbmp_zone,2024-03-03,2024-03-02T09:32:04
damlbmp_zone,2024-03-04,2024-03-03T09:32:04
damlbmp_zone,2024-03-05,2024-03-04T09:32:04
damlbmp_zone,2024-03-06,2024-03-05T09:33:04
damlbmp_zone,2024-03-07,2024-03-06T09:32:04
damlbmp_zone,2024-03-08,2024-03-07T09:32:04
damlbmp_zone,2024-03-09,2024-03-08T09:32:04
damlbmp_zone,2024-03-10,2024-03-09T09:31:02
damlbmp_zone,2024-03-11,2024-03-10T09:31:02
damlbmp_zone,2024-03-12,2024-03-11T09:32:10
damlbmp_zone,2024-03-13,2024-03-12T09:31:04
damlbmp_zone,2024-03-14,2024-03-13T09:32:04
damlbmp_zone,2024-03-15,2024-03-14T09:32:04
damlbmp_zone,2024-03-16,2024-03-15T09:32:04
damlbmp_zone,2024-03-17,2024-03-16T09:31:02
damlbmp_zone,2024-03-18,2024-03-17T09:32:04
damlbmp_zone,2024-03-19,2024-03-18T09:32:04
damlbmp_zone,2024-03-20,2024-03-19T09:32:04
damlbmp_zone,2024-03-21,2024-03-20T09:32:06
damlbmp_zone,2024-03-22,2024-03-21T09:32:04
damlbmp_zone,2024-03-23,2024-03-22T09:32:04
damlbmp_zone,2024-03-24,2024-03-23T09:32:06
damlbmp_zone,2024-03-25,2024-03-24T09:32:02
damlbmp_zone,2024-03-26,2024-03-25T09:32:04
damlbmp_zone,2024-03-27,2024-03-26T09:32:04
damlbmp_zone,2024-03-28,2024-03-27T09:31:04
damlbmp_zone,2024-03-29,2024-03-28T09:31:04
damlbmp_zone,2024-03-30,2024-03-29T09:31:02
damlbmp_zone,2024-03-31,2024-03-30T09:32:04
damlbmp_zone,2024-04-01,2024-03-31T09:32:06
damlbmp_zone,2024-04-02,2024-04-01T09:32:06
damlbmp_zone,2024-04-03,2024-04-02T09:32:04
damlbmp_zone,2024-04-04,2024-04-03T09:32:10
damlbmp_zone,2024-04-05,2024-04-04T09:31:04
damlbmp_zone,2024-04-06,2024-04-05T09:31:04
damlbmp_zone,2024-04-07,2024-04-06T09:32:08
damlbmp_zone,2024-04-08,2024-04-07T09:32:02
damlbmp_zone,2024-04-09,2024-04-08T09:32:08
damlbmp_zone,2024-04-10,2024-04-09T09:33:18
damlbmp_zone,2024-04-11,2024-04-10T09:32:06
damlbmp_zone,2024-04-12,2024-04-11T09:32:06
damlbmp_zone,2024-04-13,2024-04-12T09:32:16
damlbmp_zone,2024-04-14,2024-04-13T09:32:08
damlbmp_zone,2024-04-15,2024-04-14T09:32:06
damlbmp_zone,2024-04-16,2024-04-15T09:33:02
damlbmp_zone,2024-04-17,2024-04-16T09:33:04
damlbmp_zone,2024-04-18,2024-04-17T09:33:08
damlbmp_zone,2024-04-19,2024-04-18T09:32:04
damlbmp_zone,2024-04-20,2024-04-19T09:32:04
damlbmp_zone,2024-04-21,2024-04-20T09:32:04
damlbmp_zone,2024-04-22,2024-04-21T09:32:06
damlbmp_zone,2024-04-23,2024-04-22T10:12:02
damlbmp_zone,2024-04-24,2024-04-23T09:32:04
damlbmp_zone,2024-04-25,2024-04-24T09:31:02
damlbmp_zone,2024-04-26,2024-04-25T09:31:02
damlbmp_zone,2024-04-27,2024-04-26T09:31:02
damlbmp_zone,2024-04-28,2024-04-27T09:31:02
damlbmp_zone,2024-04-29,2024-04-28T09:32:04
damlbmp_zone,2024-04-30,2024-04-29T09:32:02
damlbmp_zone,2024-05-01,2024-04-30T09:32:04
damlbmp_zone,2024-05-02,2024-05-01T09:32:02
damlbmp_zone,2024-05-03,2024-05-02T09:33:04
damlbmp_zone,2024-05-04,2024-05-03T09:32:06
damlbmp_zone,2024-05-05,2024-05-04T09:32:02
damlbmp_zone,2024-05-06,2024-05-05T09:33:02
damlbmp_zone,2024-05-07,2024-05-06T09:32:06
damlbmp_zone,2024-05-08,2024-05-07T09:32:04
damlbmp_zone,2024-05-09,2024-05-08T09:32:02
damlbmp_zone,2024-05-10,2024-05-09T09:32:04
damlbmp_zone,2024-05-11,2024-05-10T09:32:06
damlbmp_zone,2024-05-12,2024-05-11T09:32:04
damlbmp_zone,2024-05-13,2024-05-12T09:32:06
damlbmp_zone,2024-05-14,2024-05-13T09:32:04
damlbmp_zone,2024-05-15,2024-05-14T09:31:04
damlbmp_zone,2024-05-16,2024-05-15T09:33:04
damlbmp_zone,2024-05-17,2024-05-16T09:32:04
damlbmp_zone,2024-05-18,2024-05-17T09:31:02
damlbmp_zone,2024-05-19,2024-05-18T09:32:04
damlbmp_zone,2024-05-20,2024-05-19T09:32:02
damlbmp_zone,2024-05-21,2024-05-20T09:33:02
damlbmp_zone,2024-05-22,2024-05-21T09:32:04
damlbmp_zone,2024-05-23,2024-05-22T09:32:04
damlbmp_zone,2024-05-24,2024-05-23T09:31:02
damlbmp_zone,2024-05-25,2024-05-24T09:31:02
damlbmp_zone,2024-05-26,2024-05-25T09:32:02
damlbmp_zone,2024-05-27,2024-05-26T09:32:02
damlbmp_zone,2024-05-28,2024-05-27T09:33:02
damlbmp_zone,2024-05-29,2024-05-28T09:32:04
damlbmp_zone,2024-05-30,2024-05-29T09:32:04
damlbmp_zone,2024-05-31,2024-05-30T09:32:04
damlbmp_zone,2024-06-01,2024-05-31T09:32:02
damlbmp_zone,2024-06-02,2024-06-01T09:31:02
damlbmp_zone,2024-06-03,2024-06-02T09:32:04
damlbmp_zone,2024-06-04,2024-06-03T09:32:04
damlbmp_zone,2024-06-05,2024-06-04T09:32:04
damlbmp_zone,2024-06-06,2024-06-05T09:31:02
damlbmp_zone,2024-06-07,2024-06-06T09:31:02
damlbmp_zone,2024-06-08,2024-06-07T09:31:02
damlbmp_zone,2024-06-09,2024-06-08T09:32:02
damlbmp_zone,2024-06-10,2024-06-09T09:32:04
damlbmp_zone,2024-06-11,2024-06-10T09:32:04
damlbmp_zone,2024-06-12,2024-06-11T09:33:04
damlbmp_zone,2024-06-13,2024-06-12T09:33:02
damlbmp_zone,2024-06-14,2024-06-13T09:33:04
damlbmp_zone,2024-06-15,2024-06-14T09:33:08
damlbmp_zone,2024-06-16,2024-06-15T09:33:06
damlbmp_zone,2024-06-17,2024-06-16T09:33:04
damlbmp_zone,2024-06-18,2024-06-17T09:33:06
damlbmp_zone,2024-06-19,2024-06-18T09:33:04
damlbmp_zone,2024-06-20,2024-06-19T09:32:04
damlbmp_zone,2024-06-21,2024-06-20T09:33:04
damlbmp_zone,2024-06-22,2024-06-21T09:33:02
damlbmp_zone,2024-06-23,2024-06-22T09:33:04
damlbmp_zone,2024-06-24,2024-06-23T09:33:04
damlbmp_zone,2024-06-25,2024-06-24T09:33:06
damlbmp_zone,2024-06-26,2024-06-25T09:33:02
damlbmp_zone,2024-06-27,2024-06-26T09:32:10
damlbmp_zone,2024-06-28,2024-06-27T09:32:06
damlbmp_zone,2024-06-29,2024-06-28T09:33:04
damlbmp_zone,2024-06-30,2024-06-29T10:43:02
damlbmp_zone,2024-07-01,2024-06-30T09:33:02
damlbmp_zone,2024-07-02,2024-07-01T09:33:02
damlbmp_zone,2024-07-03,2024-07-02T09:33:04
damlbmp_zone,2024-07-04,2024-07-03T09:33:04
damlbmp_zone,2024-07-05,2024-07-04T09:33:04
damlbmp_zone,2024-07-06,2024-07-05T09:33:02
damlbmp_zone,2024-07-07,2024-07-06T09:33:02
damlbmp_zone,2024-07-08,2024-07-07T09:33:04
damlbmp_zone,2024-07-09,2024-07-08T09:33:02
damlbmp_zone,2024-07-10,2024-07-09T09:33:02
damlbmp_zone,2024-07-11,2024-07-10T09:33:04
damlbmp_zone,2024-07-12,2024-07-11T09:35:06
damlbmp_zone,2024-07-13,2024-07-12T09:33:02
damlbmp_zone,2024-07-14,2024-07-13T09:32:04
damlbmp_zone,2024-07-15,2024-07-14T09:32:02
damlbmp_zone,2024-07-16,2024-07-15T09:33:02
damlbmp_zone,2024-07-17,2024-07-16T09:33:02
damlbmp_zone,2024-07-18,2024-07-17T09:33:02
damlbmp_zone,2024-07-19,2024-07-18T09:33:02
damlbmp_zone,2024-07-20,2024-07-19T09:32:04
damlbmp_zone,2024-07-21,2024-07-20T09:32:04
damlbmp_zone,2024-07-22,2024-07-21T09:32:02
damlbmp_zone,2024-07-23,2024-07-22T09:32:04
damlbmp_zone,2024-07-24,2024-07-23T09:33:02
damlbmp_zone,2024-07-25,2024-07-24T09:32:04
damlbmp_zone,2024-07-26,2024-07-25T09:33:06
damlbmp_zone,2024-07-27,2024-07-26T09:32:04
damlbmp_zone,2024-07-28,2024-07-27T09:32:02
damlbmp_zone,2024-07-29,2024-07-28T09:33:02
damlbmp_zone,2024-07-30,2024-07-29T09:33:04
damlbmp_zone,2024-07-31,2024-07-30T09:32:06
damlbmp_zone,2024-08-01,2024-07-31T09:32:04
damlbmp_zone,2024-08-02,2024-08-01T09:33:04
damlbmp_zone,2024-08-03,2024-08-02T09:32:04
damlbmp_zone,2024-08-04,2024-08-03T09:33:04
damlbmp_zone,2024-08-05,2024-08-04T09:33:04
damlbmp_zone,2024-08-06,2024-08-05T09:33:02
damlbmp_zone,2024-08-07,2024-08-06T09:32:04
damlbmp_zone,2024-08-08,2024-08-07T09:31:02
damlbmp_zone,2024-08-09,2024-08-08T09:33:04
damlbmp_zone,2024-08-10,2024-08-09T09:32:06
damlbmp_zone,2024-08-11,2024-08-10T09:32:04
damlbmp_zone,2024-08-12,2024-08-11T09:32:06
damlbmp_zone,2024-08-13,2024-08-12T09:32:04
damlbmp_zone,2024-08-14,2024-08-13T09:32:04
damlbmp_zone,2024-08-15,2024-08-14T09:31:04
damlbmp_zone,2024-08-16,2024-08-15T09:33:04
damlbmp_zone,2024-08-17,2024-08-16T09:32:04
damlbmp_zone,2024-08-18,2024-08-17T09:32:02
damlbmp_zone,2024-08-19,2024-08-18T09:32:06
damlbmp_zone,2024-08-20,2024-08-19T09:31:04
damlbmp_zone,2024-08-21,2024-08-20T09:33:04
damlbmp_zone,2024-08-22,2024-08-21T09:32:06
damlbmp_zone,2024-08-23,2024-08-22T09:32:08
damlbmp_zone,2024-08-24,2024-08-23T09:32:06
damlbmp_zone,2024-08-25,2024-08-24T09:32:04
damlbmp_zone,2024-08-26,2024-08-25T09:33:04
damlbmp_zone,2024-08-27,2024-08-26T09:32:02
damlbmp_zone,2024-08-28,2024-08-27T09:33:02
damlbmp_zone,2024-08-29,2024-08-28T09:33:02
damlbmp_zone,2024-08-30,2024-08-29T09:32:06
damlbmp_zone,2024-08-31,2024-08-30T09:32:06
damlbmp_zone,2024-09-01,2024-08-31T09:31:02
damlbmp_zone,2024-09-02,2024-09-01T09:32:04
damlbmp_zone,2024-09-03,2024-09-02T09:31:02
damlbmp_zone,2024-09-04,2024-09-03T09:33:04
damlbmp_zone,2024-09-05,2024-09-04T09:32:06
damlbmp_zone,2024-09-06,2024-09-05T09:32:04
damlbmp_zone,2024-09-07,2024-09-06T09:32:06
damlbmp_zone,2024-09-08,2024-09-07T09:31:02
damlbmp_zone,2024-09-09,2024-09-08T09:32:04
damlbmp_zone,2024-09-10,2024-09-09T09:32:04
damlbmp_zone,2024-09-11,2024-09-10T09:32:04
damlbmp_zone,2024-09-12,2024-09-11T09:33:04
damlbmp_zone,2024-09-13,2024-09-12T09:32:02
damlbmp_zone,2024-09-14,2024-09-13T09:32:04
damlbmp_zone,2024-09-15,2024-09-14T09:31:04
damlbmp_zone,2024-09-16,2024-09-15T09:32:06
damlbmp_zone,2024-09-17,2024-09-16T09:32:04
damlbmp_zone,2024-09-18,2024-09-17T09:31:04
damlbmp_zone,2024-09-19,2024-09-18T09:31:04
damlbmp_zone,2024-09-20,2024-09-19T09:31:04
damlbmp_zone,2024-09-21,2024-09-20T09:31:02
damlbmp_zone,2024-09-22,2024-09-21T09:32:04
damlbmp_zone,2024-09-23,2024-09-22T09:32:02
damlbmp_zone,2024-09-24,2024-09-23T09:33:04
damlbmp_zone,2024-09-25,2024-09-24T09:38:04
damlbmp_zone,2024-09-26,2024-09-25T09:33:02
damlbmp_zone,2024-09-27,2024-09-26T09:33:04
damlbmp_zone,2024-09-28,2024-09-27T09:32:04
damlbmp_zone,2024-09-29,2024-09-28T09:32:04
damlbmp_zone,2024-09-30,2024-09-29T09:33:04
damlbmp_zone,2024-10-01,2024-09-30T09:33:02
damlbmp_zone,2024-10-02,2024-10-01T09:32:04
damlbmp_zone,2024-10-03,2024-10-02T09:32:08
damlbmp_zone,2024-10-04,2024-10-03T09:32:06
damlbmp_zone,2024-10-05,2024-10-04T09:32:04
damlbmp_zone,2024-10-06,2024-10-05T09:32:04
damlbmp_zone,2024-10-07,2024-10-06T09:33:02
damlbmp_zone,2024-10-08,2024-10-07T09:32:06
damlbmp_zone,2024-10-09,2024-10-08T09:32:04
damlbmp_zone,2024-10-10,2024-10-09T09:33:04
damlbmp_zone,2024-10-11,2024-10-10T09:33:04
damlbmp_zone,2024-10-12,2024-10-11T09:32:04
damlbmp_zone,2024-10-13,2024-10-12T09:33:04
damlbmp_zone,2024-10-14,2024-10-13T09:32:04
damlbmp_zone,2024-10-15,2024-10-14T09:32:06
damlbmp_zone,2024-10-16,2024-10-15T09:33:04
damlbmp_zone,2024-10-17,2024-10-16T09:33:04
damlbmp_zone,2024-10-18,2024-10-17T09:32:06
damlbmp_zone,2024-10-19,2024-10-18T09:32:04
damlbmp_zone,2024-10-20,2024-10-19T09:32:04
damlbmp_zone,2024-10-21,2024-10-20T09:32:06
damlbmp_zone,2024-10-22,2024-10-21T09:32:06
damlbmp_zone,2024-10-23,2024-10-22T09:33:06
damlbmp_zone,2024-10-24,2024-10-23T09:33:04
damlbmp_zone,2024-10-25,2024-10-24T09:32:04
damlbmp_zone,2024-10-26,2024-10-25T09:32:04
damlbmp_zone,2024-10-27,2024-10-26T09:33:04
damlbmp_zone,2024-10-28,2024-10-27T12:39:02
damlbmp_zone,2024-10-29,2024-10-28T09:33:04
damlbmp_zone,2024-10-30,2024-10-29T09:31:02
damlbmp_zone,2024-10-31,2024-10-30T09:32:04
damlbmp_zone,2024-11-01,2024-10-31T09:32:06
damlbmp_zone,2024-11-02,2024-11-01T09:32:02
damlbmp_zone,2024-11-03,2024-11-02T09:31:04
damlbmp_zone,2024-11-04,2024-11-03T09:32:06
damlbmp_zone,2024-11-05,2024-11-04T09:32:04
damlbmp_zone,2024-11-06,2024-11-05T09:33:04
damlbmp_zone,2024-11-07,2024-11-06T09:32:08
damlbmp_zone,2024-11-08,2024-11-07T09:33:08
damlbmp_zone,2024-11-09,2024-11-08T09:32:06
damlbmp_zone,2024-11-10,2024-11-09T09:32:10
damlbmp_zone,2024-11-11,2024-11-10T09:33:08
damlbmp_zone,2024-11-12,2024-11-11T09:33:04
damlbmp_zone,2024-11-13,2024-11-12T09:33:04
damlbmp_zone,2024-11-14,2024-11-13T09:33:02
damlbmp_zone,2024-11-15,2024-11-14T09:32:06
damlbmp_zone,2024-11-16,2024-11-15T09:32:10
damlbmp_zone,2024-11-17,2024-11-16T09:32:06
damlbmp_zone,2024-11-18,2024-11-17T09:32:06
damlbmp_zone,2024-11-19,2024-11-18T09:33:02
damlbmp_zone,2024-11-20,2024-11-19T09:33:02
damlbmp_zone,2024-11-21,2024-11-20T09:32:08
damlbmp_zone,2024-11-22,2024-11-21T09:33:04
damlbmp_zone,2024-11-23,2024-11-22T09:32:04
damlbmp_zone,2024-11-24,2024-11-23T09:33:04
damlbmp_zone,2024-11-25,2024-11-24T09:30:04
damlbmp_zone,2024-11-26,2024-11-25T09:33:04
damlbmp_zone,2024-11-27,2024-11-26T09:33:02
damlbmp_zone,2024-11-28,2024-11-27T09:33:04
damlbmp_zone,2024-11-29,2024-11-28T09:33:02
damlbmp_zone,2024-11-30,2024-11-29T09:32:18
damlbmp_zone,2024-12-01,2024-11-30T09:32:04
damlbmp_zone,2024-12-02,2024-12-01T09:33:02
damlbmp_zone,2024-12-03,2024-12-02T09:33:02
damlbmp_zone,2024-12-04,2024-12-03T09:45:04
damlbmp_zone,2024-12-05,2024-12-04T09:33:02
damlbmp_zone,2024-12-06,2024-12-05T09:33:02
damlbmp_zone,2024-12-07,2024-12-06T09:33:02
damlbmp_zone,2024-12-08,2024-12-07T09:33:02
damlbmp_zone,2024-12-09,2024-12-08T09:38:02
damlbmp_zone,2024-12-10,2024-12-09T09:33:02
damlbmp_zone,2024-12-11,2024-12-10T09:33:02
damlbmp_zone,2024-12-12,2024-12-11T09:33:04
damlbmp_zone,2024-12-13,2024-12-12T09:33:02
damlbmp_zone,2024-12-14,2024-12-13T09:32:04
damlbmp_zone,2024-12-15,2024-12-14T09:32:06
damlbmp_zone,2024-12-16,2024-12-15T09:33:04
damlbmp_zone,2024-12-17,2024-12-16T09:32:02
damlbmp_zone,2024-12-18,2024-12-17T09:33:06
damlbmp_zone,2024-12-19,2024-12-18T09:33:04
damlbmp_zone,2024-12-20,2024-12-19T09:33:02
damlbmp_zone,2024-12-21,2024-12-20T09:33:02
damlbmp_zone,2024-12-22,2024-12-21T09:33:02
damlbmp_zone,2024-12-23,2024-12-22T09:34:02
damlbmp_zone,2024-12-24,2024-12-23T09:33:04
damlbmp_zone,2024-12-25,2024-12-24T09:33:04
damlbmp_zone,2024-12-26,2024-12-25T09:32:02
damlbmp_zone,2024-12-27,2024-12-26T09:33:02
damlbmp_zone,2024-12-28,2024-12-27T09:33:02
damlbmp_zone,2024-12-29,2024-12-28T09:32:04
damlbmp_zone,2024-12-30,2024-12-29T09:32:02
damlbmp_zone,2024-12-31,2024-12-30T09:32:04
damlbmp_zone,2025-01-01,2024-12-31T09:33:02
damlbmp_zone,2025-01-02,2025-01-01T09:33:02
damlbmp_zone,2025-01-03,2025-01-02T09:33:02
damlbmp_zone,2025-01-04,2025-01-03T09:33:02
damlbmp_zone,2025-01-05,2025-01-04T09:33:02
damlbmp_zone,2025-01-06,2025-01-05T09:33:02
damlbmp_zone,2025-01-07,2025-01-06T09:33:02
damlbmp_zone,2025-01-08,2025-01-07T09:33:04
damlbmp_zone,2025-01-09,2025-01-08T09:33:10
damlbmp_zone,2025-01-10,2025-01-09T09:33:02
damlbmp_zone,2025-01-11,2025-01-10T09:33:02
damlbmp_zone,2025-01-12,2025-01-11T09:33:02
damlbmp_zone,2025-01-13,2025-01-12T09:33:02
damlbmp_zone,2025-01-14,2025-01-13T09:32:04
damlbmp_zone,2025-01-15,2025-01-14T09:34:02
damlbmp_zone,2025-01-16,2025-01-15T09:34:04
damlbmp_zone,2025-01-17,2025-01-16T09:33:04
damlbmp_zone,2025-01-18,2025-01-17T09:33:02
damlbmp_zone,2025-01-19,2025-01-18T09:33:02
damlbmp_zone,2025-01-20,2025-01-19T09:33:02
damlbmp_zone,2025-01-21,2025-01-20T09:33:04
damlbmp_zone,2025-01-22,2025-01-21T09:32:04
damlbmp_zone,2025-01-23,2025-01-22T09:32:04
damlbmp_zone,2025-01-24,2025-01-23T09:32:04
damlbmp_zone,2025-01-25,2025-01-24T09:32:04
damlbmp_zone,2025-01-26,2025-01-25T09:33:02
damlbmp_zone,2025-01-27,2025-01-26T09:33:02
damlbmp_zone,2025-01-28,2025-01-27T09:33:02
damlbmp_zone,2025-01-29,2025-01-28T09:33:02
damlbmp_zone,2025-01-30,2025-01-29T09:32:04
damlbmp_zone,2025-01-31,2025-01-30T09:32:06
damlbmp_zone,2025-02-01,2025-01-31T09:33:04
damlbmp_zone,2025-02-02,2025-02-01T09:33:02
damlbmp_zone,2025-02-03,2025-02-02T09:34:04
damlbmp_zone,2025-02-04,2025-02-03T09:33:02
damlbmp_zone,2025-02-05,2025-02-04T09:33:02
damlbmp_zone,2025-02-06,2025-02-05T09:33:02
damlbmp_zone,2025-02-07,2025-02-06T09:33:04
damlbmp_zone,2025-02-08,2025-02-07T09:33:04
damlbmp_zone,2025-02-09,2025-02-08T09:33:04
damlbmp_zone,2025-02-10,2025-02-09T09:33:04
damlbmp_zone,2025-02-11,2025-02-10T09:33:02
damlbmp_zone,2025-02-12,2025-02-11T09:33:04
damlbmp_zone,2025-02-13,2025-02-12T10:29:04
damlbmp_zone,2025-02-14,2025-02-13T09:33:04
damlbmp_zone,2025-02-15,2025-02-14T09:32:38
damlbmp_zone,2025-02-16,2025-02-15T09:33:02
damlbmp_zone,2025-02-17,2025-02-16T09:48:02
damlbmp_zone,2025-02-18,2025-02-17T09:31:02
damlbmp_zone,2025-02-19,2025-02-18T09:32:04
damlbmp_zone,2025-02-20,2025-02-19T09:32:06
damlbmp_zone,2025-02-21,2025-02-20T09:32:06
damlbmp_zone,2025-02-22,2025-02-21T09:32:08
damlbmp_zone,2025-02-23,2025-02-22T09:32:04
damlbmp_zone,2025-02-24,2025-02-23T09:31:04
damlbmp_zone,2025-02-25,2025-02-24T09:32:06
damlbmp_zone,2025-02-26,2025-02-25T09:33:06
damlbmp_zone,2025-02-27,2025-02-26T09:32:06
damlbmp_zone,2025-02-28,2025-02-27T09:32:04
damlbmp_zone,2025-03-01,2025-02-28T09:32:04
damlbmp_zone,2025-03-02,2025-03-01T09:32:04
damlbmp_zone,2025-03-03,2025-03-02T09:32:04
damlbmp_zone,2025-03-04,2025-03-03T09:32:04
damlbmp_zone,2025-03-05,2025-03-04T09:32:04
damlbmp_zone,2025-03-06,2025-03-05T09:31:04
damlbmp_zone,2025-03-07,2025-03-06T09:32:06
damlbmp_zone,2025-03-08,2025-03-07T09:36:02
damlbmp_zone,2025-03-09,2025-03-08T09:33:04
damlbmp_zone,2025-03-10,2025-03-09T09:32:06
damlbmp_zone,2025-03-11,2025-03-10T09:36:04
damlbmp_zone,2025-03-12,2025-03-11T09:32:04
damlbmp_zone,2025-03-13,2025-03-12T09:32:04
damlbmp_zone,2025-03-14,2025-03-13T09:32:04
damlbmp_zone,2025-03-15,2025-03-14T09:32:04
damlbmp_zone,2025-03-16,2025-03-15T09:32:02
damlbmp_zone,2025-03-17,2025-03-16T09:32:04
damlbmp_zone,2025-03-18,2025-03-17T09:32:06
damlbmp_zone,2025-03-19,2025-03-18T09:32:04
damlbmp_zone,2025-03-20,2025-03-19T09:32:02
damlbmp_zone,2025-03-21,2025-03-20T09:34:02
damlbmp_zone,2025-03-22,2025-03-21T09:45:04
damlbmp_zone,2025-03-23,2025-03-22T09:33:08
damlbmp_zone,2025-03-24,2025-03-23T09:32:02
damlbmp_zone,2025-03-25,2025-03-24T09:33:04
damlbmp_zone,2025-03-26,2025-03-25T09:33:02
damlbmp_zone,2025-03-27,2025-03-26T09:33:06
damlbmp_zone,2025-03-28,2025-03-27T09:33:04
damlbmp_zone,2025-03-29,2025-03-28T09:33:02
damlbmp_zone,2025-03-30,2025-03-29T09:33:04
damlbmp_zone,2025-03-31,2025-03-30T09:33:04
damlbmp_zone,2025-04-01,2025-03-31T09:33:04
damlbmp_zone,2025-04-02,2025-04-01T09:32:10
damlbmp_zone,2025-04-03,2025-04-02T09:32:12
damlbmp_zone,2025-04-04,2025-04-03T09:35:04
damlbmp_zone,2025-04-05,2025-04-04T09:32:04
damlbmp_zone,2025-04-06,2025-04-05T09:32:04
damlbmp_zone,2025-04-07,2025-04-06T09:32:04
damlbmp_zone,2025-04-08,2025-04-07T09:32:06
damlbmp_zone,2025-04-09,2025-04-08T09:33:08
damlbmp_zone,2025-04-10,2025-04-09T09:33:06
damlbmp_zone,2025-04-11,2025-04-10T09:33:04
damlbmp_zone,2025-04-12,2025-04-11T09:33:02
damlbmp_zone,2025-04-13,2025-04-12T09:33:04
damlbmp_zone,2025-04-14,2025-04-13T09:33:04
damlbmp_zone,2025-04-15,2025-04-14T09:33:06
damlbmp_zone,2025-04-16,2025-04-15T09:33:02
damlbmp_zone,2025-04-17,2025-04-16T09:32:04
damlbmp_zone,2025-04-18,2025-04-17T09:32:04
damlbmp_zone,2025-04-19,2025-04-18T09:32:04
damlbmp_zone,2025-04-20,2025-04-19T09:33:02
damlbmp_zone,2025-04-21,2025-04-20T09:33:02
damlbmp_zone,2025-04-22,2025-04-21T09:32:04
damlbmp_zone,2025-04-23,2025-04-22T09:32:06
damlbmp_zone,2025-04-24,2025-04-23T09:33:04
damlbmp_zone,2025-04-25,2025-04-24T09:32:34
damlbmp_zone,2025-04-26,2025-04-25T09:33:04
damlbmp_zone,2025-04-27,2025-04-26T09:33:04
damlbmp_zone,2025-04-28,2025-04-27T09:33:02
damlbmp_zone,2025-04-29,2025-04-28T09:33:04
damlbmp_zone,2025-04-30,2025-04-29T09:33:04
damlbmp_zone,2025-05-01,2025-04-30T09:33:04
damlbmp_zone,2025-05-02,2025-05-01T09:32:04
damlbmp_zone,2025-05-03,2025-05-02T09:33:08
damlbmp_zone,2025-05-04,2025-05-03T09:33:04
damlbmp_zone,2025-05-05,2025-05-04T09:33:04
damlbmp_zone,2025-05-06,2025-05-05T09:33:04
damlbmp_zone,2025-05-07,2025-05-06T09:33:06
damlbmp_zone,2025-05-08,2025-05-07T09:33:08
damlbmp_zone,2025-05-09,2025-05-08T09:33:08
damlbmp_zone,2025-05-10,2025-05-09T09:33:08
damlbmp_zone,2025-05-11,2025-05-10T09:30:04
damlbmp_zone,2025-05-12,2025-05-11T09:33:26
damlbmp_zone,2025-05-13,2025-05-12T09:34:04
damlbmp_zone,2025-05-14,2025-05-13T09:34:40
damlbmp_zone,2025-05-15,2025-05-14T09:33:06
damlbmp_zone,2025-05-16,2025-05-15T09:34:02
damlbmp_zone,2025-05-17,2025-05-16T09:33:04
damlbmp_zone,2025-05-18,2025-05-17T09:32:04
damlbmp_zone,2025-05-19,2025-05-18T09:33:02
damlbmp_zone,2025-05-20,2025-05-19T09:33:04
damlbmp_zone,2025-05-21,2025-05-20T09:33:02
damlbmp_zone,2025-05-22,2025-05-21T09:33:04
damlbmp_zone,2025-05-23,2025-05-22T09:33:06
damlbmp_zone,2025-05-24,2025-05-23T09:33:04
damlbmp_zone,2025-05-25,2025-05-24T09:32:04
damlbmp_zone,2025-05-26,2025-05-25T09:33:04
damlbmp_zone,2025-05-27,2025-05-26T09:33:04
damlbmp_zone,2025-05-28,2025-05-27T09:33:04
damlbmp_zone,2025-05-29,2025-05-28T09:32:04
damlbmp_zone,2025-05-30,2025-05-29T09:34:20
damlbmp_zone,2025-05-31,2025-05-30T09:32:26
damlbmp_zone,2025-06-01,2025-05-31T09:33:06
damlbmp_zone,2025-06-02,2025-06-01T09:33:04
damlbmp_zone,2025-06-03,2025-06-02T09:33:10
damlbmp_zone,2025-06-04,2025-06-03T09:34:02
damlbmp_zone,2025-06-05,2025-06-04T09:33:20
damlbmp_zone,2025-06-06,2025-06-05T09:33:12
damlbmp_zone,2025-06-07,2025-06-06T09:32:08
damlbmp_zone,2025-06-08,2025-06-07T09:33:04
damlbmp_zone,2025-06-09,2025-06-08T09:33:04
damlbmp_zone,2025-06-10,2025-06-09T09:34:04
damlbmp_zone,2025-06-11,2025-06-10T09:33:02
damlbmp_zone,2025-06-12,2025-06-11T09:33:02
damlbmp_zone,2025-06-13,2025-06-12T09:32:04
damlbmp_zone,2025-06-14,2025-06-13T09:33:02
damlbmp_zone,2025-06-15,2025-06-14T09:33:02
damlbmp_zone,2025-06-16,2025-06-15T09:33:04
damlbmp_zone,2025-06-17,2025-06-16T09:33:02
damlbmp_zone,2025-06-18,2025-06-17T09:33:04
damlbmp_zone,2025-06-19,2025-06-18T09:33:02
damlbmp_zone,2025-06-20,2025-06-19T09:33:04
damlbmp_zone,2025-06-21,2025-06-20T09:33:04
damlbmp_zone,2025-06-22,2025-06-21T09:32:04
damlbmp_zone,2025-06-23,2025-06-22T09:32:04
damlbmp_zone,2025-06-24,2025-06-23T09:33:02
damlbmp_zone,2025-06-25,2025-06-24T09:33:02
damlbmp_zone,2025-06-26,2025-06-25T09:33:02
damlbmp_zone,2025-06-27,2025-06-26T09:33:04
damlbmp_zone,2025-06-28,2025-06-27T09:33:02
damlbmp_zone,2025-06-29,2025-06-28T09:33:06
damlbmp_zone,2025-06-30,2025-06-29T09:32:04
damlbmp_zone,2025-07-01,2025-06-30T09:33:02
damlbmp_zone,2025-07-02,2025-07-01T09:33:04
damlbmp_zone,2025-07-03,2025-07-02T09:33:02
damlbmp_zone,2025-07-04,2025-07-03T09:33:02
damlbmp_zone,2025-07-05,2025-07-04T09:33:02
damlbmp_zone,2025-07-06,2025-07-05T09:33:02
damlbmp_zone,2025-07-07,2025-07-06T09:33:02
damlbmp_zone,2025-07-08,2025-07-07T09:33:04
damlbmp_zone,2025-07-09,2025-07-08T09:32:04
damlbmp_zone,2025-07-10,2025-07-09T09:32:04
damlbmp_zone,2025-07-11,2025-07-10T09:34:04
damlbmp_zone,2025-07-12,2025-07-11T09:32:02
damlbmp_zone,2025-07-13,2025-07-12T09:33:02
damlbmp_zone,2025-07-14,2025-07-13T09:33:02
damlbmp_zone,2025-07-15,2025-07-14T09:33:04
damlbmp_zone,2025-07-16,2025-07-15T09:33:02
damlbmp_zone,2025-07-17,2025-07-16T09:33:02
damlbmp_zone,2025-07-18,2025-07-17T09:32:02
damlbmp_zone,2025-07-19,2025-07-18T09:33:02
damlbmp_zone,2025-07-20,2025-07-19T09:33:02
damlbmp_zone,2025-07-21,2025-07-20T09:33:02
damlbmp_zone,2025-07-22,2025-07-21T09:34:02
damlbmp_zone,2025-07-23,2025-07-22T09:34:02
damlbmp_zone,2025-07-24,2025-07-23T09:34:08
damlbmp_zone,2025-07-25,2025-07-24T09:33:02
damlbmp_zone,2025-07-26,2025-07-25T09:33:02
damlbmp_zone,2025-07-27,2025-07-26T09:33:02
damlbmp_zone,2025-07-28,2025-07-27T09:33:02
damlbmp_zone,2025-07-29,2025-07-28T09:33:02
damlbmp_zone,2025-07-30,2025-07-29T09:33:02
damlbmp_zone,2025-07-31,2025-07-30T09:33:02
damlbmp_zone,2025-08-01,2025-07-31T09:33:02
damlbmp_zone,2025-08-02,2025-08-01T09:33:04
damlbmp_zone,2025-08-03,2025-08-02T09:32:02
damlbmp_zone,2025-08-04,2025-08-03T09:30:06
damlbmp_zone,2025-08-05,2025-08-04T09:32:02
damlbmp_zone,2025-08-06,2025-08-05T09:32:04
damlbmp_zone,2025-08-07,2025-08-06T09:33:02
damlbmp_zone,2025-08-08,2025-08-07T09:32:04
damlbmp_zone,2025-08-09,2025-08-08T09:32:02
damlbmp_zone,2025-08-10,2025-08-09T09:34:04
damlbmp_zone,2025-08-11,2025-08-10T09:33:04
damlbmp_zone,2025-08-12,2025-08-11T09:32:02
damlbmp_zone,2025-08-13,2025-08-12T09:34:02
damlbmp_zone,2025-08-14,2025-08-13T09:34:02
damlbmp_zone,2025-08-15,2025-08-14T09:33:02
damlbmp_zone,2025-08-16,2025-08-15T09:33:02
damlbmp_zone,2025-08-17,2025-08-16T09:33:02
damlbmp_zone,2025-08-18,2025-08-17T09:34:02
damlbmp_zone,2025-08-19,2025-08-18T09:34:02
damlbmp_zone,2025-08-20,2025-08-19T09:32:04
damlbmp_zone,2025-08-21,2025-08-20T09:32:04
damlbmp_zone,2025-08-22,2025-08-21T09:31:02
damlbmp_zone,2025-08-23,2025-08-22T09:33:02
damlbmp_zone,2025-08-24,2025-08-23T09:33:02
damlbmp_zone,2025-08-25,2025-08-24T09:33:02
damlbmp_zone,2025-08-26,2025-08-25T09:33:02
damlbmp_zone,2025-08-27,2025-08-26T09:33:04
damlbmp_zone,2025-08-28,2025-08-27T09:33:02
damlbmp_zone,2025-08-29,2025-08-28T09:32:02
damlbmp_zone,2025-08-30,2025-08-29T09:32:04
damlbmp_zone,2025-08-31,2025-08-30T09:32:02
damlbmp_zone,2025-09-01,2025-08-31T09:33:02
damlbmp_zone,2025-09-02,2025-09-01T09:33:04
damlbmp_zone,2025-09-03,2025-09-02T09:33:04
damlbmp_zone,2025-09-04,2025-09-03T09:33:02
damlbmp_zone,2025-09-05,2025-09-04T09:33:02
damlbmp_zone,2025-09-06,2025-09-05T09:33:02
damlbmp_zone,2025-09-07,2025-09-06T09:33:04
damlbmp_zone,2025-09-08,2025-09-07T09:33:02
damlbmp_zone,2025-09-09,2025-09-08T09:33:04
damlbmp_zone,2025-09-10,2025-09-09T09:33:02
damlbmp_zone,2025-09-11,2025-09-10T09:33:04
damlbmp_zone,2025-09-12,2025-09-11T09:33:04
damlbmp_zone,2025-09-13,2025-09-12T09:33:02
damlbmp_zone,2025-09-14,2025-09-13T09:33:02
damlbmp_zone,2025-09-15,2025-09-14T09:42:04
damlbmp_zone,2025-09-16,2025-09-15T09:33:02
damlbmp_zone,2025-09-17,2025-09-16T09:32:02
damlbmp_zone,2025-09-18,2025-09-17T09:33:02
damlbmp_zone,2025-09-19,2025-09-18T09:33:04
damlbmp_zone,2025-09-20,2025-09-19T09:33:02
damlbmp_zone,2025-09-21,2025-09-20T09:32:02
damlbmp_zone,2025-09-22,2025-09-21T09:32:04
damlbmp_zone,2025-09-23,2025-09-22T09:33:04
damlbmp_zone,2025-09-24,2025-09-23T09:33:44
damlbmp_zone,2025-09-25,2025-09-24T09:33:02
damlbmp_zone,2025-09-26,2025-09-25T09:33:02
damlbmp_zone,2025-09-27,2025-09-26T09:32:06
damlbmp_zone,2025-09-28,2025-09-27T09:32:06
damlbmp_zone,2025-09-29,2025-09-28T09:50:02
damlbmp_zone,2025-09-30,2025-09-29T09:33:02
damlbmp_zone,2025-10-01,2025-09-30T09:33:02
damlbmp_zone,2025-10-02,2025-10-01T09:32:04
damlbmp_zone,2025-10-03,2025-10-02T09:32:06
damlbmp_zone,2025-10-04,2025-10-03T09:32:04
damlbmp_zone,2025-10-05,2025-10-04T09:33:02
damlbmp_zone,2025-10-06,2025-10-05T09:33:04
damlbmp_zone,2025-10-07,2025-10-06T09:32:04
damlbmp_zone,2025-10-08,2025-10-07T09:33:04
damlbmp_zone,2025-10-09,2025-10-08T09:32:04
damlbmp_zone,2025-10-10,2025-10-09T09:36:02
damlbmp_zone,2025-10-11,2025-10-10T09:33:04
damlbmp_zone,2025-10-12,2025-10-11T09:32:04
damlbmp_zone,2025-10-13,2025-10-12T09:33:02
damlbmp_zone,2025-10-14,2025-10-13T09:32:04
damlbmp_zone,2025-10-15,2025-10-14T09:32:04
damlbmp_zone,2025-10-16,2025-10-15T09:33:02
damlbmp_zone,2025-10-17,2025-10-16T09:34:04
damlbmp_zone,2025-10-18,2025-10-17T09:32:04
damlbmp_zone,2025-10-19,2025-10-18T09:32:02
damlbmp_zone,2025-10-20,2025-10-19T09:33:02
damlbmp_zone,2025-10-21,2025-10-20T09:32:02
damlbmp_zone,2025-10-22,2025-10-21T09:32:02
damlbmp_zone,2025-10-23,2025-10-22T09:33:04
damlbmp_zone,2025-10-24,2025-10-23T09:33:02
damlbmp_zone,2025-10-25,2025-10-24T09:35:44
damlbmp_zone,2025-10-26,2025-10-25T09:35:02
damlbmp_zone,2025-10-27,2025-10-26T09:32:06
damlbmp_zone,2025-10-28,2025-10-27T09:33:02
damlbmp_zone,2025-10-29,2025-10-28T09:32:04
damlbmp_zone,2025-10-30,2025-10-29T09:33:02
damlbmp_zone,2025-10-31,2025-10-30T09:33:02
damlbmp_zone,2025-11-01,2025-10-31T09:32:04
damlbmp_zone,2025-11-02,2025-11-01T09:32:04
damlbmp_zone,2025-11-03,2025-11-02T09:32:02
damlbmp_zone,2025-11-04,2025-11-03T09:32:04
damlbmp_zone,2025-11-05,2025-11-04T09:33:04
damlbmp_zone,2025-11-06,2025-11-05T09:33:02
damlbmp_zone,2025-11-07,2025-11-06T09:32:04
damlbmp_zone,2025-11-08,2025-11-07T09:32:06
damlbmp_zone,2025-11-09,2025-11-08T09:33:02
damlbmp_zone,2025-11-10,2025-11-09T09:33:02
damlbmp_zone,2025-11-11,2025-11-10T09:33:02
damlbmp_zone,2025-11-12,2025-11-11T09:33:02
damlbmp_zone,2025-11-13,2025-11-12T09:33:04
damlbmp_zone,2025-11-14,2025-11-13T09:33:02
damlbmp_zone,2025-11-15,2025-11-14T09:33:02
damlbmp_zone,2025-11-16,2025-11-15T09:33:06
damlbmp_zone,2025-11-17,2025-11-16T09:33:06
damlbmp_zone,2025-11-18,2025-11-17T09:32:02
damlbmp_zone,2025-11-19,2025-11-18T09:32:02
damlbmp_zone,2025-11-20,2025-11-19T09:32:04
damlbmp_zone,2025-11-21,2025-11-20T09:32:02
damlbmp_zone,2025-11-22,2025-11-21T09:32:02
damlbmp_zone,2025-11-23,2025-11-22T09:33:02
damlbmp_zone,2025-11-24,2025-11-23T09:32:04
damlbmp_zone,2025-11-25,2025-11-24T09:33:02
damlbmp_zone,2025-11-26,2025-11-25T09:33:02
damlbmp_zone,2025-11-27,2025-11-26T09:32:00
damlbmp_zone,2025-11-28,2025-11-27T09:32:02
damlbmp_zone,2025-11-29,2025-11-28T09:32:02
damlbmp_zone,2025-11-30,2025-11-29T09:32:02
damlbmp_zone,2025-12-01,2025-11-30T09:32:04
damlbmp_zone,2025-12-02,2025-12-01T09:33:02
damlbmp_zone,2025-12-03,2025-12-02T09:33:02
damlbmp_zone,2025-12-04,2025-12-03T09:33:02
damlbmp_zone,2025-12-05,2025-12-04T09:33:02
damlbmp_zone,2025-12-06,2025-12-05T09:33:02
damlbmp_zone,2025-12-07,2025-12-06T09:32:02
damlbmp_zone,2025-12-08,2025-12-07T09:33:02
damlbmp_zone,2025-12-09,2025-12-08T09:39:02
damlbmp_zone,2025-12-10,2025-12-09T09:33:00
damlbmp_zone,2025-12-11,2025-12-10T09:34:02
damlbmp_zone,2025-12-12,2025-12-11T09:33:02
damlbmp_zone,2025-12-13,2025-12-12T09:33:02
damlbmp_zone,2025-12-14,2025-12-13T09:32:02
damlbmp_zone,2025-12-15,2025-12-14T09:33:02
damlbmp_zone,2025-12-16,2025-12-15T09:33:02
damlbmp_zone,2025-12-17,2025-12-16T09:32:02
damlbmp_zone,2025-12-18,2025-12-17T09:33:02
damlbmp_zone,2025-12-19,2025-12-18T09:33:02
damlbmp_zone,2025-12-20,2025-12-19T09:33:02
damlbmp_zone,2025-12-21,2025-12-20T09:32:02
damlbmp_zone,2025-12-22,2025-12-21T09:32:02
damlbmp_zone,2025-12-23,2025-12-22T09:32:04
damlbmp_zone,2025-12-24,2025-12-23T09:32:02
damlbmp_zone,2025-12-25,2025-12-24T09:33:02
damlbmp_zone,2025-12-26,2025-12-25T09:32:02
damlbmp_zone,2025-12-27,2025-12-26T09:33:02
damlbmp_zone,2025-12-28,2025-12-27T09:33:02
damlbmp_zone,2025-12-29,2025-12-28T09:32:02
damlbmp_zone,2025-12-30,2025-12-29T09:33:02
damlbmp_zone,2025-12-31,2025-12-30T09:34:06
damlbmp_zone,2026-01-01,2025-12-31T09:34:02
damlbmp_zone,2026-01-02,2026-01-01T09:33:02
damlbmp_zone,2026-01-03,2026-01-02T09:32:04
damlbmp_zone,2026-01-04,2026-01-03T09:33:00
damlbmp_zone,2026-01-05,2026-01-04T09:33:02
damlbmp_zone,2026-01-06,2026-01-05T09:33:00
damlbmp_zone,2026-01-07,2026-01-06T09:29:00
damlbmp_zone,2026-01-08,2026-01-07T09:32:02
damlbmp_zone,2026-01-09,2026-01-08T09:33:02
damlbmp_zone,2026-01-10,2026-01-09T09:33:02
damlbmp_zone,2026-01-11,2026-01-10T09:34:02
damlbmp_zone,2026-01-12,2026-01-11T09:33:02
damlbmp_zone,2026-01-13,2026-01-12T09:33:02
damlbmp_zone,2026-01-14,2026-01-13T09:33:00
damlbmp_zone,2026-01-15,2026-01-14T09:33:02
damlbmp_zone,2026-01-16,2026-01-15T09:33:00
damlbmp_zone,2026-01-17,2026-01-16T09:33:00
damlbmp_zone,2026-01-18,2026-01-17T09:33:02
damlbmp_zone,2026-01-19,2026-01-18T09:32:02
damlbmp_zone,2026-01-20,2026-01-19T09:32:02
damlbmp_zone,2026-01-21,2026-01-20T09:33:02
damlbmp_zone,2026-01-22,2026-01-21T09:33:02
damlbmp_zone,2026-01-23,2026-01-22T09:33:04
damlbmp_zone,2026-01-24,2026-01-23T09:33:02
damlbmp_zone,2026-01-25,2026-01-24T09:32:02
damlbmp_zone,2026-01-26,2026-01-25T09:32:02
damlbmp_zone,2026-01-27,2026-01-26T09:33:02
damlbmp_zone,2026-01-28,2026-01-27T09:33:02
damlbmp_zone,2026-01-29,2026-01-28T09:32:02
damlbmp_zone,2026-01-30,2026-01-29T09:33:02
damlbmp_zone,2026-01-31,2026-01-30T09:33:00
damlbmp_zone,2026-02-01,2026-01-31T09:32:02
damlbmp_zone,2026-02-02,2026-02-01T09:33:02
damlbmp_zone,2026-02-03,2026-02-02T09:34:02
damlbmp_zone,2026-02-04,2026-02-03T09:34:02
damlbmp_zone,2026-02-05,2026-02-04T09:32:02
damlbmp_zone,2026-02-06,2026-02-05T09:32:02
damlbmp_zone,2026-02-07,2026-02-06T09:32:02
damlbmp_zone,2026-02-08,2026-02-07T09:33:02
damlbmp_zone,2026-02-09,2026-02-08T09:33:02
damlbmp_zone,2026-02-10,2026-02-09T09:33:02
damlbmp_zone,2026-02-11,2026-02-10T09:32:02
damlbmp_zone,2026-02-12,2026-02-11T09:38:02
damlbmp_zone,2026-02-13,2026-02-12T09:32:02
damlbmp_zone,2026-02-14,2026-02-13T09:32:02
damlbmp_zone,2026-02-15,2026-02-14T09:33:02
damlbmp_zone,2026-02-16,2026-02-15T09:33:02
damlbmp_zone,2026-02-17,2026-02-16T09:33:02
damlbmp_zone,2026-02-18,2026-02-17T09:32:02
damlbmp_zone,2026-02-19,2026-02-18T09:33:02
damlbmp_zone,2026-02-20,2026-02-19T09:33:02
damlbmp_zone,2026-02-21,2026-02-20T09:33:02
damlbmp_zone,2026-02-22,2026-02-21T09:32:02
damlbmp_zone,2026-02-23,2026-02-22T09:33:02
damlbmp_zone,2026-02-24,2026-02-23T09:32:02
damlbmp_zone,2026-02-25,2026-02-24T09:32:02
damlbmp_zone,2026-02-26,2026-02-25T09:33:02
damlbmp_zone,2026-02-27,2026-02-26T09:33:02
damlbmp_zone,2026-02-28,2026-02-27T09:33:02
damlbmp_zone,2026-03-01,2026-02-28T09:32:04
damlbmp_zone,2026-03-02,2026-03-01T09:32:04
damlbmp_zone,2026-03-03,2026-03-02T09:32:02
damlbmp_zone,2026-03-04,2026-03-03T09:32:02
damlbmp_zone,2026-03-05,2026-03-04T09:32:02
damlbmp_zone,2026-03-06,2026-03-05T09:33:02
damlbmp_zone,2026-03-07,2026-03-06T09:33:04
damlbmp_zone,2026-03-08,2026-03-07T09:32:02
damlbmp_zone,2026-03-09,2026-03-08T09:33:02
damlbmp_zone,2026-03-10,2026-03-09T09:33:02
damlbmp_zone,2026-03-11,2026-03-10T09:33:02
damlbmp_zone,2026-03-12,2026-03-11T09:38:02
damlbmp_zone,2026-03-13,2026-03-12T09:33:02
damlbmp_zone,2026-03-14,2026-03-13T09:33:02
damlbmp_zone,2026-03-15,2026-03-14T09:33:02
damlbmp_zone,2026-03-16,2026-03-15T09:33:02
damlbmp_zone,2026-03-17,2026-03-16T09:33:02
damlbmp_zone,2026-03-18,2026-03-17T09:32:02
damlbmp_zone,2026-03-19,2026-03-18T09:31:02
damlbmp_zone,2026-03-20,2026-03-19T09:32:02
damlbmp_zone,2026-03-21,2026-03-20T09:32:04
damlbmp_zone,2026-03-22,2026-03-21T09:33:02
damlbmp_zone,2026-03-23,2026-03-22T09:33:02
damlbmp_zone,2026-03-24,2026-03-23T09:32:02
damlbmp_zone,2026-03-25,2026-03-24T09:34:02
damlbmp_zone,2026-03-26,2026-03-25T09:32:00
damlbmp_zone,2026-03-27,2026-03-26T09:32:02
damlbmp_zone,2026-03-28,2026-03-27T09:32:02
damlbmp_zone,2026-03-29,2026-03-28T09:33:02
damlbmp_zone,2026-03-30,2026-03-29T09:33:02
damlbmp_zone,2026-03-31,2026-03-30T09:33:02
damlbmp_zone,2026-04-01,2026-03-31T09:33:02
damlbmp_zone,2026-04-02,2026-04-01T09:33:02
damlbmp_zone,2026-04-03,2026-04-02T09:33:00
damlbmp_zone,2026-04-04,2026-04-03T09:33:02
damlbmp_zone,2026-04-05,2026-04-04T09:32:02
damlbmp_zone,2026-04-06,2026-04-05T09:33:02
damlbmp_zone,2026-04-07,2026-04-06T09:33:02
damlbmp_zone,2026-04-08,2026-04-07T09:33:02
damlbmp_zone,2026-04-09,2026-04-08T09:33:02
damlbmp_zone,2026-04-10,2026-04-09T09:33:02
damlbmp_zone,2026-04-11,2026-04-10T09:32:02
damlbmp_zone,2026-04-12,2026-04-11T09:32:02
damlbmp_zone,2026-04-13,2026-04-12T09:32:02
damlbmp_zone,2026-04-14,2026-04-13T09:32:02
damlbmp_zone,2026-04-15,2026-04-14T09:33:02
damlbmp_zone,2026-04-16,2026-04-15T09:33:02
damlbmp_zone,2026-04-17,2026-04-16T09:33:02
damlbmp_zone,2026-04-18,2026-04-17T09:33:02
damlbmp_zone,2026-04-19,2026-04-18T09:33:02
damlbmp_zone,2026-04-20,2026-04-19T09:32:02
damlbmp_zone,2026-04-21,2026-04-20T09:32:02
damlbmp_zone,2026-04-22,2026-04-21T09:32:02
damlbmp_zone,2026-04-23,2026-04-22T09:32:02
damlbmp_zone,2026-04-24,2026-04-23T09:33:02
damlbmp_zone,2026-04-25,2026-04-24T09:32:04
damlbmp_zone,2026-04-26,2026-04-25T09:33:02
damlbmp_zone,2026-04-27,2026-04-26T09:33:02
damlbmp_zone,2026-04-28,2026-04-27T09:33:04
damlbmp_zone,2026-04-29,2026-04-28T09:33:04
damlbmp_zone,2026-04-30,2026-04-29T09:33:02
damlbmp_zone,2026-05-01,2026-04-30T09:32:02
damlbmp_zone,2026-05-02,2026-05-01T09:33:02
damlbmp_zone,2026-05-03,2026-05-02T09:33:02
damlbmp_zone,2026-05-04,2026-05-03T09:33:02
damlbmp_zone,2026-05-05,2026-05-04T09:33:02
damlbmp_zone,2026-05-06,2026-05-05T09:32:02
damlbmp_zone,2026-05-07,2026-05-06T09:33:02
damlbmp_zone,2026-05-08,2026-05-07T09:32:02
damlbmp_zone,2026-05-09,2026-05-08T09:33:02
damlbmp_zone,2026-05-10,2026-05-09T09:32:02
damlbmp_zone,2026-05-11,2026-05-10T09:32:02
damlbmp_zone,2026-05-12,2026-05-11T09:32:02
damlbmp_zone,2026-05-13,2026-05-12T09:33:02
damlbmp_zone,2026-05-14,2026-05-13T09:33:00
damlbmp_zone,2026-05-15,2026-05-14T09:33:02
damlbmp_zone,2026-05-16,2026-05-15T09:32:06
damlbmp_zone,2026-05-17,2026-05-16T09:32:02
damlbmp_zone,2026-05-18,2026-05-17T09:32:02
damlbmp_zone,2026-05-19,2026-05-18T09:32:02
damlbmp_zone,2026-05-20,2026-05-19T09:33:02
damlbmp_zone,2026-05-21,2026-05-20T09:33:02
damlbmp_zone,2026-05-22,2026-05-21T09:32:02
damlbmp_zone,2026-05-23,2026-05-22T09:33:02
damlbmp_zone,2026-05-24,2026-05-23T09:32:02
damlbmp_zone,2026-05-25,2026-05-24T09:32:02
damlbmp_zone,2026-05-26,2026-05-25T09:32:02
damlbmp_zone,2026-05-27,2026-05-26T09:33:02
damlbmp_zone,2026-05-28,2026-05-27T09:32:02
damlbmp_zone,2026-05-29,2026-05-28T09:32:02
damlbmp_zone,2026-05-30,2026-05-29T09:34:32
damlbmp_zone,2026-05-31,2026-05-30T09:33:02
damlbmp_zone,2026-06-01,2026-05-31T09:33:02
damlbmp_zone,2026-06-02,2026-06-01T09:33:02
damlbmp_zone,2026-06-03,2026-06-02T09:33:02
damlbmp_zone,2026-06-04,2026-06-03T09:33:02
damlbmp_zone,2026-06-05,2026-06-04T09:33:02
damlbmp_zone,2026-06-06,2026-06-05T09:33:00
damlbmp_zone,2026-06-07,2026-06-06T09:33:02
damlbmp_zone,2026-06-08,2026-06-07T09:34:02
damlbmp_zone,2026-06-09,2026-06-08T09:33:02
damlbmp_zone,2026-06-10,2026-06-09T09:33:00
damlbmp_zone,2026-06-11,2026-06-10T09:32:02
damlbmp_zone,2026-06-12,2026-06-11T09:32:02
damlbmp_zone,2026-06-13,2026-06-12T09:32:04
damlbmp_zone,2026-06-14,2026-06-13T09:33:00
damlbmp_zone,2026-06-15,2026-06-14T09:33:00
damlbmp_zone,2026-06-16,2026-06-15T09:33:00
damlbmp_zone,2026-06-17,2026-06-16T09:33:02
damlbmp_zone,2026-06-18,2026-06-17T09:38:02
damlbmp_zone,2026-06-19,2026-06-18T09:33:02
damlbmp_zone,2026-06-20,2026-06-19T09:33:02
damlbmp_zone,2026-06-21,2026-06-20T09:33:02
damlbmp_zone,2026-06-22,2026-06-21T09:33:02
damlbmp_zone,2026-06-23,2026-06-22T09:33:02
damlbmp_zone,2026-06-24,2026-06-23T09:33:02
damlbmp_zone,2026-06-25,2026-06-24T09:34:02
damlbmp_zone,2026-06-26,2026-06-25T09:33:02
damlbmp_zone,2026-06-27,2026-06-26T09:33:02
damlbmp_zone,2026-06-28,2026-06-27T09:33:02
damlbmp_zone,2026-06-29,2026-06-28T09:33:02
damlbmp_zone,2026-06-30,2026-06-29T09:32:02
damlbmp_zone,2026-07-01,2026-06-30T09:33:00
damlbmp_zone,2026-07-02,2026-07-01T09:33:02
damlbmp_zone,2026-07-03,2026-07-02T09:33:02
damlbmp_zone,2026-07-04,2026-07-03T09:33:02
damlbmp_zone,2026-07-05,2026-07-04T09:32:02
damlbmp_zone,2026-07-06,2026-07-05T09:32:04
damlbmp_zone,2026-07-07,2026-07-06T09:32:04
damlbmp_zone,2026-07-08,2026-07-07T09:33:00
damlbmp_zone,2026-07-09,2026-07-08T09:32:02
damlbmp_zone,2026-07-10,2026-07-09T09:33:02
damlbmp_zone,2026-07-11,2026-07-10T09:33:02
damlbmp_zone,2026-07-12,2026-07-11T09:32:02
damlbmp_zone,2026-07-13,2026-07-12T09:33:02
damlbmp_zone,2026-07-14,2026-07-13T09:32:02
damlbmp_zone,2026-07-15,2026-07-14T09:32:02
damlbmp_zone,2026-07-16,2026-07-15T09:32:02
damlbmp_zone,2026-07-17,2026-07-16T09:32:02
damlbmp_zone,2026-07-18,2026-07-17T09:33:02
damlbmp_zone,2026-07-19,2026-07-18T09:32:02
damlbmp_zone,2026-07-20,2026-07-19T09:32:02
damlbmp_zone,2026-07-21,2026-07-20T09:32:04
damlbmp_zone,2026-07-22,2026-07-21T09:35:02
damlbmp_zone,2026-07-23,2026-07-22T09:32:02
damlbmp_zone,2026-07-24,2026-07-23T09:33:02
damlbmp_zone,2026-07-25,2026-07-24T09:33:02
damlbmp_zone,2026-07-26,2026-07-25T09:33:04
damlbmp_zone,2026-07-27,2026-07-26T09:32:06
damlbmp_zone,2026-07-28,2026-07-27T09:37:06
damlbmp_zone,2026-07-29,2026-07-28T09:33:02
damlbmp_zone,2026-07-30,2026-07-29T09:32:06
damlbmp_zone,2026-07-31,2026-07-30T09:34:04
damlbmp_zone,2026-08-01,2026-07-31T09:32:12
damlbmp_zone,2026-08-02,2026-08-01T09:32:12
damlbmp_zone,2026-08-03,2026-08-02T09:33:06
damlbmp_zone,2026-08-04,2026-08-03T09:32:12
damlbmp_zone,2026-08-05,2026-08-04T09:32:12
damlbmp_zone,2026-08-06,2026-08-05T09:33:06
damlbmp_zone,2026-08-07,2026-08-06T09:33:08
damlbmp_zone,2026-08-08,2026-08-07T09:33:06
damlbmp_zone,2026-08-09,2026-08-08T09:33:06
damlbmp_zone,2026-08-10,2026-08-09T09:33:06
damlbmp_zone,2026-08-11,2026-08-10T09:32:14
damlbmp_zone,2026-08-12,2026-08-11T09:33:06
damlbmp_zone,2026-08-13,2026-08-12T09:32:14
damlbmp_zone,2026-08-14,2026-08-13T09:33:08
damlbmp_zone,2026-08-15,2026-08-14T09:33:08
damlbmp_zone,2026-08-16,2026-08-15T09:32:18
damlbmp_zone,2026-08-17,2026-08-16T09:32:12
damlbmp_zone,2026-08-18,2026-08-17T09:32:14
damlbmp_zone,2026-08-19,2026-08-18T09:34:06
damlbmp_zone,2026-08-20,2026-08-19T09:33:06
damlbmp_zone,2026-08-21,2026-08-20T09:33:06
damlbmp_zone,2026-08-22,2026-08-21T09:33:06
damlbmp_zone,2026-08-23,2026-08-22T09:32:12
damlbmp_zone,2026-08-24,2026-08-23T09:34:06
damlbmp_zone,2026-08-25,2026-08-24T09:33:06
damlbmp_zone,2026-08-26,2026-08-25T09:33:06
damlbmp_zone,2026-08-27,2026-08-26T09:33:06
damlbmp_zone,2026-08-28,2026-08-27T09:33:06
damlbmp_zone,2026-08-29,2026-08-28T09:33:04
damlbmp_zone,2026-08-30,2026-08-29T09:32:12
damlbmp_zone,2026-08-31,2026-08-30T09:33:06
damlbmp_zone,2026-09-01,2026-08-31T09:32:12
damlbmp_zone,2026-09-02,2026-09-01T09:33:06
damlbmp_zone,2026-09-03,2026-09-02T09:33:08
damlbmp_zone,2026-09-04,2026-09-03T09:33:06
damlbmp_zone,2026-09-05,2026-09-04T09:34:08
damlbmp_zone,2026-09-06,2026-09-05T09:33:08
damlbmp_zone,2026-09-07,2026-09-06T09:33:08
damlbmp_zone,2026-09-08,2026-09-07T09:32:14
damlbmp_zone,2026-09-09,2026-09-08T09:33:08
damlbmp_zone,2026-09-10,2026-09-09T09:33:06
damlbmp_zone,2026-09-11,2026-09-10T09:32:12
damlbmp_zone,2026-09-12,2026-09-11T09:34:06
damlbmp_zone,2026-09-13,2026-09-12T09:33:08
damlbmp_zone,2026-09-14,2026-09-13T09:33:06
damlbmp_zone,2026-09-15,2026-09-14T09:33:06
damlbmp_zone,2026-09-16,2026-09-15T09:32:12
damlbmp_zone,2026-09-17,2026-09-16T09:33:06
damlbmp_zone,2026-09-18,2026-09-17T09:33:06
damlbmp_zone,2026-09-19,2026-09-18T09:32:10
damlbmp_zone,2026-09-20,2026-09-19T09:32:12
damlbmp_zone,2026-09-21,2026-09-20T09:33:06
damlbmp_zone,2026-09-22,2026-09-21T09:32:10
damlbmp_zone,2026-09-23,2026-09-22T09:32:04
damlbmp_zone,2026-09-24,2026-09-23T09:32:02
damlbmp_zone,2026-09-25,2026-09-24T09:33:02
damlbmp_zone,2026-09-26,2026-09-25T09:33:10
damlbmp_zone,2026-09-27,2026-09-26T09:32:02
damlbmp_zone,2026-09-28,2026-09-27T09:31:02
damlbmp_zone,2026-09-29,2026-09-28T09:32:02
damlbmp_zone,2026-09-30,2026-09-29T09:37:02
damlbmp_gen,2020-01-01,2019-12-31T09:35:08
damlbmp_gen,2020-01-02,2020-01-01T09:34:08
damlbmp_gen,2020-01-03,2020-01-02T09:34:08
damlbmp_gen,2020-01-04,2020-01-03T09:34:06
damlbmp_gen,2020-01-05,2020-01-04T09:38:06
damlbmp_gen,2020-01-06,2020-01-05T09:39:06
damlbmp_gen,2020-01-07,2020-01-06T09:35:08
damlbmp_gen,2020-01-08,2020-01-07T09:35:08
damlbmp_gen,2020-01-09,2020-01-08T09:34:06
damlbmp_gen,2020-01-10,2020-01-09T09:38:08
damlbmp_gen,2020-01-11,2020-01-10T09:35:08
damlbmp_gen,2020-01-12,2020-01-11T09:38:08
damlbmp_gen,2020-01-13,2020-01-12T09:38:08
damlbmp_gen,2020-01-14,2020-01-13T09:35:08
damlbmp_gen,2020-01-15,2020-01-14T09:35:08
damlbmp_gen,2020-01-16,2020-01-15T09:37:08
damlbmp_gen,2020-01-17,2020-01-16T09:35:10
damlbmp_gen,2020-01-18,2020-01-17T09:36:08
damlbmp_gen,2020-01-19,2020-01-18T09:39:08
damlbmp_gen,2020-01-20,2020-01-19T09:39:08
damlbmp_gen,2020-01-21,2020-01-20T09:35:08
damlbmp_gen,2020-01-22,2020-01-21T09:35:08
damlbmp_gen,2020-01-23,2020-01-22T09:36:08
damlbmp_gen,2020-01-24,2020-01-23T09:35:10
damlbmp_gen,2020-01-25,2020-01-24T09:35:12
damlbmp_gen,2020-01-26,2020-01-25T09:38:08
damlbmp_gen,2020-01-27,2020-01-26T09:39:08
damlbmp_gen,2020-01-28,2020-01-27T09:35:14
damlbmp_gen,2020-01-29,2020-01-28T09:35:14
damlbmp_gen,2020-01-30,2020-01-29T09:35:10
damlbmp_gen,2020-01-31,2020-01-30T09:35:12
damlbmp_gen,2020-02-01,2020-01-31T09:35:08
damlbmp_gen,2020-02-02,2020-02-01T09:38:08
damlbmp_gen,2020-02-03,2020-02-02T09:39:08
damlbmp_gen,2020-02-04,2020-02-03T09:34:08
damlbmp_gen,2020-02-05,2020-02-04T09:35:08
damlbmp_gen,2020-02-06,2020-02-05T09:35:08
damlbmp_gen,2020-02-07,2020-02-06T09:34:06
damlbmp_gen,2020-02-08,2020-02-07T09:35:10
damlbmp_gen,2020-02-09,2020-02-08T09:39:08
damlbmp_gen,2020-02-10,2020-02-09T09:40:10
damlbmp_gen,2020-02-11,2020-02-10T09:37:08
damlbmp_gen,2020-02-12,2020-02-11T09:34:08
damlbmp_gen,2020-02-13,2020-02-12T09:34:06
damlbmp_gen,2020-02-14,2020-02-13T09:36:08
damlbmp_gen,2020-02-15,2020-02-14T09:35:12
damlbmp_gen,2020-02-16,2020-02-15T09:39:08
damlbmp_gen,2020-02-17,2020-02-16T09:38:08
damlbmp_gen,2020-02-18,2020-02-17T09:35:12
damlbmp_gen,2020-02-19,2020-02-18T09:35:12
damlbmp_gen,2020-02-20,2020-02-19T09:35:10
damlbmp_gen,2020-02-21,2020-02-20T09:34:08
damlbmp_gen,2020-02-22,2020-02-21T09:36:08
damlbmp_gen,2020-02-23,2020-02-22T09:39:08
damlbmp_gen,2020-02-24,2020-02-23T09:38:08
damlbmp_gen,2020-02-25,2020-02-24T09:35:10
damlbmp_gen,2020-02-26,2020-02-25T09:36:08
damlbmp_gen,2020-02-27,2020-02-26T09:35:08
damlbmp_gen,2020-02-28,2020-02-27T09:36:08
damlbmp_gen,2020-02-29,2020-02-28T09:35:08
damlbmp_gen,2020-03-01,2020-02-29T09:38:10
damlbmp_gen,2020-03-02,2020-03-01T09:39:08
damlbmp_gen,2020-03-03,2020-03-02T09:35:14
damlbmp_gen,2020-03-04,2020-03-03T09:35:10
damlbmp_gen,2020-03-05,2020-03-04T09:35:10
damlbmp_gen,2020-03-06,2020-03-05T09:34:06
damlbmp_gen,2020-03-07,2020-03-06T09:36:06
damlbmp_gen,2020-03-08,2020-03-07T09:38:06
damlbmp_gen,2020-03-09,2020-03-08T09:35:08
damlbmp_gen,2020-03-10,2020-03-09T09:33:10
damlbmp_gen,2020-03-11,2020-03-10T09:33:06
damlbmp_gen,2020-03-12,2020-03-11T09:33:06
damlbmp_gen,2020-03-13,2020-03-12T09:34:06
damlbmp_gen,2020-03-14,2020-03-13T09:34:06
damlbmp_gen,2020-03-15,2020-03-14T09:35:12
damlbmp_gen,2020-03-16,2020-03-15T09:38:08
damlbmp_gen,2020-03-17,2020-03-16T09:34:06
damlbmp_gen,2020-03-18,2020-03-17T09:34:06
damlbmp_gen,2020-03-19,2020-03-18T09:35:08
damlbmp_gen,2020-03-20,2020-03-19T09:36:10
damlbmp_gen,2020-03-21,2020-03-20T09:34:08
damlbmp_gen,2020-03-22,2020-03-21T09:36:08
damlbmp_gen,2020-03-23,2020-03-22T09:36:08
damlbmp_gen,2020-03-24,2020-03-23T09:35:10
damlbmp_gen,2020-03-25,2020-03-24T09:33:08
damlbmp_gen,2020-03-26,2020-03-25T09:33:06
damlbmp_gen,2020-03-27,2020-03-26T09:34:08
damlbmp_gen,2020-03-28,2020-03-27T09:34:06
damlbmp_gen,2020-03-29,2020-03-28T09:37:10
damlbmp_gen,2020-03-30,2020-03-29T09:37:10
damlbmp_gen,2020-03-31,2020-03-30T09:35:08
damlbmp_gen,2020-04-01,2020-03-31T09:34:06
damlbmp_gen,2020-04-02,2020-04-01T09:35:10
damlbmp_gen,2020-04-03,2020-04-02T09:34:10
damlbmp_gen,2020-04-04,2020-04-03T09:37:10
damlbmp_gen,2020-04-05,2020-04-04T09:37:08
damlbmp_gen,2020-04-06,2020-04-05T09:38:08
damlbmp_gen,2020-04-07,2020-04-06T09:34:08
damlbmp_gen,2020-04-08,2020-04-07T09:34:06
damlbmp_gen,2020-04-09,2020-04-08T09:36:06
damlbmp_gen,2020-04-10,2020-04-09T09:35:08
damlbmp_gen,2020-04-11,2020-04-10T09:34:10
damlbmp_gen,2020-04-12,2020-04-11T09:36:08
damlbmp_gen,2020-04-13,2020-04-12T09:38:08
damlbmp_gen,2020-04-14,2020-04-13T09:34:06
damlbmp_gen,2020-04-15,2020-04-14T09:35:10
damlbmp_gen,2020-04-16,2020-04-15T09:34:06
damlbmp_gen,2020-04-17,2020-04-16T09:37:08
damlbmp_gen,2020-04-18,2020-04-17T09:34:08
damlbmp_gen,2020-04-19,2020-04-18T09:37:08
damlbmp_gen,2020-04-20,2020-04-19T09:36:10
damlbmp_gen,2020-04-21,2020-04-20T09:35:14
damlbmp_gen,2020-04-22,2020-04-21T09:34:08
damlbmp_gen,2020-04-23,2020-04-22T09:34:08
damlbmp_gen,2020-04-24,2020-04-23T09:34:06
damlbmp_gen,2020-04-25,2020-04-24T09:34:08
damlbmp_gen,2020-04-26,2020-04-25T09:36:08
damlbmp_gen,2020-04-27,2020-04-26T09:35:10
damlbmp_gen,2020-04-28,2020-04-27T09:33:08
damlbmp_gen,2020-04-29,2020-04-28T09:34:08
damlbmp_gen,2020-04-30,2020-04-29T09:34:08
damlbmp_gen,2020-05-01,2020-04-30T09:34:06
damlbmp_gen,2020-05-02,2020-05-01T09:34:10
damlbmp_gen,2020-05-03,2020-05-02T09:34:14
damlbmp_gen,2020-05-04,2020-05-03T09:36:08
damlbmp_gen,2020-05-05,2020-05-04T09:34:08
damlbmp_gen,2020-05-06,2020-05-05T09:34:08
damlbmp_gen,2020-05-07,2020-05-06T09:35:10
damlbmp_gen,2020-05-08,2020-05-07T09:34:06
damlbmp_gen,2020-05-09,2020-05-08T09:34:08
damlbmp_gen,2020-05-10,2020-05-09T09:35:12
damlbmp_gen,2020-05-11,2020-05-10T09:39:08
damlbmp_gen,2020-05-12,2020-05-11T09:35:10
damlbmp_gen,2020-05-13,2020-05-12T09:33:06
damlbmp_gen,2020-05-14,2020-05-13T09:33:06
damlbmp_gen,2020-05-15,2020-05-14T09:33:08
damlbmp_gen,2020-05-16,2020-05-15T09:33:08
damlbmp_gen,2020-05-17,2020-05-16T09:35:08
damlbmp_gen,2020-05-18,2020-05-17T09:36:08
damlbmp_gen,2020-05-19,2020-05-18T09:35:12
damlbmp_gen,2020-05-20,2020-05-19T09:38:06
damlbmp_gen,2020-05-21,2020-05-20T09:34:08
damlbmp_gen,2020-05-22,2020-05-21T09:33:08
damlbmp_gen,2020-05-23,2020-05-22T09:35:08
damlbmp_gen,2020-05-24,2020-05-23T09:35:08
damlbmp_gen,2020-05-25,2020-05-24T09:35:12
damlbmp_gen,2020-05-26,2020-05-25T09:33:08
damlbmp_gen,2020-05-27,2020-05-26T09:35:12
damlbmp_gen,2020-05-28,2020-05-27T09:35:08
damlbmp_gen,2020-05-29,2020-05-28T09:35:08
damlbmp_gen,2020-05-30,2020-05-29T09:34:08
damlbmp_gen,2020-05-31,2020-05-30T09:34:10
damlbmp_gen,2020-06-01,2020-05-31T09:36:08
damlbmp_gen,2020-06-02,2020-06-01T09:33:08
damlbmp_gen,2020-06-03,2020-06-02T09:34:08
damlbmp_gen,2020-06-04,2020-06-03T09:34:06
damlbmp_gen,2020-06-05,2020-06-04T09:35:08
damlbmp_gen,2020-06-06,2020-06-05T09:34:06
damlbmp_gen,2020-06-07,2020-06-06T09:35:12
damlbmp_gen,2020-06-08,2020-06-07T09:35:08
damlbmp_gen,2020-06-09,2020-06-08T09:33:06
damlbmp_gen,2020-06-10,2020-06-09T09:33:08
damlbmp_gen,2020-06-11,2020-06-10T09:33:08
damlbmp_gen,2020-06-12,2020-06-11T09:34:06
damlbmp_gen,2020-06-13,2020-06-12T09:34:06
damlbmp_gen,2020-06-14,2020-06-13T09:40:10
damlbmp_gen,2020-06-15,2020-06-14T09:38:08
damlbmp_gen,2020-06-16,2020-06-15T09:35:08
damlbmp_gen,2020-06-17,2020-06-16T09:34:06
damlbmp_gen,2020-06-18,2020-06-17T09:33:08
damlbmp_gen,2020-06-19,2020-06-18T09:34:08
damlbmp_gen,2020-06-20,2020-06-19T09:33:08
damlbmp_gen,2020-06-21,2020-06-20T09:36:08
damlbmp_gen,2020-06-22,2020-06-21T09:37:08
damlbmp_gen,2020-06-23,2020-06-22T09:34:08
damlbmp_gen,2020-06-24,2020-06-23T09:33:08
damlbmp_gen,2020-06-25,2020-06-24T09:36:08
damlbmp_gen,2020-06-26,2020-06-25T09:34:10
damlbmp_gen,2020-06-27,2020-06-26T09:34:08
damlbmp_gen,2020-06-28,2020-06-27T09:36:10
damlbmp_gen,2020-06-29,2020-06-28T09:36:10
damlbmp_gen,2020-06-30,2020-06-29T09:34:08
damlbmp_gen,2020-07-01,2020-06-30T09:36:08
damlbmp_gen,2020-07-02,2020-07-01T09:35:10
damlbmp_gen,2020-07-03,2020-07-02T09:34:08
damlbmp_gen,2020-07-04,2020-07-03T09:35:08
damlbmp_gen,2020-07-05,2020-07-04T09:37:08
damlbmp_gen,2020-07-06,2020-07-05T09:36:06
damlbmp_gen,2020-07-07,2020-07-06T09:34:06
damlbmp_gen,2020-07-08,2020-07-07T09:36:06
damlbmp_gen,2020-07-09,2020-07-08T10:13:06
damlbmp_gen,2020-07-10,2020-07-09T09:36:08
damlbmp_gen,2020-07-11,2020-07-10T09:34:08
damlbmp_gen,2020-07-12,2020-07-11T09:37:08
damlbmp_gen,2020-07-13,2020-07-12T09:37:10
damlbmp_gen,2020-07-14,2020-07-13T09:34:06
damlbmp_gen,2020-07-15,2020-07-14T09:35:08
damlbmp_gen,2020-07-16,2020-07-15T09:36:10
damlbmp_gen,2020-07-17,2020-07-16T09:34:06
damlbmp_gen,2020-07-18,2020-07-17T09:34:08
damlbmp_gen,2020-07-19,2020-07-18T09:37:10
damlbmp_gen,2020-07-20,2020-07-19T09:41:08
damlbmp_gen,2020-07-21,2020-07-20T09:34:08
damlbmp_gen,2020-07-22,2020-07-21T09:34:06
damlbmp_gen,2020-07-23,2020-07-22T09:35:08
damlbmp_gen,2020-07-24,2020-07-23T09:34:10
damlbmp_gen,2020-07-25,2020-07-24T09:34:08
damlbmp_gen,2020-07-26,2020-07-25T09:38:10
damlbmp_gen,2020-07-27,2020-07-26T09:36:08
damlbmp_gen,2020-07-28,2020-07-27T09:35:14
damlbmp_gen,2020-07-29,2020-07-28T09:34:08
damlbmp_gen,2020-07-30,2020-07-29T09:34:08
damlbmp_gen,2020-07-31,2020-07-30T09:35:10
damlbmp_gen,2020-08-01,2020-07-31T09:34:06
damlbmp_gen,2020-08-02,2020-08-01T09:35:08
damlbmp_gen,2020-08-03,2020-08-02T09:37:10
damlbmp_gen,2020-08-04,2020-08-03T09:35:10
damlbmp_gen,2020-08-05,2020-08-04T09:34:06
damlbmp_gen,2020-08-06,2020-08-05T09:34:08
damlbmp_gen,2020-08-07,2020-08-06T09:34:08
damlbmp_gen,2020-08-08,2020-08-07T09:38:08
damlbmp_gen,2020-08-09,2020-08-08T09:36:08
damlbmp_gen,2020-08-10,2020-08-09T09:36:06
damlbmp_gen,2020-08-11,2020-08-10T10:18:08
damlbmp_gen,2020-08-12,2020-08-11T09:37:12
damlbmp_gen,2020-08-13,2020-08-12T09:36:08
damlbmp_gen,2020-08-14,2020-08-13T09:35:12
damlbmp_gen,2020-08-15,2020-08-14T09:35:12
damlbmp_gen,2020-08-16,2020-08-15T09:38:06
damlbmp_gen,2020-08-17,2020-08-16T09:37:08
damlbmp_gen,2020-08-18,2020-08-17T09:34:06
damlbmp_gen,2020-08-19,2020-08-18T09:34:06
damlbmp_gen,2020-08-20,2020-08-19T09:35:10
damlbmp_gen,2020-08-21,2020-08-20T09:34:08
damlbmp_gen,2020-08-22,2020-08-21T09:33:08
damlbmp_gen,2020-08-23,2020-08-22T09:35:10
damlbmp_gen,2020-08-24,2020-08-23T09:37:08
damlbmp_gen,2020-08-25,2020-08-24T09:34:08
damlbmp_gen,2020-08-26,2020-08-25T09:34:08
damlbmp_gen,2020-08-27,2020-08-26T09:35:08
damlbmp_gen,2020-08-28,2020-08-27T09:34:08
damlbmp_gen,2020-08-29,2020-08-28T09:35:12
damlbmp_gen,2020-08-30,2020-08-29T09:32:10
damlbmp_gen,2020-08-31,2020-08-30T09:34:06
damlbmp_gen,2020-09-01,2020-08-31T09:33:06
damlbmp_gen,2020-09-02,2020-09-01T09:34:08
damlbmp_gen,2020-09-03,2020-09-02T09:33:06
damlbmp_gen,2020-09-04,2020-09-03T09:34:06
damlbmp_gen,2020-09-05,2020-09-04T09:34:08
damlbmp_gen,2020-09-06,2020-09-05T09:39:08
damlbmp_gen,2020-09-07,2020-09-06T09:35:08
damlbmp_gen,2020-09-08,2020-09-07T09:34:08
damlbmp_gen,2020-09-09,2020-09-08T09:34:06
damlbmp_gen,2020-09-10,2020-09-09T09:33:08
damlbmp_gen,2020-09-11,2020-09-10T09:34:08
damlbmp_gen,2020-09-12,2020-09-11T09:34:08
damlbmp_gen,2020-09-13,2020-09-12T09:37:08
damlbmp_gen,2020-09-14,2020-09-13T09:36:06
damlbmp_gen,2020-09-15,2020-09-14T09:42:12
damlbmp_gen,2020-09-16,2020-09-15T09:34:08
damlbmp_gen,2020-09-17,2020-09-16T09:35:08
damlbmp_gen,2020-09-18,2020-09-17T09:33:08
damlbmp_gen,2020-09-19,2020-09-18T09:33:06
damlbmp_gen,2020-09-20,2020-09-19T09:34:08
damlbmp_gen,2020-09-21,2020-09-20T09:34:08
damlbmp_gen,2020-09-22,2020-09-21T09:34:08
damlbmp_gen,2020-09-23,2020-09-22T09:34:08
damlbmp_gen,2020-09-24,2020-09-23T09:34:08
damlbmp_gen,2020-09-25,2020-09-24T09:34:08
damlbmp_gen,2020-09-26,2020-09-25T09:35:12
damlbmp_gen,2020-09-27,2020-09-26T09:33:08
damlbmp_gen,2020-09-28,2020-09-27T09:39:06
damlbmp_gen,2020-09-29,2020-09-28T09:34:10
damlbmp_gen,2020-09-30,2020-09-29T09:33:08
damlbmp_gen,2020-10-01,2020-09-30T09:34:06
damlbmp_gen,2020-10-02,2020-10-01T09:34:06
damlbmp_gen,2020-10-03,2020-10-02T09:34:08
damlbmp_gen,2020-10-04,2020-10-03T09:32:06
damlbmp_gen,2020-10-05,2020-10-04T09:32:06
damlbmp_gen,2020-10-06,2020-10-05T09:33:12
damlbmp_gen,2020-10-07,2020-10-06T09:33:06
damlbmp_gen,2020-10-08,2020-10-07T09:33:06
damlbmp_gen,2020-10-09,2020-10-08T09:33:06
damlbmp_gen,2020-10-10,2020-10-09T09:34:06
damlbmp_gen,2020-10-11,2020-10-10T09:33:06
damlbmp_gen,2020-10-12,2020-10-11T09:34:06
damlbmp_gen,2020-10-13,2020-10-12T09:33:06
damlbmp_gen,2020-10-14,2020-10-13T09:33:10
damlbmp_gen,2020-10-15,2020-10-14T09:34:06
damlbmp_gen,2020-10-16,2020-10-15T09:33:08
damlbmp_gen,2020-10-17,2020-10-16T09:34:06
damlbmp_gen,2020-10-18,2020-10-17T09:33:08
damlbmp_gen,2020-10-19,2020-10-18T09:35:08
damlbmp_gen,2020-10-20,2020-10-19T09:34:08
damlbmp_gen,2020-10-21,2020-10-20T09:32:08
damlbmp_gen,2020-10-22,2020-10-21T09:32:08
damlbmp_gen,2020-10-23,2020-10-22T09:32:08
damlbmp_gen,2020-10-24,2020-10-23T09:33:08
damlbmp_gen,2020-10-25,2020-10-24T09:38:06
damlbmp_gen,2020-10-26,2020-10-25T09:33:08
damlbmp_gen,2020-10-27,2020-10-26T09:33:08
damlbmp_gen,2020-10-28,2020-10-27T09:33:08
damlbmp_gen,2020-10-29,2020-10-28T09:33:08
damlbmp_gen,2020-10-30,2020-10-29T09:33:08
damlbmp_gen,2020-10-31,2020-10-30T09:31:08
damlbmp_gen,2020-11-01,2020-10-31T09:34:06
damlbmp_gen,2020-11-02,2020-11-01T09:33:06
damlbmp_gen,2020-11-03,2020-11-02T09:33:08
damlbmp_gen,2020-11-04,2020-11-03T09:33:06
damlbmp_gen,2020-11-05,2020-11-04T09:34:06
damlbmp_gen,2020-11-06,2020-11-05T09:35:08
damlbmp_gen,2020-11-07,2020-11-06T09:35:10
damlbmp_gen,2020-11-08,2020-11-07T09:35:10
damlbmp_gen,2020-11-09,2020-11-08T09:34:08
damlbmp_gen,2020-11-10,2020-11-09T09:33:06
damlbmp_gen,2020-11-11,2020-11-10T09:33:06
damlbmp_gen,2020-11-12,2020-11-11T09:33:08
damlbmp_gen,2020-11-13,2020-11-12T09:34:10
damlbmp_gen,2020-11-14,2020-11-13T09:33:06
damlbmp_gen,2020-11-15,2020-11-14T09:32:08
damlbmp_gen,2020-11-16,2020-11-15T09:32:08
damlbmp_gen,2020-11-17,2020-11-16T09:32:08
damlbmp_gen,2020-11-18,2020-11-17T09:34:06
damlbmp_gen,2020-11-19,2020-11-18T09:32:08
damlbmp_gen,2020-11-20,2020-11-19T09:33:08
damlbmp_gen,2020-11-21,2020-11-20T09:33:08
damlbmp_gen,2020-11-22,2020-11-21T09:34:08
damlbmp_gen,2020-11-23,2020-11-22T09:35:08
damlbmp_gen,2020-11-24,2020-11-23T09:33:08
damlbmp_gen,2020-11-25,2020-11-24T09:33:08
damlbmp_gen,2020-11-26,2020-11-25T09:43:08
damlbmp_gen,2020-11-27,2020-11-26T09:33:08
damlbmp_gen,2020-11-28,2020-11-27T09:33:08
damlbmp_gen,2020-11-29,2020-11-28T09:33:08
damlbmp_gen,2020-11-30,2020-11-29T09:33:08
damlbmp_gen,2020-12-01,2020-11-30T09:33:06
damlbmp_gen,2020-12-02,2020-12-01T09:33:06
damlbmp_gen,2020-12-03,2020-12-02T09:32:06
damlbmp_gen,2020-12-04,2020-12-03T09:33:06
damlbmp_gen,2020-12-05,2020-12-04T09:33:06
damlbmp_gen,2020-12-06,2020-12-05T09:34:06
damlbmp_gen,2020-12-07,2020-12-06T09:33:08
damlbmp_gen,2020-12-08,2020-12-07T09:33:06
damlbmp_gen,2020-12-09,2020-12-08T09:34:08
damlbmp_gen,2020-12-10,2020-12-09T09:32:08
damlbmp_gen,2020-12-11,2020-12-10T09:33:06
damlbmp_gen,2020-12-12,2020-12-11T09:32:08
damlbmp_gen,2020-12-13,2020-12-12T09:34:08
damlbmp_gen,2020-12-14,2020-12-13T09:33:06
damlbmp_gen,2020-12-15,2020-12-14T09:33:08
damlbmp_gen,2020-12-16,2020-12-15T09:35:08
damlbmp_gen,2020-12-17,2020-12-16T09:35:08
damlbmp_gen,2020-12-18,2020-12-17T09:35:08
damlbmp_gen,2020-12-19,2020-12-18T09:35:08
damlbmp_gen,2020-12-20,2020-12-19T09:33:08
damlbmp_gen,2020-12-21,2020-12-20T09:34:08
damlbmp_gen,2020-12-22,2020-12-21T09:33:08
damlbmp_gen,2020-12-23,2020-12-22T09:35:10
damlbmp_gen,2020-12-24,2020-12-23T09:34:08
damlbmp_gen,2020-12-25,2020-12-24T09:33:10
damlbmp_gen,2020-12-26,2020-12-25T09:34:08
damlbmp_gen,2020-12-27,2020-12-26T09:33:08
damlbmp_gen,2020-12-28,2020-12-27T09:33:08
damlbmp_gen,2020-12-29,2020-12-28T09:33:08
damlbmp_gen,2020-12-30,2020-12-29T09:33:08
damlbmp_gen,2020-12-31,2020-12-30T09:33:08
damlbmp_gen,2021-01-01,2020-12-31T09:35:12
damlbmp_gen,2021-01-02,2021-01-01T09:33:06
damlbmp_gen,2021-01-03,2021-01-02T09:33:06
damlbmp_gen,2021-01-04,2021-01-03T09:32:08
damlbmp_gen,2021-01-05,2021-01-04T09:36:06
damlbmp_gen,2021-01-06,2021-01-05T09:33:08
damlbmp_gen,2021-01-07,2021-01-06T09:33:08
damlbmp_gen,2021-01-08,2021-01-07T09:33:08
damlbmp_gen,2021-01-09,2021-01-08T09:34:06
damlbmp_gen,2021-01-10,2021-01-09T09:34:08
damlbmp_gen,2021-01-11,2021-01-10T09:33:08
damlbmp_gen,2021-01-12,2021-01-11T09:34:08
damlbmp_gen,2021-01-13,2021-01-12T09:33:08
damlbmp_gen,2021-01-14,2021-01-13T09:39:08
damlbmp_gen,2021-01-15,2021-01-14T09:34:08
damlbmp_gen,2021-01-16,2021-01-15T09:33:08
damlbmp_gen,2021-01-17,2021-01-16T09:35:14
damlbmp_gen,2021-01-18,2021-01-17T09:34:06
damlbmp_gen,2021-01-19,2021-01-18T09:34:08
damlbmp_gen,2021-01-20,2021-01-19T09:34:08
damlbmp_gen,2021-01-21,2021-01-20T09:33:08
damlbmp_gen,2021-01-22,2021-01-21T09:33:08
damlbmp_gen,2021-01-23,2021-01-22T09:34:08
damlbmp_gen,2021-01-24,2021-01-23T09:34:08
damlbmp_gen,2021-01-25,2021-01-24T09:40:10
damlbmp_gen,2021-01-26,2021-01-25T09:34:08
damlbmp_gen,2021-01-27,2021-01-26T09:38:50
damlbmp_gen,2021-01-28,2021-01-27T09:34:08
damlbmp_gen,2021-01-29,2021-01-28T09:35:08
damlbmp_gen,2021-01-30,2021-01-29T09:34:10
damlbmp_gen,2021-01-31,2021-01-30T09:33:08
damlbmp_gen,2021-02-01,2021-01-31T09:34:06
damlbmp_gen,2021-02-02,2021-02-01T09:33:08
damlbmp_gen,2021-02-03,2021-02-02T09:34:08
damlbmp_gen,2021-02-04,2021-02-03T09:38:08
damlbmp_gen,2021-02-05,2021-02-04T09:33:08
damlbmp_gen,2021-02-06,2021-02-05T09:34:08
damlbmp_gen,2021-02-07,2021-02-06T09:34:08
damlbmp_gen,2021-02-08,2021-02-07T09:33:08
damlbmp_gen,2021-02-09,2021-02-08T09:32:10
damlbmp_gen,2021-02-10,2021-02-09T09:33:08
damlbmp_gen,2021-02-11,2021-02-10T09:33:08
damlbmp_gen,2021-02-12,2021-02-11T09:34:10
damlbmp_gen,2021-02-13,2021-02-12T09:33:08
damlbmp_gen,2021-02-14,2021-02-13T09:33:08
damlbmp_gen,2021-02-15,2021-02-14T09:32:08
damlbmp_gen,2021-02-16,2021-02-15T09:32:08
damlbmp_gen,2021-02-17,2021-02-16T09:40:10
damlbmp_gen,2021-02-18,2021-02-17T09:33:08
damlbmp_gen,2021-02-19,2021-02-18T09:33:08
damlbmp_gen,2021-02-20,2021-02-19T09:33:08
damlbmp_gen,2021-02-21,2021-02-20T09:34:10
damlbmp_gen,2021-02-22,2021-02-21T09:34:08
damlbmp_gen,2021-02-23,2021-02-22T09:34:10
damlbmp_gen,2021-02-24,2021-02-23T09:33:10
damlbmp_gen,2021-02-25,2021-02-24T09:32:08
damlbmp_gen,2021-02-26,2021-02-25T09:32:10
damlbmp_gen,2021-02-27,2021-02-26T09:32:08
damlbmp_gen,2021-02-28,2021-02-27T09:33:10
damlbmp_gen,2021-03-01,2021-02-28T09:34:08
damlbmp_gen,2021-03-02,2021-03-01T09:33:08
damlbmp_gen,2021-03-03,2021-03-02T09:33:08
damlbmp_gen,2021-03-04,2021-03-03T09:33:08
damlbmp_gen,2021-03-05,2021-03-04T09:33:08
damlbmp_gen,2021-03-06,2021-03-05T09:33:06
damlbmp_gen,2021-03-07,2021-03-06T09:33:06
damlbmp_gen,2021-03-08,2021-03-07T09:33:06
damlbmp_gen,2021-03-09,2021-03-08T09:34:10
damlbmp_gen,2021-03-10,2021-03-09T09:34:08
damlbmp_gen,2021-03-11,2021-03-10T09:35:08
damlbmp_gen,2021-03-12,2021-03-11T09:30:06
damlbmp_gen,2021-03-13,2021-03-12T09:34:08
damlbmp_gen,2021-03-14,2021-03-13T09:33:06
damlbmp_gen,2021-03-15,2021-03-14T09:33:08
damlbmp_gen,2021-03-16,2021-03-15T09:33:08
damlbmp_gen,2021-03-17,2021-03-16T09:33:08
damlbmp_gen,2021-03-18,2021-03-17T09:33:08
damlbmp_gen,2021-03-19,2021-03-18T09:43:06
damlbmp_gen,2021-03-20,2021-03-19T09:33:08
damlbmp_gen,2021-03-21,2021-03-20T09:32:08
damlbmp_gen,2021-03-22,2021-03-21T09:32:08
damlbmp_gen,2021-03-23,2021-03-22T09:32:08
damlbmp_gen,2021-03-24,2021-03-23T09:35:08
damlbmp_gen,2021-03-25,2021-03-24T09:34:08
damlbmp_gen,2021-03-26,2021-03-25T09:33:08
damlbmp_gen,2021-03-27,2021-03-26T09:34:08
damlbmp_gen,2021-03-28,2021-03-27T09:33:06
damlbmp_gen,2021-03-29,2021-03-28T09:33:08
damlbmp_gen,2021-03-30,2021-03-29T09:32:10
damlbmp_gen,2021-03-31,2021-03-30T09:33:08
damlbmp_gen,2021-04-01,2021-03-31T09:34:06
damlbmp_gen,2021-04-02,2021-04-01T09:34:08
damlbmp_gen,2021-04-03,2021-04-02T09:33:06
damlbmp_gen,2021-04-04,2021-04-03T09:33:08
damlbmp_gen,2021-04-05,2021-04-04T09:34:06
damlbmp_gen,2021-04-06,2021-04-05T09:35:08
damlbmp_gen,2021-04-07,2021-04-06T09:33:06
damlbmp_gen,2021-04-08,2021-04-07T09:32:08
damlbmp_gen,2021-04-09,2021-04-08T09:33:10
damlbmp_gen,2021-04-10,2021-04-09T09:34:08
damlbmp_gen,2021-04-11,2021-04-10T09:32:08
damlbmp_gen,2021-04-12,2021-04-11T09:32:08
damlbmp_gen,2021-04-13,2021-04-12T09:32:08
damlbmp_gen,2021-04-14,2021-04-13T09:32:10
damlbmp_gen,2021-04-15,2021-04-14T09:31:08
damlbmp_gen,2021-04-16,2021-04-15T09:32:06
damlbmp_gen,2021-04-17,2021-04-16T09:31:06
damlbmp_gen,2021-04-18,2021-04-17T09:32:08
damlbmp_gen,2021-04-19,2021-04-18T09:32:08
damlbmp_gen,2021-04-20,2021-04-19T09:35:12
damlbmp_gen,2021-04-21,2021-04-20T09:32:08
damlbmp_gen,2021-04-22,2021-04-21T09:36:08
damlbmp_gen,2021-04-23,2021-04-22T09:34:08
damlbmp_gen,2021-04-24,2021-04-23T09:32:08
damlbmp_gen,2021-04-25,2021-04-24T09:32:08
damlbmp_gen,2021-04-26,2021-04-25T09:32:10
damlbmp_gen,2021-04-27,2021-04-26T09:32:08
damlbmp_gen,2021-04-28,2021-04-27T09:32:24
damlbmp_gen,2021-04-29,2021-04-28T09:32:08
damlbmp_gen,2021-04-30,2021-04-29T09:32:08
damlbmp_gen,2021-05-01,2021-04-30T09:32:08
damlbmp_gen,2021-05-02,2021-05-01T09:31:08
damlbmp_gen,2021-05-03,2021-05-02T09:31:10
damlbmp_gen,2021-05-04,2021-05-03T09:32:08
damlbmp_gen,2021-05-05,2021-05-04T09:32:08
damlbmp_gen,2021-05-06,2021-05-05T09:32:10
damlbmp_gen,2021-05-07,2021-05-06T09:32:06
damlbmp_gen,2021-05-08,2021-05-07T09:33:08
damlbmp_gen,2021-05-09,2021-05-08T09:32:06
damlbmp_gen,2021-05-10,2021-05-09T09:32:06
damlbmp_gen,2021-05-11,2021-05-10T09:32:06
damlbmp_gen,2021-05-12,2021-05-11T09:33:08
damlbmp_gen,2021-05-13,2021-05-12T09:34:06
damlbmp_gen,2021-05-14,2021-05-13T09:32:08
damlbmp_gen,2021-05-15,2021-05-14T09:32:08
damlbmp_gen,2021-05-16,2021-05-15T09:33:08
damlbmp_gen,2021-05-17,2021-05-16T09:33:08
damlbmp_gen,2021-05-18,2021-05-17T09:34:08
damlbmp_gen,2021-05-19,2021-05-18T09:32:08
damlbmp_gen,2021-05-20,2021-05-19T09:32:12
damlbmp_gen,2021-05-21,2021-05-20T09:32:08
damlbmp_gen,2021-05-22,2021-05-21T09:32:08
damlbmp_gen,2021-05-23,2021-05-22T09:32:10
damlbmp_gen,2021-05-24,2021-05-23T09:33:08
damlbmp_gen,2021-05-25,2021-05-24T09:32:10
damlbmp_gen,2021-05-26,2021-05-25T09:32:10
damlbmp_gen,2021-05-27,2021-05-26T09:34:08
damlbmp_gen,2021-05-28,2021-05-27T09:34:08
damlbmp_gen,2021-05-29,2021-05-28T09:32:08
damlbmp_gen,2021-05-30,2021-05-29T09:32:08
damlbmp_gen,2021-05-31,2021-05-30T09:32:10
damlbmp_gen,2021-06-01,2021-05-31T09:33:06
damlbmp_gen,2021-06-02,2021-06-01T09:32:06
damlbmp_gen,2021-06-03,2021-06-02T09:35:08
damlbmp_gen,2021-06-04,2021-06-03T09:33:08
damlbmp_gen,2021-06-05,2021-06-04T09:34:06
damlbmp_gen,2021-06-06,2021-06-05T09:32:08
damlbmp_gen,2021-06-07,2021-06-06T09:32:06
damlbmp_gen,2021-06-08,2021-06-07T09:32:08
damlbmp_gen,2021-06-09,2021-06-08T09:32:06
damlbmp_gen,2021-06-10,2021-06-09T09:32:08
damlbmp_gen,2021-06-11,2021-06-10T09:33:06
damlbmp_gen,2021-06-12,2021-06-11T09:33:08
damlbmp_gen,2021-06-13,2021-06-12T09:31:06
damlbmp_gen,2021-06-14,2021-06-13T09:35:08
damlbmp_gen,2021-06-15,2021-06-14T09:31:06
damlbmp_gen,2021-06-16,2021-06-15T09:32:08
damlbmp_gen,2021-06-17,2021-06-16T09:35:08
damlbmp_gen,2021-06-18,2021-06-17T09:32:08
damlbmp_gen,2021-06-19,2021-06-18T09:32:08
damlbmp_gen,2021-06-20,2021-06-19T09:32:10
damlbmp_gen,2021-06-21,2021-06-20T09:33:06
damlbmp_gen,2021-06-22,2021-06-21T09:33:08
damlbmp_gen,2021-06-23,2021-06-22T09:32:08
damlbmp_gen,2021-06-24,2021-06-23T09:33:08
damlbmp_gen,2021-06-25,2021-06-24T09:32:08
damlbmp_gen,2021-06-26,2021-06-25T09:32:10
damlbmp_gen,2021-06-27,2021-06-26T09:34:08
damlbmp_gen,2021-06-28,2021-06-27T09:34:08
damlbmp_gen,2021-06-29,2021-06-28T09:37:12
damlbmp_gen,2021-06-30,2021-06-29T09:33:08
damlbmp_gen,2021-07-01,2021-06-30T09:34:06
damlbmp_gen,2021-07-02,2021-07-01T09:32:10
damlbmp_gen,2021-07-03,2021-07-02T09:32:08
damlbmp_gen,2021-07-04,2021-07-03T09:33:06
damlbmp_gen,2021-07-05,2021-07-04T09:32:08
damlbmp_gen,2021-07-06,2021-07-05T09:32:08
damlbmp_gen,2021-07-07,2021-07-06T09:32:08
damlbmp_gen,2021-07-08,2021-07-07T09:32:06
damlbmp_gen,2021-07-09,2021-07-08T09:32:06
damlbmp_gen,2021-07-10,2021-07-09T09:31:08
damlbmp_gen,2021-07-11,2021-07-10T09:32:08
damlbmp_gen,2021-07-12,2021-07-11T09:33:06
damlbmp_gen,2021-07-13,2021-07-12T09:33:06
damlbmp_gen,2021-07-14,2021-07-13T09:33:06
damlbmp_gen,2021-07-15,2021-07-14T09:33:06
damlbmp_gen,2021-07-16,2021-07-15T09:34:06
damlbmp_gen,2021-07-17,2021-07-16T09:34:08
damlbmp_gen,2021-07-18,2021-07-17T09:32:08
damlbmp_gen,2021-07-19,2021-07-18T09:35:10
damlbmp_gen,2021-07-20,2021-07-19T09:33:06
damlbmp_gen,2021-07-21,2021-07-20T09:33:06
damlbmp_gen,2021-07-22,2021-07-21T09:33:08
damlbmp_gen,2021-07-23,2021-07-22T09:33:08
damlbmp_gen,2021-07-24,2021-07-23T09:33:06
damlbmp_gen,2021-07-25,2021-07-24T09:32:08
damlbmp_gen,2021-07-26,2021-07-25T09:33:08
damlbmp_gen,2021-07-27,2021-07-26T09:33:06
damlbmp_gen,2021-07-28,2021-07-27T09:34:08
damlbmp_gen,2021-07-29,2021-07-28T09:33:06
damlbmp_gen,2021-07-30,2021-07-29T09:33:08
damlbmp_gen,2021-07-31,2021-07-30T09:33:08
damlbmp_gen,2021-08-01,2021-07-31T09:32:06
damlbmp_gen,2021-08-02,2021-08-01T09:33:06
damlbmp_gen,2021-08-03,2021-08-02T09:32:06
damlbmp_gen,2021-08-04,2021-08-03T09:33:06
damlbmp_gen,2021-08-05,2021-08-04T09:32:08
damlbmp_gen,2021-08-06,2021-08-05T09:33:06
damlbmp_gen,2021-08-07,2021-08-06T09:33:06
damlbmp_gen,2021-08-08,2021-08-07T09:32:06
damlbmp_gen,2021-08-09,2021-08-08T09:33:06
damlbmp_gen,2021-08-10,2021-08-09T09:33:08
damlbmp_gen,2021-08-11,2021-08-10T09:33:06
damlbmp_gen,2021-08-12,2021-08-11T09:33:08
damlbmp_gen,2021-08-13,2021-08-12T09:33:06
damlbmp_gen,2021-08-14,2021-08-13T09:33:06
damlbmp_gen,2021-08-15,2021-08-14T09:34:08
damlbmp_gen,2021-08-16,2021-08-15T09:32:08
damlbmp_gen,2021-08-17,2021-08-16T09:32:08
damlbmp_gen,2021-08-18,2021-08-17T09:32:10
damlbmp_gen,2021-08-19,2021-08-18T09:33:06
damlbmp_gen,2021-08-20,2021-08-19T09:33:06
damlbmp_gen,2021-08-21,2021-08-20T09:33:08
damlbmp_gen,2021-08-22,2021-08-21T09:33:08
damlbmp_gen,2021-08-23,2021-08-22T09:33:06
damlbmp_gen,2021-08-24,2021-08-23T09:33:06
damlbmp_gen,2021-08-25,2021-08-24T09:33:08
damlbmp_gen,2021-08-26,2021-08-25T09:33:06
damlbmp_gen,2021-08-27,2021-08-26T09:33:08
damlbmp_gen,2021-08-28,2021-08-27T09:32:12
damlbmp_gen,2021-08-29,2021-08-28T09:32:08
damlbmp_gen,2021-08-30,2021-08-29T09:32:08
damlbmp_gen,2021-08-31,2021-08-30T09:32:08
damlbmp_gen,2021-09-01,2021-08-31T09:33:08
damlbmp_gen,2021-09-02,2021-09-01T09:32:08
damlbmp_gen,2021-09-03,2021-09-02T09:32:06
damlbmp_gen,2021-09-04,2021-09-03T09:32:08
damlbmp_gen,2021-09-05,2021-09-04T09:32:08
damlbmp_gen,2021-09-06,2021-09-05T09:32:08
damlbmp_gen,2021-09-07,2021-09-06T09:31:08
damlbmp_gen,2021-09-08,2021-09-07T09:33:08
damlbmp_gen,2021-09-09,2021-09-08T09:33:06
damlbmp_gen,2021-09-10,2021-09-09T09:33:08
damlbmp_gen,2021-09-11,2021-09-10T09:33:06
damlbmp_gen,2021-09-12,2021-09-11T09:32:08
damlbmp_gen,2021-09-13,2021-09-12T09:32:08
damlbmp_gen,2021-09-14,2021-09-13T09:33:08
damlbmp_gen,2021-09-15,2021-09-14T09:33:08
damlbmp_gen,2021-09-16,2021-09-15T09:34:08
damlbmp_gen,2021-09-17,2021-09-16T09:33:06
damlbmp_gen,2021-09-18,2021-09-17T09:33:08
damlbmp_gen,2021-09-19,2021-09-18T09:31:42
damlbmp_gen,2021-09-20,2021-09-19T09:32:08
damlbmp_gen,2021-09-21,2021-09-20T09:33:08
damlbmp_gen,2021-09-22,2021-09-21T09:33:06
damlbmp_gen,2021-09-23,2021-09-22T09:33:08
damlbmp_gen,2021-09-24,2021-09-23T09:32:08
damlbmp_gen,2021-09-25,2021-09-24T09:34:08
damlbmp_gen,2021-09-26,2021-09-25T09:33:08
damlbmp_gen,2021-09-27,2021-09-26T09:33:08
damlbmp_gen,2021-09-28,2021-09-27T09:48:12
damlbmp_gen,2021-09-29,2021-09-28T09:34:08
damlbmp_gen,2021-09-30,2021-09-29T09:33:08
damlbmp_gen,2021-10-01,2021-09-30T09:32:06
damlbmp_gen,2021-10-02,2021-10-01T09:33:08
damlbmp_gen,2021-10-03,2021-10-02T09:34:06
damlbmp_gen,2021-10-04,2021-10-03T09:33:08
damlbmp_gen,2021-10-05,2021-10-04T09:33:06
damlbmp_gen,2021-10-06,2021-10-05T09:33:06
damlbmp_gen,2021-10-07,2021-10-06T09:34:06
damlbmp_gen,2021-10-08,2021-10-07T09:34:08
damlbmp_gen,2021-10-09,2021-10-08T09:33:06
damlbmp_gen,2021-10-10,2021-10-09T09:33:08
damlbmp_gen,2021-10-11,2021-10-10T09:37:08
damlbmp_gen,2021-10-12,2021-10-11T09:32:08
damlbmp_gen,2021-10-13,2021-10-12T09:31:08
damlbmp_gen,2021-10-14,2021-10-13T09:32:12
damlbmp_gen,2021-10-15,2021-10-14T09:34:08
damlbmp_gen,2021-10-16,2021-10-15T09:31:08
damlbmp_gen,2021-10-17,2021-10-16T09:32:08
damlbmp_gen,2021-10-18,2021-10-17T09:32:08
damlbmp_gen,2021-10-19,2021-10-18T09:32:14
damlbmp_gen,2021-10-20,2021-10-19T09:34:08
damlbmp_gen,2021-10-21,2021-10-20T09:32:08
damlbmp_gen,2021-10-22,2021-10-21T09:32:08
damlbmp_gen,2021-10-23,2021-10-22T09:33:08
damlbmp_gen,2021-10-24,2021-10-23T09:37:08
damlbmp_gen,2021-10-25,2021-10-24T09:33:10
damlbmp_gen,2021-10-26,2021-10-25T09:31:06
damlbmp_gen,2021-10-27,2021-10-26T09:31:08
damlbmp_gen,2021-10-28,2021-10-27T09:50:08
damlbmp_gen,2021-10-29,2021-10-28T09:32:08
damlbmp_gen,2021-10-30,2021-10-29T09:32:08
damlbmp_gen,2021-10-31,2021-10-30T09:32:08
damlbmp_gen,2021-11-01,2021-10-31T09:33:10
damlbmp_gen,2021-11-02,2021-11-01T09:32:08
damlbmp_gen,2021-11-03,2021-11-02T09:34:08
damlbmp_gen,2021-11-04,2021-11-03T09:32:08
damlbmp_gen,2021-11-05,2021-11-04T09:32:10
damlbmp_gen,2021-11-06,2021-11-05T09:32:08
damlbmp_gen,2021-11-07,2021-11-06T09:32:10
damlbmp_gen,2021-11-08,2021-11-07T09:32:08
damlbmp_gen,2021-11-09,2021-11-08T09:33:10
damlbmp_gen,2021-11-10,2021-11-09T09:32:12
damlbmp_gen,2021-11-11,2021-11-10T09:31:08
damlbmp_gen,2021-11-12,2021-11-11T09:33:06
damlbmp_gen,2021-11-13,2021-11-12T09:31:08
damlbmp_gen,2021-11-14,2021-11-13T09:31:08
damlbmp_gen,2021-11-15,2021-11-14T09:32:08
damlbmp_gen,2021-11-16,2021-11-15T09:34:06
damlbmp_gen,2021-11-17,2021-11-16T09:32:08
damlbmp_gen,2021-11-18,2021-11-17T09:32:08
damlbmp_gen,2021-11-19,2021-11-18T09:32:10
damlbmp_gen,2021-11-20,2021-11-19T09:32:08
damlbmp_gen,2021-11-21,2021-11-20T09:32:08
damlbmp_gen,2021-11-22,2021-11-21T09:32:08
damlbmp_gen,2021-11-23,2021-11-22T09:32:08
damlbmp_gen,2021-11-24,2021-11-23T09:33:08
damlbmp_gen,2021-11-25,2021-11-24T09:34:06
damlbmp_gen,2021-11-26,2021-11-25T09:31:08
damlbmp_gen,2021-11-27,2021-11-26T09:31:08
damlbmp_gen,2021-11-28,2021-11-27T09:32:08
damlbmp_gen,2021-11-29,2021-11-28T09:34:08
damlbmp_gen,2021-11-30,2021-11-29T09:32:08
damlbmp_gen,2021-12-01,2021-11-30T09:34:06
damlbmp_gen,2021-12-02,2021-12-01T09:32:06
damlbmp_gen,2021-12-03,2021-12-02T09:32:06
damlbmp_gen,2021-12-04,2021-12-03T09:32:08
damlbmp_gen,2021-12-05,2021-12-04T09:33:08
damlbmp_gen,2021-12-06,2021-12-05T09:32:08
damlbmp_gen,2021-12-07,2021-12-06T09:32:06
damlbmp_gen,2021-12-08,2021-12-07T09:32:06
damlbmp_gen,2021-12-09,2021-12-08T09:32:08
damlbmp_gen,2021-12-10,2021-12-09T09:32:06
damlbmp_gen,2021-12-11,2021-12-10T09:32:08
damlbmp_gen,2021-12-12,2021-12-11T09:32:08
damlbmp_gen,2021-12-13,2021-12-12T09:33:08
damlbmp_gen,2021-12-14,2021-12-13T09:32:08
damlbmp_gen,2021-12-15,2021-12-14T09:31:08
damlbmp_gen,2021-12-16,2021-12-15T09:31:06
damlbmp_gen,2021-12-17,2021-12-16T09:31:08
damlbmp_gen,2021-12-18,2021-12-17T09:31:08
damlbmp_gen,2021-12-19,2021-12-18T09:32:08
damlbmp_gen,2021-12-20,2021-12-19T09:32:08
damlbmp_gen,2021-12-21,2021-12-20T09:32:08
damlbmp_gen,2021-12-22,2021-12-21T09:33:08
damlbmp_gen,2021-12-23,2021-12-22T09:33:08
damlbmp_gen,2021-12-24,2021-12-23T09:32:08
damlbmp_gen,2021-12-25,2021-12-24T09:32:08
damlbmp_gen,2021-12-26,2021-12-25T09:34:08
damlbmp_gen,2021-12-27,2021-12-26T09:35:08
damlbmp_gen,2021-12-28,2021-12-27T09:32:08
damlbmp_gen,2021-12-29,2021-12-28T09:33:06
damlbmp_gen,2021-12-30,2021-12-29T09:32:08
damlbmp_gen,2021-12-31,2021-12-30T09:33:08
damlbmp_gen,2022-01-01,2021-12-31T09:32:06
damlbmp_gen,2022-01-02,2022-01-01T09:32:06
damlbmp_gen,2022-01-03,2022-01-02T09:32:08
damlbmp_gen,2022-01-04,2022-01-03T09:34:06
damlbmp_gen,2022-01-05,2022-01-04T09:32:06
damlbmp_gen,2022-01-06,2022-01-05T09:32:08
damlbmp_gen,2022-01-07,2022-01-06T09:33:06
damlbmp_gen,2022-01-08,2022-01-07T09:32:06
damlbmp_gen,2022-01-09,2022-01-08T09:32:08
damlbmp_gen,2022-01-10,2022-01-09T09:33:08
damlbmp_gen,2022-01-11,2022-01-10T09:33:08
damlbmp_gen,2022-01-12,2022-01-11T09:32:08
damlbmp_gen,2022-01-13,2022-01-12T09:33:08
damlbmp_gen,2022-01-14,2022-01-13T09:35:08
damlbmp_gen,2022-01-15,2022-01-14T09:33:06
damlbmp_gen,2022-01-16,2022-01-15T09:32:08
damlbmp_gen,2022-01-17,2022-01-16T09:34:08
damlbmp_gen,2022-01-18,2022-01-17T09:34:08
damlbmp_gen,2022-01-19,2022-01-18T09:33:08
damlbmp_gen,2022-01-20,2022-01-19T09:32:08
damlbmp_gen,2022-01-21,2022-01-20T09:32:08
damlbmp_gen,2022-01-22,2022-01-21T09:35:10
damlbmp_gen,2022-01-23,2022-01-22T09:32:08
damlbmp_gen,2022-01-24,2022-01-23T09:32:08
damlbmp_gen,2022-01-25,2022-01-24T09:32:10
damlbmp_gen,2022-01-26,2022-01-25T09:32:08
damlbmp_gen,2022-01-27,2022-01-26T09:32:08
damlbmp_gen,2022-01-28,2022-01-27T09:32:08
damlbmp_gen,2022-01-29,2022-01-28T09:33:08
damlbmp_gen,2022-01-30,2022-01-29T09:32:08
damlbmp_gen,2022-01-31,2022-01-30T09:32:14
damlbmp_gen,2022-02-01,2022-01-31T09:33:08
damlbmp_gen,2022-02-02,2022-02-01T09:33:08
damlbmp_gen,2022-02-03,2022-02-02T09:33:06
damlbmp_gen,2022-02-04,2022-02-03T09:32:08
damlbmp_gen,2022-02-05,2022-02-04T09:33:08
damlbmp_gen,2022-02-06,2022-02-05T09:32:08
damlbmp_gen,2022-02-07,2022-02-06T09:32:08
damlbmp_gen,2022-02-08,2022-02-07T09:33:08
damlbmp_gen,2022-02-09,2022-02-08T09:33:06
damlbmp_gen,2022-02-10,2022-02-09T09:32:08
damlbmp_gen,2022-02-11,2022-02-10T09:32:08
damlbmp_gen,2022-02-12,2022-02-11T09:32:08
damlbmp_gen,2022-02-13,2022-02-12T09:35:08
damlbmp_gen,2022-02-14,2022-02-13T09:33:08
damlbmp_gen,2022-02-15,2022-02-14T09:33:08
damlbmp_gen,2022-02-16,2022-02-15T09:33:08
damlbmp_gen,2022-02-17,2022-02-16T09:32:08
damlbmp_gen,2022-02-18,2022-02-17T09:33:08
damlbmp_gen,2022-02-19,2022-02-18T09:32:08
damlbmp_gen,2022-02-20,2022-02-19T09:32:08
damlbmp_gen,2022-02-21,2022-02-20T09:32:08
damlbmp_gen,2022-02-22,2022-02-21T09:33:08
damlbmp_gen,2022-02-23,2022-02-22T09:32:08
damlbmp_gen,2022-02-24,2022-02-23T09:32:08
damlbmp_gen,2022-02-25,2022-02-24T09:34:08
damlbmp_gen,2022-02-26,2022-02-25T09:35:10
damlbmp_gen,2022-02-27,2022-02-26T09:32:08
damlbmp_gen,2022-02-28,2022-02-27T09:33:08
damlbmp_gen,2022-03-01,2022-02-28T09:34:06
damlbmp_gen,2022-03-02,2022-03-01T09:32:08
damlbmp_gen,2022-03-03,2022-03-02T09:33:06
damlbmp_gen,2022-03-04,2022-03-03T09:33:06
damlbmp_gen,2022-03-05,2022-03-04T09:32:08
damlbmp_gen,2022-03-06,2022-03-05T09:32:06
damlbmp_gen,2022-03-07,2022-03-06T09:32:06
damlbmp_gen,2022-03-08,2022-03-07T09:32:08
damlbmp_gen,2022-03-09,2022-03-08T09:32:06
damlbmp_gen,2022-03-10,2022-03-09T09:31:06
damlbmp_gen,2022-03-11,2022-03-10T09:31:06
damlbmp_gen,2022-03-12,2022-03-11T09:31:06
damlbmp_gen,2022-03-13,2022-03-12T09:32:08
damlbmp_gen,2022-03-14,2022-03-13T10:59:08
damlbmp_gen,2022-03-15,2022-03-14T09:32:08
damlbmp_gen,2022-03-16,2022-03-15T09:32:08
damlbmp_gen,2022-03-17,2022-03-16T09:32:06
damlbmp_gen,2022-03-18,2022-03-17T09:32:04
damlbmp_gen,2022-03-19,2022-03-18T09:31:04
damlbmp_gen,2022-03-20,2022-03-19T09:34:06
damlbmp_gen,2022-03-21,2022-03-20T09:32:06
damlbmp_gen,2022-03-22,2022-03-21T09:32:08
damlbmp_gen,2022-03-23,2022-03-22T09:32:06
damlbmp_gen,2022-03-24,2022-03-23T09:33:04
damlbmp_gen,2022-03-25,2022-03-24T09:32:06
damlbmp_gen,2022-03-26,2022-03-25T09:33:04
damlbmp_gen,2022-03-27,2022-03-26T09:33:04
damlbmp_gen,2022-03-28,2022-03-27T09:33:06
damlbmp_gen,2022-03-29,2022-03-28T09:32:06
damlbmp_gen,2022-03-30,2022-03-29T09:33:04
damlbmp_gen,2022-03-31,2022-03-30T09:33:04
damlbmp_gen,2022-04-01,2022-03-31T09:33:04
damlbmp_gen,2022-04-02,2022-04-01T09:33:04
damlbmp_gen,2022-04-03,2022-04-02T09:31:06
damlbmp_gen,2022-04-04,2022-04-03T09:32:04
damlbmp_gen,2022-04-05,2022-04-04T09:32:06
damlbmp_gen,2022-04-06,2022-04-05T09:33:04
damlbmp_gen,2022-04-07,2022-04-06T09:33:04
damlbmp_gen,2022-04-08,2022-04-07T09:32:04
damlbmp_gen,2022-04-09,2022-04-08T09:32:04
damlbmp_gen,2022-04-10,2022-04-09T09:32:04
damlbmp_gen,2022-04-11,2022-04-10T09:32:04
damlbmp_gen,2022-04-12,2022-04-11T09:32:06
damlbmp_gen,2022-04-13,2022-04-12T09:32:06
damlbmp_gen,2022-04-14,2022-04-13T09:32:04
damlbmp_gen,2022-04-15,2022-04-14T09:32:06
damlbmp_gen,2022-04-16,2022-04-15T09:32:06
damlbmp_gen,2022-04-17,2022-04-16T09:32:04
damlbmp_gen,2022-04-18,2022-04-17T09:31:04
damlbmp_gen,2022-04-19,2022-04-18T09:32:08
damlbmp_gen,2022-04-20,2022-04-19T09:32:06
damlbmp_gen,2022-04-21,2022-04-20T10:08:06
damlbmp_gen,2022-04-22,2022-04-21T09:31:04
damlbmp_gen,2022-04-23,2022-04-22T09:31:04
damlbmp_gen,2022-04-24,2022-04-23T09:32:06
damlbmp_gen,2022-04-25,2022-04-24T09:33:06
damlbmp_gen,2022-04-26,2022-04-25T09:32:10
damlbmp_gen,2022-04-27,2022-04-26T09:33:08
damlbmp_gen,2022-04-28,2022-04-27T09:32:06
damlbmp_gen,2022-04-29,2022-04-28T09:32:06
damlbmp_gen,2022-04-30,2022-04-29T09:32:06
damlbmp_gen,2022-05-01,2022-04-30T09:32:04
damlbmp_gen,2022-05-02,2022-05-01T09:32:04
damlbmp_gen,2022-05-03,2022-05-02T09:33:04
damlbmp_gen,2022-05-04,2022-05-03T09:32:06
damlbmp_gen,2022-05-05,2022-05-04T09:32:04
damlbmp_gen,2022-05-06,2022-05-05T09:32:06
damlbmp_gen,2022-05-07,2022-05-06T09:32:04
damlbmp_gen,2022-05-08,2022-05-07T09:32:06
damlbmp_gen,2022-05-09,2022-05-08T09:32:06
damlbmp_gen,2022-05-10,2022-05-09T09:33:04
damlbmp_gen,2022-05-11,2022-05-10T09:32:12
damlbmp_gen,2022-05-12,2022-05-11T09:33:04
damlbmp_gen,2022-05-13,2022-05-12T09:32:06
damlbmp_gen,2022-05-14,2022-05-13T09:32:10
damlbmp_gen,2022-05-15,2022-05-14T09:33:04
damlbmp_gen,2022-05-16,2022-05-15T09:32:08
damlbmp_gen,2022-05-17,2022-05-16T09:31:06
damlbmp_gen,2022-05-18,2022-05-17T09:32:06
damlbmp_gen,2022-05-19,2022-05-18T09:32:10
damlbmp_gen,2022-05-20,2022-05-19T09:32:06
damlbmp_gen,2022-05-21,2022-05-20T09:33:04
damlbmp_gen,2022-05-22,2022-05-21T09:32:04
damlbmp_gen,2022-05-23,2022-05-22T09:33:04
damlbmp_gen,2022-05-24,2022-05-23T09:32:06
damlbmp_gen,2022-05-25,2022-05-24T09:32:06
damlbmp_gen,2022-05-26,2022-05-25T09:32:06
damlbmp_gen,2022-05-27,2022-05-26T09:32:06
damlbmp_gen,2022-05-28,2022-05-27T09:32:06
damlbmp_gen,2022-05-29,2022-05-28T09:32:06
damlbmp_gen,2022-05-30,2022-05-29T09:32:10
damlbmp_gen,2022-05-31,2022-05-30T09:33:06
damlbmp_gen,2022-06-01,2022-05-31T09:33:04
damlbmp_gen,2022-06-02,2022-06-01T09:32:04
damlbmp_gen,2022-06-03,2022-06-02T09:33:04
damlbmp_gen,2022-06-04,2022-06-03T09:33:04
damlbmp_gen,2022-06-05,2022-06-04T09:32:04
damlbmp_gen,2022-06-06,2022-06-05T09:32:06
damlbmp_gen,2022-06-07,2022-06-06T09:32:04
damlbmp_gen,2022-06-08,2022-06-07T09:32:06
damlbmp_gen,2022-06-09,2022-06-08T09:32:06
damlbmp_gen,2022-06-10,2022-06-09T09:33:04
damlbmp_gen,2022-06-11,2022-06-10T09:32:06
damlbmp_gen,2022-06-12,2022-06-11T09:32:06
damlbmp_gen,2022-06-13,2022-06-12T09:33:04
damlbmp_gen,2022-06-14,2022-06-13T09:33:04
damlbmp_gen,2022-06-15,2022-06-14T09:32:06
damlbmp_gen,2022-06-16,2022-06-15T09:32:06
damlbmp_gen,2022-06-17,2022-06-16T09:33:04
damlbmp_gen,2022-06-18,2022-06-17T09:32:06
damlbmp_gen,2022-06-19,2022-06-18T09:32:06
damlbmp_gen,2022-06-20,2022-06-19T09:32:06
damlbmp_gen,2022-06-21,2022-06-20T09:32:08
damlbmp_gen,2022-06-22,2022-06-21T09:33:04
damlbmp_gen,2022-06-23,2022-06-22T09:32:06
damlbmp_gen,2022-06-24,2022-06-23T09:33:04
damlbmp_gen,2022-06-25,2022-06-24T09:33:06
damlbmp_gen,2022-06-26,2022-06-25T09:32:06
damlbmp_gen,2022-06-27,2022-06-26T09:34:04
damlbmp_gen,2022-06-28,2022-06-27T09:32:06
damlbmp_gen,2022-06-29,2022-06-28T09:34:04
damlbmp_gen,2022-06-30,2022-06-29T09:32:06
damlbmp_gen,2022-07-01,2022-06-30T09:33:04
damlbmp_gen,2022-07-02,2022-07-01T09:35:06
damlbmp_gen,2022-07-03,2022-07-02T09:33:04
damlbmp_gen,2022-07-04,2022-07-03T09:33:04
damlbmp_gen,2022-07-05,2022-07-04T09:33:04
damlbmp_gen,2022-07-06,2022-07-05T09:33:04
damlbmp_gen,2022-07-07,2022-07-06T09:33:04
damlbmp_gen,2022-07-08,2022-07-07T09:33:06
damlbmp_gen,2022-07-09,2022-07-08T09:33:04
damlbmp_gen,2022-07-10,2022-07-09T09:34:04
damlbmp_gen,2022-07-11,2022-07-10T09:33:04
damlbmp_gen,2022-07-12,2022-07-11T09:34:06
damlbmp_gen,2022-07-13,2022-07-12T09:33:04
damlbmp_gen,2022-07-14,2022-07-13T09:33:04
damlbmp_gen,2022-07-15,2022-07-14T09:33:08
damlbmp_gen,2022-07-16,2022-07-15T09:32:10
damlbmp_gen,2022-07-17,2022-07-16T09:33:06
damlbmp_gen,2022-07-18,2022-07-17T09:36:06
damlbmp_gen,2022-07-19,2022-07-18T09:33:12
damlbmp_gen,2022-07-20,2022-07-19T09:33:06
damlbmp_gen,2022-07-21,2022-07-20T09:32:06
damlbmp_gen,2022-07-22,2022-07-21T09:32:06
damlbmp_gen,2022-07-23,2022-07-22T09:33:04
damlbmp_gen,2022-07-24,2022-07-23T09:33:04
damlbmp_gen,2022-07-25,2022-07-24T09:33:06
damlbmp_gen,2022-07-26,2022-07-25T09:33:06
damlbmp_gen,2022-07-27,2022-07-26T09:33:06
damlbmp_gen,2022-07-28,2022-07-27T09:33:04
damlbmp_gen,2022-07-29,2022-07-28T09:34:04
damlbmp_gen,2022-07-30,2022-07-29T09:33:06
damlbmp_gen,2022-07-31,2022-07-30T09:32:06
damlbmp_gen,2022-08-01,2022-07-31T09:33:04
damlbmp_gen,2022-08-02,2022-08-01T09:33:04
damlbmp_gen,2022-08-03,2022-08-02T09:32:06
damlbmp_gen,2022-08-04,2022-08-03T09:33:04
damlbmp_gen,2022-08-05,2022-08-04T09:33:06
damlbmp_gen,2022-08-06,2022-08-05T09:33:04
damlbmp_gen,2022-08-07,2022-08-06T09:32:04
damlbmp_gen,2022-08-08,2022-08-07T09:33:04
damlbmp_gen,2022-08-09,2022-08-08T09:32:06
damlbmp_gen,2022-08-10,2022-08-09T09:33:04
damlbmp_gen,2022-08-11,2022-08-10T09:33:06
damlbmp_gen,2022-08-12,2022-08-11T09:33:04
damlbmp_gen,2022-08-13,2022-08-12T09:33:04
damlbmp_gen,2022-08-14,2022-08-13T09:33:06
damlbmp_gen,2022-08-15,2022-08-14T09:33:04
damlbmp_gen,2022-08-16,2022-08-15T09:32:04
damlbmp_gen,2022-08-17,2022-08-16T09:32:06
damlbmp_gen,2022-08-18,2022-08-17T09:33:06
damlbmp_gen,2022-08-19,2022-08-18T09:33:04
damlbmp_gen,2022-08-20,2022-08-19T09:36:06
damlbmp_gen,2022-08-21,2022-08-20T09:33:04
damlbmp_gen,2022-08-22,2022-08-21T09:33:04
damlbmp_gen,2022-08-23,2022-08-22T09:33:06
damlbmp_gen,2022-08-24,2022-08-23T09:33:12
damlbmp_gen,2022-08-25,2022-08-24T09:33:04
damlbmp_gen,2022-08-26,2022-08-25T09:33:04
damlbmp_gen,2022-08-27,2022-08-26T09:32:06
damlbmp_gen,2022-08-28,2022-08-27T09:32:08
damlbmp_gen,2022-08-29,2022-08-28T09:33:04
damlbmp_gen,2022-08-30,2022-08-29T09:33:04
damlbmp_gen,2022-08-31,2022-08-30T09:35:04
damlbmp_gen,2022-09-01,2022-08-31T09:33:04
damlbmp_gen,2022-09-02,2022-09-01T09:33:04
damlbmp_gen,2022-09-03,2022-09-02T09:33:04
damlbmp_gen,2022-09-04,2022-09-03T09:32:04
damlbmp_gen,2022-09-05,2022-09-04T09:32:06
damlbmp_gen,2022-09-06,2022-09-05T09:33:04
damlbmp_gen,2022-09-07,2022-09-06T09:32:04
damlbmp_gen,2022-09-08,2022-09-07T09:32:06
damlbmp_gen,2022-09-09,2022-09-08T09:32:06
damlbmp_gen,2022-09-10,2022-09-09T09:33:04
damlbmp_gen,2022-09-11,2022-09-10T09:32:10
damlbmp_gen,2022-09-12,2022-09-11T09:33:06
damlbmp_gen,2022-09-13,2022-09-12T09:32:08
damlbmp_gen,2022-09-14,2022-09-13T09:32:08
damlbmp_gen,2022-09-15,2022-09-14T09:33:06
damlbmp_gen,2022-09-16,2022-09-15T09:32:04
damlbmp_gen,2022-09-17,2022-09-16T09:32:04
damlbmp_gen,2022-09-18,2022-09-17T09:32:04
damlbmp_gen,2022-09-19,2022-09-18T09:33:04
damlbmp_gen,2022-09-20,2022-09-19T09:32:08
damlbmp_gen,2022-09-21,2022-09-20T09:33:04
damlbmp_gen,2022-09-22,2022-09-21T09:33:06
damlbmp_gen,2022-09-23,2022-09-22T09:33:04
damlbmp_gen,2022-09-24,2022-09-23T09:32:06
damlbmp_gen,2022-09-25,2022-09-24T09:32:06
damlbmp_gen,2022-09-26,2022-09-25T09:32:06
damlbmp_gen,2022-09-27,2022-09-26T09:32:04
damlbmp_gen,2022-09-28,2022-09-27T09:31:04
damlbmp_gen,2022-09-29,2022-09-28T09:32:06
damlbmp_gen,2022-09-30,2022-09-29T09:32:08
damlbmp_gen,2022-10-01,2022-09-30T09:32:04
damlbmp_gen,2022-10-02,2022-10-01T09:32:04
damlbmp_gen,2022-10-03,2022-10-02T09:32:06
damlbmp_gen,2022-10-04,2022-10-03T09:32:06
damlbmp_gen,2022-10-05,2022-10-04T09:31:04
damlbmp_gen,2022-10-06,2022-10-05T09:31:04
damlbmp_gen,2022-10-07,2022-10-06T09:31:04
damlbmp_gen,2022-10-08,2022-10-07T09:31:04
damlbmp_gen,2022-10-09,2022-10-08T09:32:06
damlbmp_gen,2022-10-10,2022-10-09T09:32:06
damlbmp_gen,2022-10-11,2022-10-10T09:32:06
damlbmp_gen,2022-10-12,2022-10-11T09:31:06
damlbmp_gen,2022-10-13,2022-10-12T09:32:06
damlbmp_gen,2022-10-14,2022-10-13T09:31:06
damlbmp_gen,2022-10-15,2022-10-14T09:32:10
damlbmp_gen,2022-10-16,2022-10-15T09:32:06
damlbmp_gen,2022-10-17,2022-10-16T09:32:06
damlbmp_gen,2022-10-18,2022-10-17T09:33:04
damlbmp_gen,2022-10-19,2022-10-18T09:32:06
damlbmp_gen,2022-10-20,2022-10-19T09:32:06
damlbmp_gen,2022-10-21,2022-10-20T09:32:06
damlbmp_gen,2022-10-22,2022-10-21T09:32:06
damlbmp_gen,2022-10-23,2022-10-22T09:32:04
damlbmp_gen,2022-10-24,2022-10-23T09:32:06
damlbmp_gen,2022-10-25,2022-10-24T09:32:08
damlbmp_gen,2022-10-26,2022-10-25T09:32:10
damlbmp_gen,2022-10-27,2022-10-26T09:32:06
damlbmp_gen,2022-10-28,2022-10-27T09:32:08
damlbmp_gen,2022-10-29,2022-10-28T09:32:08
damlbmp_gen,2022-10-30,2022-10-29T09:32:06
damlbmp_gen,2022-10-31,2022-10-30T09:32:08
damlbmp_gen,2022-11-01,2022-10-31T09:31:04
damlbmp_gen,2022-11-02,2022-11-01T09:32:06
damlbmp_gen,2022-11-03,2022-11-02T09:32:06
damlbmp_gen,2022-11-04,2022-11-03T09:33:04
damlbmp_gen,2022-11-05,2022-11-04T09:32:06
damlbmp_gen,2022-11-06,2022-11-05T09:32:04
damlbmp_gen,2022-11-07,2022-11-06T09:33:04
damlbmp_gen,2022-11-08,2022-11-07T09:32:06
damlbmp_gen,2022-11-09,2022-11-08T09:32:06
damlbmp_gen,2022-11-10,2022-11-09T09:32:06
damlbmp_gen,2022-11-11,2022-11-10T09:32:06
damlbmp_gen,2022-11-12,2022-11-11T09:31:06
damlbmp_gen,2022-11-13,2022-11-12T09:32:06
damlbmp_gen,2022-11-14,2022-11-13T09:33:04
damlbmp_gen,2022-11-15,2022-11-14T09:32:06
damlbmp_gen,2022-11-16,2022-11-15T09:31:04
damlbmp_gen,2022-11-17,2022-11-16T09:31:04
damlbmp_gen,2022-11-18,2022-11-17T09:34:04
damlbmp_gen,2022-11-19,2022-11-18T09:32:06
damlbmp_gen,2022-11-20,2022-11-19T09:32:06
damlbmp_gen,2022-11-21,2022-11-20T09:33:04
damlbmp_gen,2022-11-22,2022-11-21T09:32:06
damlbmp_gen,2022-11-23,2022-11-22T09:32:06
damlbmp_gen,2022-11-24,2022-11-23T09:33:06
damlbmp_gen,2022-11-25,2022-11-24T09:32:06
damlbmp_gen,2022-11-26,2022-11-25T09:31:06
damlbmp_gen,2022-11-27,2022-11-26T09:32:06
damlbmp_gen,2022-11-28,2022-11-27T09:33:04
damlbmp_gen,2022-11-29,2022-11-28T09:32:06
damlbmp_gen,2022-11-30,2022-11-29T09:32:06
damlbmp_gen,2022-12-01,2022-11-30T09:32:04
damlbmp_gen,2022-12-02,2022-12-01T09:32:06
damlbmp_gen,2022-12-03,2022-12-02T09:32:06
damlbmp_gen,2022-12-04,2022-12-03T09:32:04
damlbmp_gen,2022-12-05,2022-12-04T09:32:06
damlbmp_gen,2022-12-06,2022-12-05T09:32:04
damlbmp_gen,2022-12-07,2022-12-06T09:33:04
damlbmp_gen,2022-12-08,2022-12-07T09:32:04
damlbmp_gen,2022-12-09,2022-12-08T09:32:04
damlbmp_gen,2022-12-10,2022-12-09T09:32:06
damlbmp_gen,2022-12-11,2022-12-10T09:32:06
damlbmp_gen,2022-12-12,2022-12-11T09:33:04
damlbmp_gen,2022-12-13,2022-12-12T09:32:04
damlbmp_gen,2022-12-14,2022-12-13T09:33:06
damlbmp_gen,2022-12-15,2022-12-14T09:33:04
damlbmp_gen,2022-12-16,2022-12-15T09:33:06
damlbmp_gen,2022-12-17,2022-12-16T09:32:06
damlbmp_gen,2022-12-18,2022-12-17T09:32:06
damlbmp_gen,2022-12-19,2022-12-18T09:33:10
damlbmp_gen,2022-12-20,2022-12-19T09:32:06
damlbmp_gen,2022-12-21,2022-12-20T09:32:06
damlbmp_gen,2022-12-22,2022-12-21T09:32:10
damlbmp_gen,2022-12-23,2022-12-22T09:31:06
damlbmp_gen,2022-12-24,2022-12-23T09:31:06
damlbmp_gen,2022-12-25,2022-12-24T09:32:08
damlbmp_gen,2022-12-26,2022-12-25T09:32:06
damlbmp_gen,2022-12-27,2022-12-26T09:32:06
damlbmp_gen,2022-12-28,2022-12-27T09:33:06
damlbmp_gen,2022-12-29,2022-12-28T09:31:06
damlbmp_gen,2022-12-30,2022-12-29T09:32:06
damlbmp_gen,2022-12-31,2022-12-30T09:32:08
damlbmp_gen,2023-01-01,2022-12-31T09:32:14
damlbmp_gen,2023-01-02,2023-01-01T09:32:06
damlbmp_gen,2023-01-03,2023-01-02T09:32:06
damlbmp_gen,2023-01-04,2023-01-03T09:31:04
damlbmp_gen,2023-01-05,2023-01-04T09:31:04
damlbmp_gen,2023-01-06,2023-01-05T09:33:04
damlbmp_gen,2023-01-07,2023-01-06T09:31:04
damlbmp_gen,2023-01-08,2023-01-07T09:32:04
damlbmp_gen,2023-01-09,2023-01-08T09:32:06
damlbmp_gen,2023-01-10,2023-01-09T09:32:04
damlbmp_gen,2023-01-11,2023-01-10T09:32:06
damlbmp_gen,2023-01-12,2023-01-11T09:32:04
damlbmp_gen,2023-01-13,2023-01-12T09:32:06
damlbmp_gen,2023-01-14,2023-01-13T09:31:06
damlbmp_gen,2023-01-15,2023-01-14T09:31:04
damlbmp_gen,2023-01-16,2023-01-15T09:32:06
damlbmp_gen,2023-01-17,2023-01-16T09:31:06
damlbmp_gen,2023-01-18,2023-01-17T09:31:06
damlbmp_gen,2023-01-19,2023-01-18T09:32:06
damlbmp_gen,2023-01-20,2023-01-19T09:36:06
damlbmp_gen,2023-01-21,2023-01-20T09:33:06
damlbmp_gen,2023-01-22,2023-01-21T09:32:06
damlbmp_gen,2023-01-23,2023-01-22T09:32:06
damlbmp_gen,2023-01-24,2023-01-23T09:32:06
damlbmp_gen,2023-01-25,2023-01-24T09:33:04
damlbmp_gen,2023-01-26,2023-01-25T09:32:06
damlbmp_gen,2023-01-27,2023-01-26T09:32:06
damlbmp_gen,2023-01-28,2023-01-27T09:33:06
damlbmp_gen,2023-01-29,2023-01-28T09:33:06
damlbmp_gen,2023-01-30,2023-01-29T09:32:06
damlbmp_gen,2023-01-31,2023-01-30T09:33:06
damlbmp_gen,2023-02-01,2023-01-31T09:32:06
damlbmp_gen,2023-02-02,2023-02-01T09:32:08
damlbmp_gen,2023-02-03,2023-02-02T09:32:04
damlbmp_gen,2023-02-04,2023-02-03T09:32:06
damlbmp_gen,2023-02-05,2023-02-04T09:33:04
damlbmp_gen,2023-02-06,2023-02-05T09:32:06
damlbmp_gen,2023-02-07,2023-02-06T09:32:04
damlbmp_gen,2023-02-08,2023-02-07T09:31:04
damlbmp_gen,2023-02-09,2023-02-08T09:31:04
damlbmp_gen,2023-02-10,2023-02-09T09:32:06
damlbmp_gen,2023-02-11,2023-02-10T09:31:04
damlbmp_gen,2023-02-12,2023-02-11T09:31:04
damlbmp_gen,2023-02-13,2023-02-12T09:32:06
damlbmp_gen,2023-02-14,2023-02-13T09:31:04
damlbmp_gen,2023-02-15,2023-02-14T09:31:04
damlbmp_gen,2023-02-16,2023-02-15T09:31:04
damlbmp_gen,2023-02-17,2023-02-16T09:32:06
damlbmp_gen,2023-02-18,2023-02-17T09:31:04
damlbmp_gen,2023-02-19,2023-02-18T09:32:06
damlbmp_gen,2023-02-20,2023-02-19T09:33:04
damlbmp_gen,2023-02-21,2023-02-20T09:32:06
damlbmp_gen,2023-02-22,2023-02-21T09:32:06
damlbmp_gen,2023-02-23,2023-02-22T09:32:06
damlbmp_gen,2023-02-24,2023-02-23T09:33:26
damlbmp_gen,2023-02-25,2023-02-24T09:33:04
damlbmp_gen,2023-02-26,2023-02-25T09:32:06
damlbmp_gen,2023-02-27,2023-02-26T09:32:06
damlbmp_gen,2023-02-28,2023-02-27T09:32:06
damlbmp_gen,2023-03-01,2023-02-28T09:32:04
damlbmp_gen,2023-03-02,2023-03-01T09:32:06
damlbmp_gen,2023-03-03,2023-03-02T09:37:04
damlbmp_gen,2023-03-04,2023-03-03T09:32:04
damlbmp_gen,2023-03-05,2023-03-04T09:32:06
damlbmp_gen,2023-03-06,2023-03-05T09:32:06
damlbmp_gen,2023-03-07,2023-03-06T09:31:04
damlbmp_gen,2023-03-08,2023-03-07T09:32:08
damlbmp_gen,2023-03-09,2023-03-08T09:32:04
damlbmp_gen,2023-03-10,2023-03-09T09:31:06
damlbmp_gen,2023-03-11,2023-03-10T09:32:08
damlbmp_gen,2023-03-12,2023-03-11T09:32:06
damlbmp_gen,2023-03-13,2023-03-12T09:31:04
damlbmp_gen,2023-03-14,2023-03-13T09:32:06
damlbmp_gen,2023-03-15,2023-03-14T09:31:04
damlbmp_gen,2023-03-16,2023-03-15T09:31:04
damlbmp_gen,2023-03-17,2023-03-16T09:32:08
damlbmp_gen,2023-03-18,2023-03-17T09:31:06
damlbmp_gen,2023-03-19,2023-03-18T09:32:06
damlbmp_gen,2023-03-20,2023-03-19T09:32:06
damlbmp_gen,2023-03-21,2023-03-20T09:32:06
damlbmp_gen,2023-03-22,2023-03-21T09:32:06
damlbmp_gen,2023-03-23,2023-03-22T09:32:06
damlbmp_gen,2023-03-24,2023-03-23T09:31:06
damlbmp_gen,2023-03-25,2023-03-24T09:31:06
damlbmp_gen,2023-03-26,2023-03-25T09:32:06
damlbmp_gen,2023-03-27,2023-03-26T09:32:08
damlbmp_gen,2023-03-28,2023-03-27T09:32:06
damlbmp_gen,2023-03-29,2023-03-28T09:32:06
damlbmp_gen,2023-03-30,2023-03-29T09:32:06
damlbmp_gen,2023-03-31,2023-03-30T09:32:06
damlbmp_gen,2023-04-01,2023-03-31T09:32:06
damlbmp_gen,2023-04-02,2023-04-01T09:32:06
damlbmp_gen,2023-04-03,2023-04-02T09:32:06
damlbmp_gen,2023-04-04,2023-04-03T09:32:06
damlbmp_gen,2023-04-05,2023-04-04T09:31:04
damlbmp_gen,2023-04-06,2023-04-05T09:32:10
damlbmp_gen,2023-04-07,2023-04-06T09:31:04
damlbmp_gen,2023-04-08,2023-04-07T09:31:04
damlbmp_gen,2023-04-09,2023-04-08T09:31:04
damlbmp_gen,2023-04-10,2023-04-09T09:31:04
damlbmp_gen,2023-04-11,2023-04-10T09:31:04
damlbmp_gen,2023-04-12,2023-04-11T09:32:08
damlbmp_gen,2023-04-13,2023-04-12T09:36:04
damlbmp_gen,2023-04-14,2023-04-13T09:32:06
damlbmp_gen,2023-04-15,2023-04-14T09:32:08
damlbmp_gen,2023-04-16,2023-04-15T09:31:06
damlbmp_gen,2023-04-17,2023-04-16T09:32:10
damlbmp_gen,2023-04-18,2023-04-17T09:31:10
damlbmp_gen,2023-04-19,2023-04-18T09:40:12
damlbmp_gen,2023-04-20,2023-04-19T09:34:06
damlbmp_gen,2023-04-21,2023-04-25T13:53:32
damlbmp_gen,2023-04-22,2023-04-25T13:54:30
damlbmp_gen,2023-04-23,2023-04-22T09:32:08
damlbmp_gen,2023-04-24,2023-04-23T09:32:08
damlbmp_gen,2023-04-25,2023-04-24T09:31:06
damlbmp_gen,2023-04-26,2023-04-25T09:31:06
damlbmp_gen,2023-04-27,2023-04-26T09:31:08
damlbmp_gen,2023-04-28,2023-04-27T09:31:06
damlbmp_gen,2023-04-29,2023-04-28T09:31:06
damlbmp_gen,2023-04-30,2023-04-29T09:32:08
damlbmp_gen,2023-05-01,2023-04-30T09:32:06
damlbmp_gen,2023-05-02,2023-05-01T09:32:06
damlbmp_gen,2023-05-03,2023-05-02T09:32:08
damlbmp_gen,2023-05-04,2023-05-03T09:31:06
damlbmp_gen,2023-05-05,2023-05-04T09:32:06
damlbmp_gen,2023-05-06,2023-05-05T09:31:06
damlbmp_gen,2023-05-07,2023-05-06T09:32:12
damlbmp_gen,2023-05-08,2023-05-07T09:32:06
damlbmp_gen,2023-05-09,2023-05-08T09:32:08
damlbmp_gen,2023-05-10,2023-05-09T09:32:10
damlbmp_gen,2023-05-11,2023-05-10T09:32:06
damlbmp_gen,2023-05-12,2023-05-11T09:32:06
damlbmp_gen,2023-05-13,2023-05-12T09:33:06
damlbmp_gen,2023-05-14,2023-05-13T09:32:06
damlbmp_gen,2023-05-15,2023-05-14T09:32:08
damlbmp_gen,2023-05-16,2023-05-15T09:32:06
damlbmp_gen,2023-05-17,2023-05-16T09:32:08
damlbmp_gen,2023-05-18,2023-05-17T09:32:06
damlbmp_gen,2023-05-19,2023-05-18T09:32:08
damlbmp_gen,2023-05-20,2023-05-19T09:32:08
damlbmp_gen,2023-05-21,2023-05-20T09:31:06
damlbmp_gen,2023-05-22,2023-05-21T09:32:08
damlbmp_gen,2023-05-23,2023-05-22T09:31:06
damlbmp_gen,2023-05-24,2023-05-23T09:32:08
damlbmp_gen,2023-05-25,2023-05-24T09:32:06
damlbmp_gen,2023-05-26,2023-05-25T09:32:08
damlbmp_gen,2023-05-27,2023-05-26T09:32:06
damlbmp_gen,2023-05-28,2023-05-27T09:32:08
damlbmp_gen,2023-05-29,2023-05-28T09:32:08
damlbmp_gen,2023-05-30,2023-05-29T09:32:08
damlbmp_gen,2023-05-31,2023-05-30T09:32:08
damlbmp_gen,2023-06-01,2023-05-31T09:32:06
damlbmp_gen,2023-06-02,2023-06-01T09:32:06
damlbmp_gen,2023-06-03,2023-06-02T09:33:06
damlbmp_gen,2023-06-04,2023-06-03T09:33:06
damlbmp_gen,2023-06-05,2023-06-04T10:22:08
damlbmp_gen,2023-06-06,2023-06-05T09:31:06
damlbmp_gen,2023-06-07,2023-06-06T09:31:06
damlbmp_gen,2023-06-08,2023-06-07T09:31:08
damlbmp_gen,2023-06-09,2023-06-08T09:32:08
damlbmp_gen,2023-06-10,2023-06-09T09:31:20
damlbmp_gen,2023-06-11,2023-06-10T09:32:06
damlbmp_gen,2023-06-12,2023-06-11T09:32:08
damlbmp_gen,2023-06-13,2023-06-12T09:32:08
damlbmp_gen,2023-06-14,2023-06-13T09:31:06
damlbmp_gen,2023-06-15,2023-06-14T09:31:08
damlbmp_gen,2023-06-16,2023-06-15T09:31:06
damlbmp_gen,2023-06-17,2023-06-16T09:31:06
damlbmp_gen,2023-06-18,2023-06-17T09:32:08
damlbmp_gen,2023-06-19,2023-06-18T09:32:08
damlbmp_gen,2023-06-20,2023-06-19T09:32:08
damlbmp_gen,2023-06-21,2023-06-20T09:31:08
damlbmp_gen,2023-06-22,2023-06-21T09:31:06
damlbmp_gen,2023-06-23,2023-06-22T09:32:08
damlbmp_gen,2023-06-24,2023-06-23T09:32:08
damlbmp_gen,2023-06-25,2023-06-24T09:32:08
damlbmp_gen,2023-06-26,2023-06-25T09:32:06
damlbmp_gen,2023-06-27,2023-06-26T09:32:06
damlbmp_gen,2023-06-28,2023-06-27T09:31:08
damlbmp_gen,2023-06-29,2023-06-28T09:31:06
damlbmp_gen,2023-06-30,2023-06-29T09:32:08
damlbmp_gen,2023-07-01,2023-06-30T09:32:08
damlbmp_gen,2023-07-02,2023-07-01T09:31:08
damlbmp_gen,2023-07-03,2023-07-02T09:31:06
damlbmp_gen,2023-07-04,2023-07-03T09:31:08
damlbmp_gen,2023-07-05,2023-07-04T09:32:10
damlbmp_gen,2023-07-06,2023-07-05T09:32:06
damlbmp_gen,2023-07-07,2023-07-06T09:32:10
damlbmp_gen,2023-07-08,2023-07-07T09:32:08
damlbmp_gen,2023-07-09,2023-07-08T09:31:08
damlbmp_gen,2023-07-10,2023-07-09T09:31:08
damlbmp_gen,2023-07-11,2023-07-10T09:31:06
damlbmp_gen,2023-07-12,2023-07-11T09:32:08
damlbmp_gen,2023-07-13,2023-07-12T09:42:14
damlbmp_gen,2023-07-14,2023-07-13T09:32:16
damlbmp_gen,2023-07-15,2023-07-14T09:32:20
damlbmp_gen,2023-07-16,2023-07-15T09:32:18
damlbmp_gen,2023-07-17,2023-07-16T09:32:12
damlbmp_gen,2023-07-18,2023-07-17T09:32:08
damlbmp_gen,2023-07-19,2023-07-18T09:34:12
damlbmp_gen,2023-07-20,2023-07-19T09:31:10
damlbmp_gen,2023-07-21,2023-07-20T09:31:08
damlbmp_gen,2023-07-22,2023-07-21T09:31:08
damlbmp_gen,2023-07-23,2023-07-22T09:33:08
damlbmp_gen,2023-07-24,2023-07-23T09:31:08
damlbmp_gen,2023-07-25,2023-07-24T09:31:06
damlbmp_gen,2023-07-26,2023-07-25T09:31:06
damlbmp_gen,2023-07-27,2023-07-26T09:32:10
damlbmp_gen,2023-07-28,2023-07-27T09:31:06
damlbmp_gen,2023-07-29,2023-07-28T09:32:08
damlbmp_gen,2023-07-30,2023-07-29T09:31:08
damlbmp_gen,2023-07-31,2023-07-30T09:31:10
damlbmp_gen,2023-08-01,2023-07-31T09:31:06
damlbmp_gen,2023-08-02,2023-08-01T09:32:08
damlbmp_gen,2023-08-03,2023-08-02T09:32:06
damlbmp_gen,2023-08-04,2023-08-03T09:32:06
damlbmp_gen,2023-08-05,2023-08-04T09:32:06
damlbmp_gen,2023-08-06,2023-08-05T09:32:06
damlbmp_gen,2023-08-07,2023-08-06T09:33:06
damlbmp_gen,2023-08-08,2023-08-07T09:33:06
damlbmp_gen,2023-08-09,2023-08-08T09:32:06
damlbmp_gen,2023-08-10,2023-08-09T09:32:06
damlbmp_gen,2023-08-11,2023-08-10T09:32:06
damlbmp_gen,2023-08-12,2023-08-11T09:32:08
damlbmp_gen,2023-08-13,2023-08-12T09:32:08
damlbmp_gen,2023-08-14,2023-08-13T09:32:10
damlbmp_gen,2023-08-15,2023-08-14T09:31:06
damlbmp_gen,2023-08-16,2023-08-15T09:39:06
damlbmp_gen,2023-08-17,2023-08-16T09:32:08
damlbmp_gen,2023-08-18,2023-08-17T09:32:10
damlbmp_gen,2023-08-19,2023-08-18T09:31:06
damlbmp_gen,2023-08-20,2023-08-19T09:31:06
damlbmp_gen,2023-08-21,2023-08-20T09:32:08
damlbmp_gen,2023-08-22,2023-08-21T09:31:08
damlbmp_gen,2023-08-23,2023-08-22T09:31:06
damlbmp_gen,2023-08-24,2023-08-23T09:32:06
damlbmp_gen,2023-08-25,2023-08-24T09:32:06
damlbmp_gen,2023-08-26,2023-08-25T09:32:08
damlbmp_gen,2023-08-27,2023-08-26T09:33:06
damlbmp_gen,2023-08-28,2023-08-27T09:36:06
damlbmp_gen,2023-08-29,2023-08-28T09:32:08
damlbmp_gen,2023-08-30,2023-08-29T09:32:10
damlbmp_gen,2023-08-31,2023-08-30T09:32:08
damlbmp_gen,2023-09-01,2023-08-31T09:32:06
damlbmp_gen,2023-09-02,2023-09-01T09:34:04
damlbmp_gen,2023-09-03,2023-09-02T09:32:06
damlbmp_gen,2023-09-04,2023-09-03T09:32:08
damlbmp_gen,2023-09-05,2023-09-04T09:32:08
damlbmp_gen,2023-09-06,2023-09-05T09:32:08
damlbmp_gen,2023-09-07,2023-09-06T09:32:08
damlbmp_gen,2023-09-08,2023-09-07T09:33:06
damlbmp_gen,2023-09-09,2023-09-08T09:32:06
damlbmp_gen,2023-09-10,2023-09-09T09:32:06
damlbmp_gen,2023-09-11,2023-09-10T09:32:06
damlbmp_gen,2023-09-12,2023-09-11T09:32:10
damlbmp_gen,2023-09-13,2023-09-12T09:32:06
damlbmp_gen,2023-09-14,2023-09-13T09:32:10
damlbmp_gen,2023-09-15,2023-09-14T09:32:06
damlbmp_gen,2023-09-16,2023-09-15T09:33:06
damlbmp_gen,2023-09-17,2023-09-16T09:32:08
damlbmp_gen,2023-09-18,2023-09-17T09:33:06
damlbmp_gen,2023-09-19,2023-09-18T09:32:08
damlbmp_gen,2023-09-20,2023-09-19T09:31:06
damlbmp_gen,2023-09-21,2023-09-20T09:32:08
damlbmp_gen,2023-09-22,2023-09-21T09:32:08
damlbmp_gen,2023-09-23,2023-09-22T09:31:06
damlbmp_gen,2023-09-24,2023-09-23T09:31:08
damlbmp_gen,2023-09-25,2023-09-24T09:31:06
damlbmp_gen,2023-09-26,2023-09-25T09:31:10
damlbmp_gen,2023-09-27,2023-09-26T09:32:06
damlbmp_gen,2023-09-28,2023-09-27T09:32:10
damlbmp_gen,2023-09-29,2023-09-28T09:32:08
damlbmp_gen,2023-09-30,2023-09-29T09:33:06
damlbmp_gen,2023-10-01,2023-09-30T09:32:06
damlbmp_gen,2023-10-02,2023-10-01T09:32:06
damlbmp_gen,2023-10-03,2023-10-02T09:32:06
damlbmp_gen,2023-10-04,2023-10-03T09:32:06
damlbmp_gen,2023-10-05,2023-10-04T09:32:06
damlbmp_gen,2023-10-06,2023-10-05T09:32:06
damlbmp_gen,2023-10-07,2023-10-06T09:32:08
damlbmp_gen,2023-10-08,2023-10-07T09:32:06
damlbmp_gen,2023-10-09,2023-10-08T09:32:06
damlbmp_gen,2023-10-10,2023-10-09T09:32:06
damlbmp_gen,2023-10-11,2023-10-10T09:32:10
damlbmp_gen,2023-10-12,2023-10-11T09:32:08
damlbmp_gen,2023-10-13,2023-10-12T09:31:06
damlbmp_gen,2023-10-14,2023-10-13T09:31:08
damlbmp_gen,2023-10-15,2023-10-14T09:32:08
damlbmp_gen,2023-10-16,2023-10-15T09:32:06
damlbmp_gen,2023-10-17,2023-10-16T09:32:14
damlbmp_gen,2023-10-18,2023-10-17T09:32:08
damlbmp_gen,2023-10-19,2023-10-18T09:41:08
damlbmp_gen,2023-10-20,2023-10-19T09:33:06
damlbmp_gen,2023-10-21,2023-10-20T09:32:08
damlbmp_gen,2023-10-22,2023-10-21T09:31:08
damlbmp_gen,2023-10-23,2023-10-22T09:32:08
damlbmp_gen,2023-10-24,2023-10-23T10:25:08
damlbmp_gen,2023-10-25,2023-10-24T09:32:08
damlbmp_gen,2023-10-26,2023-10-25T09:31:08
damlbmp_gen,2023-10-27,2023-10-26T09:32:10
damlbmp_gen,2023-10-28,2023-10-27T09:32:08
damlbmp_gen,2023-10-29,2023-10-28T09:32:08
damlbmp_gen,2023-10-30,2023-10-29T09:33:06
damlbmp_gen,2023-10-31,2023-10-30T09:32:08
damlbmp_gen,2023-11-01,2023-10-31T09:32:08
damlbmp_gen,2023-11-02,2023-11-01T09:32:06
damlbmp_gen,2023-11-03,2023-11-02T09:32:06
damlbmp_gen,2023-11-04,2023-11-03T09:32:08
damlbmp_gen,2023-11-05,2023-11-04T09:33:08
damlbmp_gen,2023-11-06,2023-11-05T09:32:10
damlbmp_gen,2023-11-07,2023-11-06T09:32:06
damlbmp_gen,2023-11-08,2023-11-07T09:32:08
damlbmp_gen,2023-11-09,2023-11-08T09:32:06
damlbmp_gen,2023-11-10,2023-11-09T09:32:06
damlbmp_gen,2023-11-11,2023-11-10T09:32:06
damlbmp_gen,2023-11-12,2023-11-11T09:32:06
damlbmp_gen,2023-11-13,2023-11-12T09:33:12
damlbmp_gen,2023-11-14,2023-11-13T09:32:06
damlbmp_gen,2023-11-15,2023-11-14T09:32:08
damlbmp_gen,2023-11-16,2023-11-15T09:32:08
damlbmp_gen,2023-11-17,2023-11-16T09:32:10
damlbmp_gen,2023-11-18,2023-11-17T09:32:08
damlbmp_gen,2023-11-19,2023-11-18T09:32:06
damlbmp_gen,2023-11-20,2023-11-19T09:32:06
damlbmp_gen,2023-11-21,2023-11-21T18:27:56
damlbmp_gen,2023-11-22,2023-11-21T09:32:08
damlbmp_gen,2023-11-23,2023-11-22T09:31:06
damlbmp_gen,2023-11-24,2023-11-23T09:32:08
damlbmp_gen,2023-11-25,2023-11-24T09:31:06
damlbmp_gen,2023-11-26,2023-11-25T09:32:08
damlbmp_gen,2023-11-27,2023-11-26T09:32:08
damlbmp_gen,2023-11-28,2023-11-27T09:32:08
damlbmp_gen,2023-11-29,2023-11-28T09:32:08
damlbmp_gen,2023-11-30,2023-11-29T09:32:08
damlbmp_gen,2023-12-01,2023-11-30T09:39:06
damlbmp_gen,2023-12-02,2023-12-01T09:32:06
damlbmp_gen,2023-12-03,2023-12-02T09:32:06
damlbmp_gen,2023-12-04,2023-12-03T09:32:10
damlbmp_gen,2023-12-05,2023-12-04T09:32:08
damlbmp_gen,2023-12-06,2023-12-05T09:34:06
damlbmp_gen,2023-12-07,2023-12-06T09:32:06
damlbmp_gen,2023-12-08,2023-12-07T09:33:06
damlbmp_gen,2023-12-09,2023-12-08T09:33:08
damlbmp_gen,2023-12-10,2023-12-09T09:32:06
damlbmp_gen,2023-12-11,2023-12-10T09:32:06
damlbmp_gen,2023-12-12,2023-12-11T09:33:06
damlbmp_gen,2023-12-13,2023-12-12T09:32:06
damlbmp_gen,2023-12-14,2023-12-13T09:32:08
damlbmp_gen,2023-12-15,2023-12-14T09:32:06
damlbmp_gen,2023-12-16,2023-12-15T09:32:08
damlbmp_gen,2023-12-17,2023-12-16T09:31:06
damlbmp_gen,2023-12-18,2023-12-17T09:31:06
damlbmp_gen,2023-12-19,2023-12-18T09:32:06
damlbmp_gen,2023-12-20,2023-12-19T09:32:10
damlbmp_gen,2023-12-21,2023-12-20T09:32:06
damlbmp_gen,2023-12-22,2023-12-21T09:32:08
damlbmp_gen,2023-12-23,2023-12-22T09:32:06
damlbmp_gen,2023-12-24,2023-12-23T09:31:06
damlbmp_gen,2023-12-25,2023-12-24T09:31:06
damlbmp_gen,2023-12-26,2023-12-25T09:31:08
damlbmp_gen,2023-12-27,2023-12-26T09:32:08
damlbmp_gen,2023-12-28,2023-12-27T09:33:08
damlbmp_gen,2023-12-29,2023-12-28T09:32:08
damlbmp_gen,2023-12-30,2023-12-29T09:32:08
damlbmp_gen,2023-12-31,2023-12-30T09:31:06
damlbmp_gen,2024-01-01,2023-12-31T09:33:12
damlbmp_gen,2024-01-02,2024-01-01T09:31:06
damlbmp_gen,2024-01-03,2024-01-02T09:32:06
damlbmp_gen,2024-01-04,2024-01-03T09:32:06
damlbmp_gen,2024-01-05,2024-01-04T09:33:06
damlbmp_gen,2024-01-06,2024-01-05T09:33:06
damlbmp_gen,2024-01-07,2024-01-06T09:32:08
damlbmp_gen,2024-01-08,2024-01-07T09:33:06
damlbmp_gen,2024-01-09,2024-01-08T09:32:08
damlbmp_gen,2024-01-10,2024-01-09T09:32:28
damlbmp_gen,2024-01-11,2024-01-10T09:32:06
damlbmp_gen,2024-01-12,2024-01-11T09:32:08
damlbmp_gen,2024-01-13,2024-01-12T09:32:10
damlbmp_gen,2024-01-14,2024-01-13T09:31:06
damlbmp_gen,2024-01-15,2024-01-14T09:32:06
damlbmp_gen,2024-01-16,2024-01-15T09:32:08
damlbmp_gen,2024-01-17,2024-01-16T09:33:14
damlbmp_gen,2024-01-18,2024-01-17T09:32:08
damlbmp_gen,2024-01-19,2024-01-18T09:31:08
damlbmp_gen,2024-01-20,2024-01-19T09:31:06
damlbmp_gen,2024-01-21,2024-01-20T09:32:08
damlbmp_gen,2024-01-22,2024-01-21T09:33:12
damlbmp_gen,2024-01-23,2024-01-22T09:32:06
damlbmp_gen,2024-01-24,2024-01-23T09:33:10
damlbmp_gen,2024-01-25,2024-01-24T09:32:08
damlbmp_gen,2024-01-26,2024-01-25T09:32:08
damlbmp_gen,2024-01-27,2024-01-26T09:32:10
damlbmp_gen,2024-01-28,2024-01-27T09:31:06
damlbmp_gen,2024-01-29,2024-01-28T09:32:08
damlbmp_gen,2024-01-30,2024-01-29T09:32:08
damlbmp_gen,2024-01-31,2024-01-30T09:32:16
damlbmp_gen,2024-02-01,2024-01-31T09:32:06
damlbmp_gen,2024-02-02,2024-02-01T09:33:06
damlbmp_gen,2024-02-03,2024-02-02T09:32:06
damlbmp_gen,2024-02-04,2024-02-03T09:32:08
damlbmp_gen,2024-02-05,2024-02-04T09:32:06
damlbmp_gen,2024-02-06,2024-02-05T09:34:06
damlbmp_gen,2024-02-07,2024-02-06T09:33:06
damlbmp_gen,2024-02-08,2024-02-07T09:34:06
damlbmp_gen,2024-02-09,2024-02-08T09:33:04
damlbmp_gen,2024-02-10,2024-02-09T09:33:06
damlbmp_gen,2024-02-11,2024-02-10T09:31:06
damlbmp_gen,2024-02-12,2024-02-11T09:32:06
damlbmp_gen,2024-02-13,2024-02-12T09:33:06
damlbmp_gen,2024-02-14,2024-02-13T09:32:06
damlbmp_gen,2024-02-15,2024-02-14T09:33:06
damlbmp_gen,2024-02-16,2024-02-15T09:32:08
damlbmp_gen,2024-02-17,2024-02-16T09:32:06
damlbmp_gen,2024-02-18,2024-02-17T09:32:08
damlbmp_gen,2024-02-19,2024-02-18T09:33:06
damlbmp_gen,2024-02-20,2024-02-19T09:33:06
damlbmp_gen,2024-02-21,2024-02-20T09:32:06
damlbmp_gen,2024-02-22,2024-02-21T09:32:08
damlbmp_gen,2024-02-23,2024-02-22T09:32:08
damlbmp_gen,2024-02-24,2024-02-23T09:33:06
damlbmp_gen,2024-02-25,2024-02-24T09:31:06
damlbmp_gen,2024-02-26,2024-02-25T09:32:08
damlbmp_gen,2024-02-27,2024-02-26T09:33:06
damlbmp_gen,2024-02-28,2024-02-27T09:33:08
damlbmp_gen,2024-02-29,2024-02-28T09:33:08
damlbmp_gen,2024-03-01,2024-02-29T09:31:08
damlbmp_gen,2024-03-02,2024-03-01T09:32:08
damlbmp_gen,2024-03-03,2024-03-02T09:32:06
damlbmp_gen,2024-03-04,2024-03-03T09:32:06
damlbmp_gen,2024-03-05,2024-03-04T09:32:08
damlbmp_gen,2024-03-06,2024-03-05T09:33:06
damlbmp_gen,2024-03-07,2024-03-06T09:32:06
damlbmp_gen,2024-03-08,2024-03-07T09:32:06
damlbmp_gen,2024-03-09,2024-03-08T09:32:06
damlbmp_gen,2024-03-10,2024-03-09T09:31:06
damlbmp_gen,2024-03-11,2024-03-10T09:31:06
damlbmp_gen,2024-03-12,2024-03-11T09:32:10
damlbmp_gen,2024-03-13,2024-03-12T09:31:06
damlbmp_gen,2024-03-14,2024-03-13T09:32:06
damlbmp_gen,2024-03-15,2024-03-14T09:32:14
damlbmp_gen,2024-03-16,2024-03-15T09:32:06
damlbmp_gen,2024-03-17,2024-03-16T09:31:06
damlbmp_gen,2024-03-18,2024-03-17T09:32:06
damlbmp_gen,2024-03-19,2024-03-18T09:32:08
damlbmp_gen,2024-03-20,2024-03-19T09:32:06
damlbmp_gen,2024-03-21,2024-03-20T09:32:06
damlbmp_gen,2024-03-22,2024-03-21T09:32:06
damlbmp_gen,2024-03-23,2024-03-22T09:32:08
damlbmp_gen,2024-03-24,2024-03-23T09:32:08
damlbmp_gen,2024-03-25,2024-03-24T09:32:08
damlbmp_gen,2024-03-26,2024-03-25T09:32:06
damlbmp_gen,2024-03-27,2024-03-26T09:32:08
damlbmp_gen,2024-03-28,2024-03-27T09:31:06
damlbmp_gen,2024-03-29,2024-03-28T09:31:08
damlbmp_gen,2024-03-30,2024-03-29T09:31:08
damlbmp_gen,2024-03-31,2024-03-30T09:32:06
damlbmp_gen,2024-04-01,2024-03-31T09:32:08
damlbmp_gen,2024-04-02,2024-04-01T09:32:06
damlbmp_gen,2024-04-03,2024-04-02T09:32:06
damlbmp_gen,2024-04-04,2024-04-03T09:31:08
damlbmp_gen,2024-04-05,2024-04-04T09:31:08
damlbmp_gen,2024-04-06,2024-04-05T09:31:06
damlbmp_gen,2024-04-07,2024-04-06T09:32:08
damlbmp_gen,2024-04-08,2024-04-07T09:32:08
damlbmp_gen,2024-04-09,2024-04-08T09:32:12
damlbmp_gen,2024-04-10,2024-04-09T09:33:18
damlbmp_gen,2024-04-11,2024-04-10T09:32:06
damlbmp_gen,2024-04-12,2024-04-11T09:32:10
damlbmp_gen,2024-04-13,2024-04-12T09:32:16
damlbmp_gen,2024-04-14,2024-04-13T09:32:08
damlbmp_gen,2024-04-15,2024-04-14T09:32:08
damlbmp_gen,2024-04-16,2024-04-15T09:33:08
damlbmp_gen,2024-04-17,2024-04-16T09:33:06
damlbmp_gen,2024-04-18,2024-04-17T09:33:08
damlbmp_gen,2024-04-19,2024-04-18T09:32:08
damlbmp_gen,2024-04-20,2024-04-19T09:32:12
damlbmp_gen,2024-04-21,2024-04-20T09:32:06
damlbmp_gen,2024-04-22,2024-04-21T09:32:08
damlbmp_gen,2024-04-23,2024-04-22T10:12:06
damlbmp_gen,2024-04-24,2024-04-23T09:32:08
damlbmp_gen,2024-04-25,2024-04-24T09:31:06
damlbmp_gen,2024-04-26,2024-04-25T09:31:08
damlbmp_gen,2024-04-27,2024-04-26T09:31:06
damlbmp_gen,2024-04-28,2024-04-27T09:31:08
damlbmp_gen,2024-04-29,2024-04-28T09:32:06
damlbmp_gen,2024-04-30,2024-04-29T09:32:06
damlbmp_gen,2024-05-01,2024-04-30T09:32:06
damlbmp_gen,2024-05-02,2024-05-01T09:32:06
damlbmp_gen,2024-05-03,2024-05-02T09:33:06
damlbmp_gen,2024-05-04,2024-05-03T09:32:06
damlbmp_gen,2024-05-05,2024-05-04T09:32:06
damlbmp_gen,2024-05-06,2024-05-05T09:33:06
damlbmp_gen,2024-05-07,2024-05-06T09:32:08
damlbmp_gen,2024-05-08,2024-05-07T09:32:06
damlbmp_gen,2024-05-09,2024-05-08T09:32:06
damlbmp_gen,2024-05-10,2024-05-09T09:32:08
damlbmp_gen,2024-05-11,2024-05-10T09:32:06
damlbmp_gen,2024-05-12,2024-05-11T09:32:06
damlbmp_gen,2024-05-13,2024-05-12T09:32:08
damlbmp_gen,2024-05-14,2024-05-13T09:32:10
damlbmp_gen,2024-05-15,2024-05-14T09:31:06
damlbmp_gen,2024-05-16,2024-05-15T09:33:06
damlbmp_gen,2024-05-17,2024-05-16T09:32:06
damlbmp_gen,2024-05-18,2024-05-17T09:49:18
damlbmp_gen,2024-05-19,2024-05-18T09:32:06
damlbmp_gen,2024-05-20,2024-05-19T09:32:06
damlbmp_gen,2024-05-21,2024-05-20T09:33:06
damlbmp_gen,2024-05-22,2024-05-21T09:32:08
damlbmp_gen,2024-05-23,2024-05-22T09:32:08
damlbmp_gen,2024-05-24,2024-05-23T09:31:06
damlbmp_gen,2024-05-25,2024-05-24T09:31:08
damlbmp_gen,2024-05-26,2024-05-25T09:32:08
damlbmp_gen,2024-05-27,2024-05-26T09:32:06
damlbmp_gen,2024-05-28,2024-05-27T09:33:08
damlbmp_gen,2024-05-29,2024-05-28T09:32:08
damlbmp_gen,2024-05-30,2024-05-29T09:32:08
damlbmp_gen,2024-05-31,2024-05-30T09:32:10
damlbmp_gen,2024-06-01,2024-05-31T09:32:06
damlbmp_gen,2024-06-02,2024-06-01T09:31:06
damlbmp_gen,2024-06-03,2024-06-02T09:32:06
damlbmp_gen,2024-06-04,2024-06-03T09:32:06
damlbmp_gen,2024-06-05,2024-06-04T09:32:06
damlbmp_gen,2024-06-06,2024-06-05T09:31:06
damlbmp_gen,2024-06-07,2024-06-06T09:31:04
damlbmp_gen,2024-06-08,2024-06-07T09:31:06
damlbmp_gen,2024-06-09,2024-06-08T09:32:06
damlbmp_gen,2024-06-10,2024-06-09T09:32:06
damlbmp_gen,2024-06-11,2024-06-10T09:32:06
damlbmp_gen,2024-06-12,2024-06-11T09:33:06
damlbmp_gen,2024-06-13,2024-06-12T09:33:06
damlbmp_gen,2024-06-14,2024-06-13T09:33:06
damlbmp_gen,2024-06-15,2024-06-14T09:33:08
damlbmp_gen,2024-06-16,2024-06-15T09:33:10
damlbmp_gen,2024-06-17,2024-06-16T09:33:06
damlbmp_gen,2024-06-18,2024-06-17T09:33:06
damlbmp_gen,2024-06-19,2024-06-18T09:33:06
damlbmp_gen,2024-06-20,2024-06-19T09:32:06
damlbmp_gen,2024-06-21,2024-06-20T09:33:08
damlbmp_gen,2024-06-22,2024-06-21T09:33:06
damlbmp_gen,2024-06-23,2024-06-22T09:33:08
damlbmp_gen,2024-06-24,2024-06-23T09:33:08
damlbmp_gen,2024-06-25,2024-06-24T09:33:08
damlbmp_gen,2024-06-26,2024-06-25T09:33:06
damlbmp_gen,2024-06-27,2024-06-26T09:32:18
damlbmp_gen,2024-06-28,2024-06-27T09:32:08
damlbmp_gen,2024-06-29,2024-06-28T09:33:08
damlbmp_gen,2024-06-30,2024-06-29T10:43:06
damlbmp_gen,2024-07-01,2024-06-30T09:33:06
damlbmp_gen,2024-07-02,2024-07-01T09:33:06
damlbmp_gen,2024-07-03,2024-07-02T09:33:06
damlbmp_gen,2024-07-04,2024-07-03T09:33:06
damlbmp_gen,2024-07-05,2024-07-04T09:33:06
damlbmp_gen,2024-07-06,2024-07-05T09:33:04
damlbmp_gen,2024-07-07,2024-07-06T09:33:06
damlbmp_gen,2024-07-08,2024-07-07T09:33:06
damlbmp_gen,2024-07-09,2024-07-08T09:33:06
damlbmp_gen,2024-07-10,2024-07-09T09:33:06
damlbmp_gen,2024-07-11,2024-07-10T09:33:06
damlbmp_gen,2024-07-12,2024-07-11T09:35:10
damlbmp_gen,2024-07-13,2024-07-12T09:33:06
damlbmp_gen,2024-07-14,2024-07-13T09:32:08
damlbmp_gen,2024-07-15,2024-07-14T09:32:08
damlbmp_gen,2024-07-16,2024-07-15T09:33:06
damlbmp_gen,2024-07-17,2024-07-16T09:33:10
damlbmp_gen,2024-07-18,2024-07-17T09:33:06
damlbmp_gen,2024-07-19,2024-07-18T09:33:06
damlbmp_gen,2024-07-20,2024-07-19T09:32:06
damlbmp_gen,2024-07-21,2024-07-20T09:32:06
damlbmp_gen,2024-07-22,2024-07-21T09:32:08
damlbmp_gen,2024-07-23,2024-07-22T09:32:08
damlbmp_gen,2024-07-24,2024-07-23T09:33:06
damlbmp_gen,2024-07-25,2024-07-24T09:32:06
damlbmp_gen,2024-07-26,2024-07-25T09:33:06
damlbmp_gen,2024-07-27,2024-07-26T09:32:08
damlbmp_gen,2024-07-28,2024-07-27T09:32:08
damlbmp_gen,2024-07-29,2024-07-28T09:33:08
damlbmp_gen,2024-07-30,2024-07-29T09:33:06
damlbmp_gen,2024-07-31,2024-07-30T09:32:08
damlbmp_gen,2024-08-01,2024-07-31T09:32:06
damlbmp_gen,2024-08-02,2024-08-01T09:33:06
damlbmp_gen,2024-08-03,2024-08-02T09:32:06
damlbmp_gen,2024-08-04,2024-08-03T09:33:06
damlbmp_gen,2024-08-05,2024-08-04T09:33:06
damlbmp_gen,2024-08-06,2024-08-05T09:33:06
damlbmp_gen,2024-08-07,2024-08-06T09:32:06
damlbmp_gen,2024-08-08,2024-08-07T09:31:06
damlbmp_gen,2024-08-09,2024-08-08T09:33:06
damlbmp_gen,2024-08-10,2024-08-09T09:32:06
damlbmp_gen,2024-08-11,2024-08-10T09:32:06
damlbmp_gen,2024-08-12,2024-08-11T09:32:08
damlbmp_gen,2024-08-13,2024-08-12T09:32:08
damlbmp_gen,2024-08-14,2024-08-13T09:32:08
damlbmp_gen,2024-08-15,2024-08-14T09:31:06
damlbmp_gen,2024-08-16,2024-08-15T09:33:06
damlbmp_gen,2024-08-17,2024-08-16T09:32:08
damlbmp_gen,2024-08-18,2024-08-17T09:32:08
damlbmp_gen,2024-08-19,2024-08-18T09:32:08
damlbmp_gen,2024-08-20,2024-08-19T09:31:08
damlbmp_gen,2024-08-21,2024-08-20T09:33:08
damlbmp_gen,2024-08-22,2024-08-21T09:32:08
damlbmp_gen,2024-08-23,2024-08-22T09:32:08
damlbmp_gen,2024-08-24,2024-08-23T09:32:10
damlbmp_gen,2024-08-25,2024-08-24T09:32:08
damlbmp_gen,2024-08-26,2024-08-25T09:33:06
damlbmp_gen,2024-08-27,2024-08-26T09:32:08
damlbmp_gen,2024-08-28,2024-08-27T09:33:06
damlbmp_gen,2024-08-29,2024-08-28T09:33:08
damlbmp_gen,2024-08-30,2024-08-29T09:32:08
damlbmp_gen,2024-08-31,2024-08-30T09:32:14
damlbmp_gen,2024-09-01,2024-08-31T09:31:06
damlbmp_gen,2024-09-02,2024-09-01T09:32:04
damlbmp_gen,2024-09-03,2024-09-02T09:31:04
damlbmp_gen,2024-09-04,2024-09-03T09:33:06
damlbmp_gen,2024-09-05,2024-09-04T09:32:06
damlbmp_gen,2024-09-06,2024-09-05T09:32:08
damlbmp_gen,2024-09-07,2024-09-06T09:32:06
damlbmp_gen,2024-09-08,2024-09-07T09:31:08
damlbmp_gen,2024-09-09,2024-09-08T09:32:06
damlbmp_gen,2024-09-10,2024-09-09T09:32:08
damlbmp_gen,2024-09-11,2024-09-10T09:32:06
damlbmp_gen,2024-09-12,2024-09-11T09:33:06
damlbmp_gen,2024-09-13,2024-09-12T09:32:06
damlbmp_gen,2024-09-14,2024-09-13T09:32:06
damlbmp_gen,2024-09-15,2024-09-14T09:31:06
damlbmp_gen,2024-09-16,2024-09-15T09:32:10
damlbmp_gen,2024-09-17,2024-09-16T09:32:06
damlbmp_gen,2024-09-18,2024-09-17T09:31:06
damlbmp_gen,2024-09-19,2024-09-18T09:31:08
damlbmp_gen,2024-09-20,2024-09-19T09:31:08
damlbmp_gen,2024-09-21,2024-09-20T09:31:06
damlbmp_gen,2024-09-22,2024-09-21T09:32:08
damlbmp_gen,2024-09-23,2024-09-22T09:32:08
damlbmp_gen,2024-09-24,2024-09-23T09:33:06
damlbmp_gen,2024-09-25,2024-09-24T09:38:06
damlbmp_gen,2024-09-26,2024-09-25T09:33:08
damlbmp_gen,2024-09-27,2024-09-26T09:33:06
damlbmp_gen,2024-09-28,2024-09-27T09:32:06
damlbmp_gen,2024-09-29,2024-09-28T09:32:08
damlbmp_gen,2024-09-30,2024-09-29T09:33:06
damlbmp_gen,2024-10-01,2024-09-30T09:33:06
damlbmp_gen,2024-10-02,2024-10-01T09:32:08
damlbmp_gen,2024-10-03,2024-10-02T09:32:08
damlbmp_gen,2024-10-04,2024-10-03T09:32:06
damlbmp_gen,2024-10-05,2024-10-04T09:32:06
damlbmp_gen,2024-10-06,2024-10-05T09:32:06
damlbmp_gen,2024-10-07,2024-10-06T09:33:06
damlbmp_gen,2024-10-08,2024-10-07T09:32:08
damlbmp_gen,2024-10-09,2024-10-08T09:32:08
damlbmp_gen,2024-10-10,2024-10-09T09:33:04
damlbmp_gen,2024-10-11,2024-10-10T09:33:06
damlbmp_gen,2024-10-12,2024-10-11T09:32:08
damlbmp_gen,2024-10-13,2024-10-12T09:33:06
damlbmp_gen,2024-10-14,2024-10-13T09:32:08
damlbmp_gen,2024-10-15,2024-10-14T09:32:06
damlbmp_gen,2024-10-16,2024-10-15T09:33:06
damlbmp_gen,2024-10-17,2024-10-16T09:33:06
damlbmp_gen,2024-10-18,2024-10-17T09:32:06
damlbmp_gen,2024-10-19,2024-10-18T09:32:10
damlbmp_gen,2024-10-20,2024-10-19T09:32:08
damlbmp_gen,2024-10-21,2024-10-20T09:32:06
damlbmp_gen,2024-10-22,2024-10-21T09:32:08
damlbmp_gen,2024-10-23,2024-10-22T09:33:12
damlbmp_gen,2024-10-24,2024-10-23T09:33:06
damlbmp_gen,2024-10-25,2024-10-24T09:32:08
damlbmp_gen,2024-10-26,2024-10-25T09:32:10
damlbmp_gen,2024-10-27,2024-10-26T09:33:08
damlbmp_gen,2024-10-28,2024-10-27T12:39:06
damlbmp_gen,2024-10-29,2024-10-28T09:33:08
damlbmp_gen,2024-10-30,2024-10-29T09:31:06
damlbmp_gen,2024-10-31,2024-10-30T09:32:08
damlbmp_gen,2024-11-01,2024-10-31T09:32:06
damlbmp_gen,2024-11-02,2024-11-01T09:32:06
damlbmp_gen,2024-11-03,2024-11-02T09:31:12
damlbmp_gen,2024-11-04,2024-11-03T09:32:06
damlbmp_gen,2024-11-05,2024-11-04T09:32:06
damlbmp_gen,2024-11-06,2024-11-05T09:33:04
damlbmp_gen,2024-11-07,2024-11-06T09:32:08
damlbmp_gen,2024-11-08,2024-11-07T09:33:08
damlbmp_gen,2024-11-09,2024-11-08T09:32:06
damlbmp_gen,2024-11-10,2024-11-09T09:32:08
damlbmp_gen,2024-11-11,2024-11-10T09:33:10
damlbmp_gen,2024-11-12,2024-11-11T09:33:06
damlbmp_gen,2024-11-13,2024-11-12T09:33:08
damlbmp_gen,2024-11-14,2024-11-13T09:33:06
damlbmp_gen,2024-11-15,2024-11-14T09:32:08
damlbmp_gen,2024-11-16,2024-11-15T09:32:12
damlbmp_gen,2024-11-17,2024-11-16T09:32:08
damlbmp_gen,2024-11-18,2024-11-17T09:32:08
damlbmp_gen,2024-11-19,2024-11-18T09:33:08
damlbmp_gen,2024-11-20,2024-11-19T09:33:06
damlbmp_gen,2024-11-21,2024-11-20T09:32:08
damlbmp_gen,2024-11-22,2024-11-21T09:33:06
damlbmp_gen,2024-11-23,2024-11-22T09:32:08
damlbmp_gen,2024-11-24,2024-11-23T09:33:08
damlbmp_gen,2024-11-25,2024-11-24T09:30:08
damlbmp_gen,2024-11-26,2024-11-25T09:33:06
damlbmp_gen,2024-11-27,2024-11-26T09:33:06
damlbmp_gen,2024-11-28,2024-11-27T09:33:06
damlbmp_gen,2024-11-29,2024-11-28T09:33:06
damlbmp_gen,2024-11-30,2024-11-29T09:32:20
damlbmp_gen,2024-12-01,2024-11-30T09:32:06
damlbmp_gen,2024-12-02,2024-12-01T09:33:04
damlbmp_gen,2024-12-03,2024-12-02T09:33:06
damlbmp_gen,2024-12-04,2024-12-03T09:45:06
damlbmp_gen,2024-12-05,2024-12-04T09:33:04
damlbmp_gen,2024-12-06,2024-12-05T09:33:06
damlbmp_gen,2024-12-07,2024-12-06T09:33:06
damlbmp_gen,2024-12-08,2024-12-07T09:33:06
damlbmp_gen,2024-12-09,2024-12-08T09:37:20
damlbmp_gen,2024-12-10,2024-12-09T09:33:06
damlbmp_gen,2024-12-11,2024-12-10T09:33:06
damlbmp_gen,2024-12-12,2024-12-11T09:33:06
damlbmp_gen,2024-12-13,2024-12-12T09:33:06
damlbmp_gen,2024-12-14,2024-12-13T09:32:08
damlbmp_gen,2024-12-15,2024-12-14T09:32:06
damlbmp_gen,2024-12-16,2024-12-15T09:33:08
damlbmp_gen,2024-12-17,2024-12-16T09:32:10
damlbmp_gen,2024-12-18,2024-12-17T09:33:10
damlbmp_gen,2024-12-19,2024-12-18T09:33:08
damlbmp_gen,2024-12-20,2024-12-19T09:33:06
damlbmp_gen,2024-12-21,2024-12-20T09:33:06
damlbmp_gen,2024-12-22,2024-12-21T09:33:06
damlbmp_gen,2024-12-23,2024-12-22T09:34:06
damlbmp_gen,2024-12-24,2024-12-23T09:33:10
damlbmp_gen,2024-12-25,2024-12-24T09:33:08
damlbmp_gen,2024-12-26,2024-12-25T09:32:08
damlbmp_gen,2024-12-27,2024-12-26T09:33:08
damlbmp_gen,2024-12-28,2024-12-27T09:33:06
damlbmp_gen,2024-12-29,2024-12-28T09:32:08
damlbmp_gen,2024-12-30,2024-12-29T09:32:08
damlbmp_gen,2024-12-31,2024-12-30T09:32:08
damlbmp_gen,2025-01-01,2024-12-31T09:33:04
damlbmp_gen,2025-01-02,2025-01-01T09:33:04
damlbmp_gen,2025-01-03,2025-01-02T09:33:06
damlbmp_gen,2025-01-04,2025-01-03T09:33:10
damlbmp_gen,2025-01-05,2025-01-04T09:33:04
damlbmp_gen,2025-01-06,2025-01-05T09:33:06
damlbmp_gen,2025-01-07,2025-01-06T09:33:06
damlbmp_gen,2025-01-08,2025-01-07T09:33:06
damlbmp_gen,2025-01-09,2025-01-08T09:33:10
damlbmp_gen,2025-01-10,2025-01-09T09:33:06
damlbmp_gen,2025-01-11,2025-01-10T09:33:08
damlbmp_gen,2025-01-12,2025-01-11T09:33:06
damlbmp_gen,2025-01-13,2025-01-12T09:33:06
damlbmp_gen,2025-01-14,2025-01-13T09:32:06
damlbmp_gen,2025-01-15,2025-01-14T09:34:06
damlbmp_gen,2025-01-16,2025-01-15T09:34:06
damlbmp_gen,2025-01-17,2025-01-16T09:33:06
damlbmp_gen,2025-01-18,2025-01-17T09:33:08
damlbmp_gen,2025-01-19,2025-01-18T09:33:06
damlbmp_gen,2025-01-20,2025-01-19T09:33:06
damlbmp_gen,2025-01-21,2025-01-20T09:33:06
damlbmp_gen,2025-01-22,2025-01-21T09:32:08
damlbmp_gen,2025-01-23,2025-01-22T09:32:08
damlbmp_gen,2025-01-24,2025-01-23T09:32:08
damlbmp_gen,2025-01-25,2025-01-24T09:32:06
damlbmp_gen,2025-01-26,2025-01-25T09:33:10
damlbmp_gen,2025-01-27,2025-01-26T09:33:06
damlbmp_gen,2025-01-28,2025-01-27T09:33:08
damlbmp_gen,2025-01-29,2025-01-28T09:33:06
damlbmp_gen,2025-01-30,2025-01-29T09:32:08
damlbmp_gen,2025-01-31,2025-01-30T09:32:08
damlbmp_gen,2025-02-01,2025-01-31T09:33:06
damlbmp_gen,2025-02-02,2025-02-01T09:33:04
damlbmp_gen,2025-02-03,2025-02-02T09:34:06
damlbmp_gen,2025-02-04,2025-02-03T09:33:06
damlbmp_gen,2025-02-05,2025-02-04T09:33:06
damlbmp_gen,2025-02-06,2025-02-05T09:33:06
damlbmp_gen,2025-02-07,2025-02-06T09:33:06
damlbmp_gen,2025-02-08,2025-02-07T09:33:06
damlbmp_gen,2025-02-09,2025-02-08T09:33:06
damlbmp_gen,2025-02-10,2025-02-09T09:33:06
damlbmp_gen,2025-02-11,2025-02-10T09:33:06
damlbmp_gen,2025-02-12,2025-02-11T09:33:06
damlbmp_gen,2025-02-13,2025-02-12T10:29:06
damlbmp_gen,2025-02-14,2025-02-13T09:33:08
damlbmp_gen,2025-02-15,2025-02-14T09:32:38
damlbmp_gen,2025-02-16,2025-02-15T09:33:06
damlbmp_gen,2025-02-17,2025-02-16T09:48:06
damlbmp_gen,2025-02-18,2025-02-17T09:31:06
damlbmp_gen,2025-02-19,2025-02-18T09:32:06
damlbmp_gen,2025-02-20,2025-02-19T09:32:06
damlbmp_gen,2025-02-21,2025-02-20T09:32:08
damlbmp_gen,2025-02-22,2025-02-21T09:32:08
damlbmp_gen,2025-02-23,2025-02-22T09:32:08
damlbmp_gen,2025-02-24,2025-02-23T09:31:06
damlbmp_gen,2025-02-25,2025-02-24T09:32:08
damlbmp_gen,2025-02-26,2025-02-25T09:33:08
damlbmp_gen,2025-02-27,2025-02-26T09:32:08
damlbmp_gen,2025-02-28,2025-02-27T09:32:08
damlbmp_gen,2025-03-01,2025-02-28T09:32:06
damlbmp_gen,2025-03-02,2025-03-01T09:32:06
damlbmp_gen,2025-03-03,2025-03-02T09:32:06
damlbmp_gen,2025-03-04,2025-03-03T09:32:06
damlbmp_gen,2025-03-05,2025-03-04T09:32:10
damlbmp_gen,2025-03-06,2025-03-05T09:31:06
damlbmp_gen,2025-03-07,2025-03-06T09:32:06
damlbmp_gen,2025-03-08,2025-03-07T09:37:06
damlbmp_gen,2025-03-09,2025-03-08T09:33:06
damlbmp_gen,2025-03-10,2025-03-09T09:32:08
damlbmp_gen,2025-03-11,2025-03-10T09:36:06
damlbmp_gen,2025-03-12,2025-03-11T09:32:06
damlbmp_gen,2025-03-13,2025-03-12T09:32:06
damlbmp_gen,2025-03-14,2025-03-13T09:32:06
damlbmp_gen,2025-03-15,2025-03-14T09:32:10
damlbmp_gen,2025-03-16,2025-03-15T09:32:08
damlbmp_gen,2025-03-17,2025-03-16T09:32:06
damlbmp_gen,2025-03-18,2025-03-17T09:32:08
damlbmp_gen,2025-03-19,2025-03-18T09:32:06
damlbmp_gen,2025-03-20,2025-03-19T09:32:08
damlbmp_gen,2025-03-21,2025-03-20T09:34:06
damlbmp_gen,2025-03-22,2025-03-21T09:45:10
damlbmp_gen,2025-03-23,2025-03-22T09:33:08
damlbmp_gen,2025-03-24,2025-03-23T09:32:08
damlbmp_gen,2025-03-25,2025-03-24T09:33:08
damlbmp_gen,2025-03-26,2025-03-25T09:33:06
damlbmp_gen,2025-03-27,2025-03-26T09:33:08
damlbmp_gen,2025-03-28,2025-03-27T09:33:06
damlbmp_gen,2025-03-29,2025-03-28T09:33:08
damlbmp_gen,2025-03-30,2025-03-29T09:33:06
damlbmp_gen,2025-03-31,2025-03-30T09:33:08
damlbmp_gen,2025-04-01,2025-03-31T09:33:10
damlbmp_gen,2025-04-02,2025-04-01T09:32:10
damlbmp_gen,2025-04-03,2025-04-02T09:33:06
damlbmp_gen,2025-04-04,2025-04-03T09:35:06
damlbmp_gen,2025-04-05,2025-04-04T09:32:06
damlbmp_gen,2025-04-06,2025-04-05T09:32:06
damlbmp_gen,2025-04-07,2025-04-06T09:32:06
damlbmp_gen,2025-04-08,2025-04-07T09:32:08
damlbmp_gen,2025-04-09,2025-04-08T09:33:08
damlbmp_gen,2025-04-10,2025-04-09T09:33:06
damlbmp_gen,2025-04-11,2025-04-10T09:33:06
damlbmp_gen,2025-04-12,2025-04-11T09:33:06
damlbmp_gen,2025-04-13,2025-04-12T09:33:06
damlbmp_gen,2025-04-14,2025-04-13T09:33:06
damlbmp_gen,2025-04-15,2025-04-14T09:33:06
damlbmp_gen,2025-04-16,2025-04-15T09:33:06
damlbmp_gen,2025-04-17,2025-04-16T09:32:06
damlbmp_gen,2025-04-18,2025-04-17T09:32:08
damlbmp_gen,2025-04-19,2025-04-18T09:32:08
damlbmp_gen,2025-04-20,2025-04-19T09:33:06
damlbmp_gen,2025-04-21,2025-04-20T09:33:06
damlbmp_gen,2025-04-22,2025-04-21T09:32:08
damlbmp_gen,2025-04-23,2025-04-22T09:32:08
damlbmp_gen,2025-04-24,2025-04-23T09:33:06
damlbmp_gen,2025-04-25,2025-04-24T09:32:36
damlbmp_gen,2025-04-26,2025-04-25T09:33:08
damlbmp_gen,2025-04-27,2025-04-26T09:33:08
damlbmp_gen,2025-04-28,2025-04-27T09:33:06
damlbmp_gen,2025-04-29,2025-04-28T09:33:06
damlbmp_gen,2025-04-30,2025-04-29T09:33:08
damlbmp_gen,2025-05-01,2025-05-09T11:44:48
damlbmp_gen,2025-05-02,2025-05-01T09:32:06
damlbmp_gen,2025-05-03,2025-05-02T09:33:08
damlbmp_gen,2025-05-04,2025-05-03T09:33:06
damlbmp_gen,2025-05-05,2025-05-04T09:33:06
damlbmp_gen,2025-05-06,2025-05-05T09:33:06
damlbmp_gen,2025-05-07,2025-05-06T09:33:08
damlbmp_gen,2025-05-08,2025-05-07T09:33:08
damlbmp_gen,2025-05-09,2025-05-08T09:33:12
damlbmp_gen,2025-05-10,2025-05-09T09:33:10
damlbmp_gen,2025-05-11,2025-05-10T09:30:08
damlbmp_gen,2025-05-12,2025-05-11T09:33:26
damlbmp_gen,2025-05-13,2025-05-12T09:34:06
damlbmp_gen,2025-05-14,2025-05-13T09:34:10
damlbmp_gen,2025-05-15,2025-05-14T09:33:08
damlbmp_gen,2025-05-16,2025-05-15T09:34:06
damlbmp_gen,2025-05-17,2025-05-16T09:33:08
damlbmp_gen,2025-05-18,2025-05-17T09:32:08
damlbmp_gen,2025-05-19,2025-05-18T09:33:06
damlbmp_gen,2025-05-20,2025-05-19T09:33:08
damlbmp_gen,2025-05-21,2025-05-20T09:33:06
damlbmp_gen,2025-05-22,2025-05-21T09:33:06
damlbmp_gen,2025-05-23,2025-05-22T09:33:08
damlbmp_gen,2025-05-24,2025-05-23T09:33:06
damlbmp_gen,2025-05-25,2025-05-24T09:32:08
damlbmp_gen,2025-05-26,2025-05-25T09:33:10
damlbmp_gen,2025-05-27,2025-05-26T09:33:06
damlbmp_gen,2025-05-28,2025-05-27T09:33:08
damlbmp_gen,2025-05-29,2025-05-28T09:32:08
damlbmp_gen,2025-05-30,2025-05-29T09:34:24
damlbmp_gen,2025-05-31,2025-05-30T09:33:34
damlbmp_gen,2025-06-01,2025-05-31T09:33:06
damlbmp_gen,2025-06-02,2025-06-01T09:33:16
damlbmp_gen,2025-06-03,2025-06-02T09:33:10
damlbmp_gen,2025-06-04,2025-06-03T09:33:32
damlbmp_gen,2025-06-05,2025-06-04T09:33:20
damlbmp_gen,2025-06-06,2025-06-05T09:33:16
damlbmp_gen,2025-06-07,2025-06-06T09:32:10
damlbmp_gen,2025-06-08,2025-06-07T09:33:06
damlbmp_gen,2025-06-09,2025-06-08T09:33:06
damlbmp_gen,2025-06-10,2025-06-09T09:34:06
damlbmp_gen,2025-06-11,2025-06-10T09:33:06
damlbmp_gen,2025-06-12,2025-06-11T09:33:06
damlbmp_gen,2025-06-13,2025-06-12T09:32:06
damlbmp_gen,2025-06-14,2025-06-13T09:33:06
damlbmp_gen,2025-06-15,2025-06-14T09:33:06
damlbmp_gen,2025-06-16,2025-06-15T09:33:06
damlbmp_gen,2025-06-17,2025-06-16T09:33:06
damlbmp_gen,2025-06-18,2025-06-17T09:33:06
damlbmp_gen,2025-06-19,2025-06-18T09:33:08
damlbmp_gen,2025-06-20,2025-06-19T09:33:06
damlbmp_gen,2025-06-21,2025-06-20T09:33:06
damlbmp_gen,2025-06-22,2025-06-21T09:32:10
damlbmp_gen,2025-06-23,2025-06-22T09:32:08
damlbmp_gen,2025-06-24,2025-06-23T09:33:08
damlbmp_gen,2025-06-25,2025-06-24T09:33:08
damlbmp_gen,2025-06-26,2025-06-25T09:33:08
damlbmp_gen,2025-06-27,2025-06-26T09:33:10
damlbmp_gen,2025-06-28,2025-06-27T09:33:08
damlbmp_gen,2025-06-29,2025-06-28T09:33:08
damlbmp_gen,2025-06-30,2025-06-29T09:32:06
damlbmp_gen,2025-07-01,2025-06-30T09:33:06
damlbmp_gen,2025-07-02,2025-07-01T09:33:06
damlbmp_gen,2025-07-03,2025-07-02T09:33:04
damlbmp_gen,2025-07-04,2025-07-03T09:33:06
damlbmp_gen,2025-07-05,2025-07-04T09:33:06
damlbmp_gen,2025-07-06,2025-07-05T09:33:04
damlbmp_gen,2025-07-07,2025-07-06T09:33:08
damlbmp_gen,2025-07-08,2025-07-07T09:33:06
damlbmp_gen,2025-07-09,2025-07-08T09:32:08
damlbmp_gen,2025-07-10,2025-07-09T09:32:06
damlbmp_gen,2025-07-11,2025-07-10T09:34:08
damlbmp_gen,2025-07-12,2025-07-11T09:32:06
damlbmp_gen,2025-07-13,2025-07-12T09:33:06
damlbmp_gen,2025-07-14,2025-07-13T09:33:08
damlbmp_gen,2025-07-15,2025-07-14T09:33:06
damlbmp_gen,2025-07-16,2025-07-15T09:33:06
damlbmp_gen,2025-07-17,2025-07-16T09:33:08
damlbmp_gen,2025-07-18,2025-07-17T09:32:06
damlbmp_gen,2025-07-19,2025-07-18T09:33:06
damlbmp_gen,2025-07-20,2025-07-19T09:33:06
damlbmp_gen,2025-07-21,2025-07-20T09:33:06
damlbmp_gen,2025-07-22,2025-07-21T09:34:20
damlbmp_gen,2025-07-23,2025-07-22T09:34:06
damlbmp_gen,2025-07-24,2025-07-23T09:34:12
damlbmp_gen,2025-07-25,2025-07-24T09:33:06
damlbmp_gen,2025-07-26,2025-07-25T09:33:06
damlbmp_gen,2025-07-27,2025-07-26T09:33:08
damlbmp_gen,2025-07-28,2025-07-27T09:33:10
damlbmp_gen,2025-07-29,2025-07-28T09:33:08
damlbmp_gen,2025-07-30,2025-07-29T09:33:06
damlbmp_gen,2025-07-31,2025-07-30T09:33:08
damlbmp_gen,2025-08-01,2025-07-31T09:33:04
damlbmp_gen,2025-08-02,2025-08-01T09:33:08
damlbmp_gen,2025-08-03,2025-08-02T09:32:06
damlbmp_gen,2025-08-04,2025-08-03T09:30:06
damlbmp_gen,2025-08-05,2025-08-04T09:32:06
damlbmp_gen,2025-08-06,2025-08-05T09:32:06
damlbmp_gen,2025-08-07,2025-08-06T09:33:06
damlbmp_gen,2025-08-08,2025-08-07T09:32:06
damlbmp_gen,2025-08-09,2025-08-08T09:32:10
damlbmp_gen,2025-08-10,2025-08-09T09:34:06
damlbmp_gen,2025-08-11,2025-08-10T09:33:06
damlbmp_gen,2025-08-12,2025-08-11T09:32:06
damlbmp_gen,2025-08-13,2025-08-12T09:34:06
damlbmp_gen,2025-08-14,2025-08-13T09:34:06
damlbmp_gen,2025-08-15,2025-08-14T09:33:06
damlbmp_gen,2025-08-16,2025-08-15T09:33:06
damlbmp_gen,2025-08-17,2025-08-16T09:33:06
damlbmp_gen,2025-08-18,2025-08-17T09:34:06
damlbmp_gen,2025-08-19,2025-08-18T09:34:08
damlbmp_gen,2025-08-20,2025-08-19T09:32:12
damlbmp_gen,2025-08-21,2025-08-20T09:32:08
damlbmp_gen,2025-08-22,2025-08-21T09:32:08
damlbmp_gen,2025-08-23,2025-08-22T09:33:06
damlbmp_gen,2025-08-24,2025-08-23T09:33:06
damlbmp_gen,2025-08-25,2025-08-24T09:33:08
damlbmp_gen,2025-08-26,2025-08-25T09:33:06
damlbmp_gen,2025-08-27,2025-08-26T09:33:08
damlbmp_gen,2025-08-28,2025-08-27T09:33:08
damlbmp_gen,2025-08-29,2025-08-28T09:32:10
damlbmp_gen,2025-08-30,2025-08-29T09:32:08
damlbmp_gen,2025-08-31,2025-08-30T09:32:08
damlbmp_gen,2025-09-01,2025-08-31T09:33:06
damlbmp_gen,2025-09-02,2025-09-01T09:33:06
damlbmp_gen,2025-09-03,2025-09-02T09:33:06
damlbmp_gen,2025-09-04,2025-09-03T09:33:06
damlbmp_gen,2025-09-05,2025-09-04T09:33:06
damlbmp_gen,2025-09-06,2025-09-05T09:33:06
damlbmp_gen,2025-09-07,2025-09-06T09:33:06
damlbmp_gen,2025-09-08,2025-09-07T09:33:08
damlbmp_gen,2025-09-09,2025-09-08T09:33:06
damlbmp_gen,2025-09-10,2025-09-09T09:33:06
damlbmp_gen,2025-09-11,2025-09-10T09:33:06
damlbmp_gen,2025-09-12,2025-09-11T09:33:06
damlbmp_gen,2025-09-13,2025-09-12T09:33:06
damlbmp_gen,2025-09-14,2025-09-13T09:33:08
damlbmp_gen,2025-09-15,2025-09-14T09:42:08
damlbmp_gen,2025-09-16,2025-09-15T09:33:06
damlbmp_gen,2025-09-17,2025-09-16T09:32:06
damlbmp_gen,2025-09-18,2025-09-17T09:33:10
damlbmp_gen,2025-09-19,2025-09-18T09:33:08
damlbmp_gen,2025-09-20,2025-09-19T09:33:08
damlbmp_gen,2025-09-21,2025-09-20T09:32:08
damlbmp_gen,2025-09-22,2025-09-21T09:32:06
damlbmp_gen,2025-09-23,2025-09-22T09:33:06
damlbmp_gen,2025-09-24,2025-09-23T09:33:44
damlbmp_gen,2025-09-25,2025-09-24T09:33:08
damlbmp_gen,2025-09-26,2025-09-25T09:33:06
damlbmp_gen,2025-09-27,2025-09-26T09:32:08
damlbmp_gen,2025-09-28,2025-09-27T09:32:14
damlbmp_gen,2025-09-29,2025-09-28T09:50:14
damlbmp_gen,2025-09-30,2025-09-29T09:33:08
damlbmp_gen,2025-10-01,2025-09-30T09:33:06
damlbmp_gen,2025-10-02,2025-10-01T09:32:08
damlbmp_gen,2025-10-03,2025-10-02T09:32:06
damlbmp_gen,2025-10-04,2025-10-03T09:32:06
damlbmp_gen,2025-10-05,2025-10-04T09:33:06
damlbmp_gen,2025-10-06,2025-10-05T09:33:06
damlbmp_gen,2025-10-07,2025-10-06T09:32:06
damlbmp_gen,2025-10-08,2025-10-07T09:33:06
damlbmp_gen,2025-10-09,2025-10-08T09:32:06
damlbmp_gen,2025-10-10,2025-10-09T09:36:06
damlbmp_gen,2025-10-11,2025-10-10T09:33:06
damlbmp_gen,2025-10-12,2025-10-11T09:32:08
damlbmp_gen,2025-10-13,2025-10-12T09:33:06
damlbmp_gen,2025-10-14,2025-10-13T09:32:06
damlbmp_gen,2025-10-15,2025-10-14T09:32:06
damlbmp_gen,2025-10-16,2025-10-15T09:33:06
damlbmp_gen,2025-10-17,2025-10-16T09:34:06
damlbmp_gen,2025-10-18,2025-10-17T09:32:08
damlbmp_gen,2025-10-19,2025-10-18T09:32:08
damlbmp_gen,2025-10-20,2025-10-19T09:33:06
damlbmp_gen,2025-10-21,2025-10-20T09:32:06
damlbmp_gen,2025-10-22,2025-10-21T09:32:08
damlbmp_gen,2025-10-23,2025-10-22T09:33:06
damlbmp_gen,2025-10-24,2025-10-23T09:33:08
damlbmp_gen,2025-10-25,2025-10-24T09:35:46
damlbmp_gen,2025-10-26,2025-10-25T09:34:14
damlbmp_gen,2025-10-27,2025-10-26T09:32:08
damlbmp_gen,2025-10-28,2025-10-27T09:33:08
damlbmp_gen,2025-10-29,2025-10-28T09:32:08
damlbmp_gen,2025-10-30,2025-10-29T09:33:06
damlbmp_gen,2025-10-31,2025-10-30T09:33:08
damlbmp_gen,2025-11-01,2025-10-31T09:32:06
damlbmp_gen,2025-11-02,2025-11-01T09:32:06
damlbmp_gen,2025-11-03,2025-11-02T09:32:06
damlbmp_gen,2025-11-04,2025-11-03T09:32:08
damlbmp_gen,2025-11-05,2025-11-04T09:33:06
damlbmp_gen,2025-11-06,2025-11-05T09:33:06
damlbmp_gen,2025-11-07,2025-11-06T09:32:10
damlbmp_gen,2025-11-08,2025-11-07T09:32:08
damlbmp_gen,2025-11-09,2025-11-08T09:33:06
damlbmp_gen,2025-11-10,2025-11-09T09:33:06
damlbmp_gen,2025-11-11,2025-11-10T09:33:08
damlbmp_gen,2025-11-12,2025-11-11T09:33:06
damlbmp_gen,2025-11-13,2025-11-12T09:33:06
damlbmp_gen,2025-11-14,2025-11-13T09:33:06
damlbmp_gen,2025-11-15,2025-11-14T09:33:06
damlbmp_gen,2025-11-16,2025-11-15T09:33:06
damlbmp_gen,2025-11-17,2025-11-16T09:33:06
damlbmp_gen,2025-11-18,2025-11-17T09:32:06
damlbmp_gen,2025-11-19,2025-11-18T09:32:06
damlbmp_gen,2025-11-20,2025-11-19T09:32:06
damlbmp_gen,2025-11-21,2025-11-20T09:32:08
damlbmp_gen,2025-11-22,2025-11-21T09:32:06
damlbmp_gen,2025-11-23,2025-11-22T09:33:06
damlbmp_gen,2025-11-24,2025-11-23T09:32:08
damlbmp_gen,2025-11-25,2025-11-24T09:33:08
damlbmp_gen,2025-11-26,2025-11-25T09:33:06
damlbmp_gen,2025-11-27,2025-11-26T09:32:06
damlbmp_gen,2025-11-28,2025-11-27T09:32:06
damlbmp_gen,2025-11-29,2025-11-28T09:32:10
damlbmp_gen,2025-11-30,2025-11-29T09:32:06
damlbmp_gen,2025-12-01,2025-11-30T09:32:06
damlbmp_gen,2025-12-02,2025-12-01T09:33:06
damlbmp_gen,2025-12-03,2025-12-02T09:33:06
damlbmp_gen,2025-12-04,2025-12-03T09:33:04
damlbmp_gen,2025-12-05,2025-12-04T09:33:06
damlbmp_gen,2025-12-06,2025-12-05T09:33:06
damlbmp_gen,2025-12-07,2025-12-06T09:32:04
damlbmp_gen,2025-12-08,2025-12-07T09:33:06
damlbmp_gen,2025-12-09,2025-12-08T09:39:06
damlbmp_gen,2025-12-10,2025-12-09T09:33:06
damlbmp_gen,2025-12-11,2025-12-10T09:34:06
damlbmp_gen,2025-12-12,2025-12-11T09:33:06
damlbmp_gen,2025-12-13,2025-12-12T09:33:06
damlbmp_gen,2025-12-14,2025-12-13T09:32:06
damlbmp_gen,2025-12-15,2025-12-14T09:33:06
damlbmp_gen,2025-12-16,2025-12-15T09:33:06
damlbmp_gen,2025-12-17,2025-12-16T09:32:12
damlbmp_gen,2025-12-18,2025-12-17T09:33:06
damlbmp_gen,2025-12-19,2025-12-18T09:33:06
damlbmp_gen,2025-12-20,2025-12-19T09:33:08
damlbmp_gen,2025-12-21,2025-12-20T09:32:06
damlbmp_gen,2025-12-22,2025-12-21T09:32:06
damlbmp_gen,2025-12-23,2025-12-22T09:32:06
damlbmp_gen,2025-12-24,2025-12-23T09:32:08
damlbmp_gen,2025-12-25,2025-12-24T09:32:06
damlbmp_gen,2025-12-26,2025-12-25T09:32:06
damlbmp_gen,2025-12-27,2025-12-26T09:33:08
damlbmp_gen,2025-12-28,2025-12-27T09:33:06
damlbmp_gen,2025-12-29,2025-12-28T09:32:06
damlbmp_gen,2025-12-30,2025-12-29T09:33:08
damlbmp_gen,2025-12-31,2025-12-30T09:34:06
damlbmp_gen,2026-01-01,2025-12-31T09:34:04
damlbmp_gen,2026-01-02,2026-01-01T09:33:06
damlbmp_gen,2026-01-03,2026-01-02T09:32:06
damlbmp_gen,2026-01-04,2026-01-03T09:33:06
damlbmp_gen,2026-01-05,2026-01-04T09:33:04
damlbmp_gen,2026-01-06,2026-01-05T09:33:06
damlbmp_gen,2026-01-07,2026-01-06T09:29:06
damlbmp_gen,2026-01-08,2026-01-07T09:32:06
damlbmp_gen,2026-01-09,2026-01-08T09:33:06
damlbmp_gen,2026-01-10,2026-01-09T09:33:06
damlbmp_gen,2026-01-11,2026-01-10T09:34:06
damlbmp_gen,2026-01-12,2026-01-11T09:33:06
damlbmp_gen,2026-01-13,2026-01-12T09:33:06
damlbmp_gen,2026-01-14,2026-01-13T09:33:06
damlbmp_gen,2026-01-15,2026-01-14T09:33:06
damlbmp_gen,2026-01-16,2026-01-15T09:33:06
damlbmp_gen,2026-01-17,2026-01-16T09:33:06
damlbmp_gen,2026-01-18,2026-01-17T09:33:06
damlbmp_gen,2026-01-19,2026-01-18T09:32:08
damlbmp_gen,2026-01-20,2026-01-19T09:32:06
damlbmp_gen,2026-01-21,2026-01-20T09:33:06
damlbmp_gen,2026-01-22,2026-01-21T09:33:06
damlbmp_gen,2026-01-23,2026-01-22T09:33:06
damlbmp_gen,2026-01-24,2026-01-23T09:33:08
damlbmp_gen,2026-01-25,2026-01-24T09:32:06
damlbmp_gen,2026-01-26,2026-01-25T09:32:08
damlbmp_gen,2026-01-27,2026-01-26T09:33:06
damlbmp_gen,2026-01-28,2026-01-27T09:33:08
damlbmp_gen,2026-01-29,2026-01-28T09:32:18
damlbmp_gen,2026-01-30,2026-01-29T09:33:08
damlbmp_gen,2026-01-31,2026-01-30T09:33:08
damlbmp_gen,2026-02-01,2026-01-31T09:33:06
damlbmp_gen,2026-02-02,2026-02-01T09:33:06
damlbmp_gen,2026-02-03,2026-02-02T09:34:06
damlbmp_gen,2026-02-04,2026-02-03T09:34:06
damlbmp_gen,2026-02-05,2026-02-04T09:32:06
damlbmp_gen,2026-02-06,2026-02-05T09:32:06
damlbmp_gen,2026-02-07,2026-02-06T09:32:04
damlbmp_gen,2026-02-08,2026-02-07T09:33:06
damlbmp_gen,2026-02-09,2026-02-08T09:33:06
damlbmp_gen,2026-02-10,2026-02-09T09:33:06
damlbmp_gen,2026-02-11,2026-02-10T09:32:06
damlbmp_gen,2026-02-12,2026-02-11T09:38:06
damlbmp_gen,2026-02-13,2026-02-12T09:32:06
damlbmp_gen,2026-02-14,2026-02-13T09:32:06
damlbmp_gen,2026-02-15,2026-02-14T09:33:06
damlbmp_gen,2026-02-16,2026-02-15T09:33:06
damlbmp_gen,2026-02-17,2026-02-16T09:33:04
damlbmp_gen,2026-02-18,2026-02-17T09:32:06
damlbmp_gen,2026-02-19,2026-02-18T09:33:06
damlbmp_gen,2026-02-20,2026-02-19T09:33:08
damlbmp_gen,2026-02-21,2026-02-20T09:33:06
damlbmp_gen,2026-02-22,2026-02-21T09:32:06
damlbmp_gen,2026-02-23,2026-02-22T09:33:06
damlbmp_gen,2026-02-24,2026-02-23T09:32:06
damlbmp_gen,2026-02-25,2026-02-24T09:32:08
damlbmp_gen,2026-02-26,2026-02-25T09:33:06
damlbmp_gen,2026-02-27,2026-02-26T09:33:06
damlbmp_gen,2026-02-28,2026-02-27T09:33:06
damlbmp_gen,2026-03-01,2026-02-28T09:32:06
damlbmp_gen,2026-03-02,2026-03-01T09:32:06
damlbmp_gen,2026-03-03,2026-03-02T09:32:08
damlbmp_gen,2026-03-04,2026-03-03T09:32:06
damlbmp_gen,2026-03-05,2026-03-04T09:32:06
damlbmp_gen,2026-03-06,2026-03-05T09:33:04
damlbmp_gen,2026-03-07,2026-03-06T09:33:06
damlbmp_gen,2026-03-08,2026-03-07T09:32:06
damlbmp_gen,2026-03-09,2026-03-08T09:33:06
damlbmp_gen,2026-03-10,2026-03-09T09:33:06
damlbmp_gen,2026-03-11,2026-03-10T09:33:06
damlbmp_gen,2026-03-12,2026-03-11T09:38:10
damlbmp_gen,2026-03-13,2026-03-12T09:33:08
damlbmp_gen,2026-03-14,2026-03-13T09:33:06
damlbmp_gen,2026-03-15,2026-03-14T09:33:06
damlbmp_gen,2026-03-16,2026-03-15T09:33:06
damlbmp_gen,2026-03-17,2026-03-16T09:33:06
damlbmp_gen,2026-03-18,2026-03-17T09:32:06
damlbmp_gen,2026-03-19,2026-03-18T09:31:08
damlbmp_gen,2026-03-20,2026-03-19T09:32:06
damlbmp_gen,2026-03-21,2026-03-20T09:32:08
damlbmp_gen,2026-03-22,2026-03-21T09:33:06
damlbmp_gen,2026-03-23,2026-03-22T09:33:06
damlbmp_gen,2026-03-24,2026-03-23T09:32:06
damlbmp_gen,2026-03-25,2026-03-24T09:34:06
damlbmp_gen,2026-03-26,2026-03-25T09:32:08
damlbmp_gen,2026-03-27,2026-03-26T09:32:08
damlbmp_gen,2026-03-28,2026-03-27T09:32:08
damlbmp_gen,2026-03-29,2026-03-28T09:33:06
damlbmp_gen,2026-03-30,2026-03-29T09:33:08
damlbmp_gen,2026-03-31,2026-03-30T09:33:06
damlbmp_gen,2026-04-01,2026-03-31T09:33:06
damlbmp_gen,2026-04-02,2026-04-01T09:33:04
damlbmp_gen,2026-04-03,2026-04-02T09:33:06
damlbmp_gen,2026-04-04,2026-04-03T09:33:04
damlbmp_gen,2026-04-05,2026-04-04T09:32:04
damlbmp_gen,2026-04-06,2026-04-05T09:33:06
damlbmp_gen,2026-04-07,2026-04-06T09:33:06
damlbmp_gen,2026-04-08,2026-04-07T09:33:06
damlbmp_gen,2026-04-09,2026-04-08T09:33:06
damlbmp_gen,2026-04-10,2026-04-09T09:33:06
damlbmp_gen,2026-04-11,2026-04-10T09:32:12
damlbmp_gen,2026-04-12,2026-04-11T09:32:06
damlbmp_gen,2026-04-13,2026-04-12T09:32:06
damlbmp_gen,2026-04-14,2026-04-13T09:32:08
damlbmp_gen,2026-04-15,2026-04-14T09:33:04
damlbmp_gen,2026-04-16,2026-04-15T09:33:06
damlbmp_gen,2026-04-17,2026-04-16T09:33:06
damlbmp_gen,2026-04-18,2026-04-17T09:33:06
damlbmp_gen,2026-04-19,2026-04-18T09:33:06
damlbmp_gen,2026-04-20,2026-04-19T09:32:08
damlbmp_gen,2026-04-21,2026-04-20T09:32:06
damlbmp_gen,2026-04-22,2026-04-21T09:32:08
damlbmp_gen,2026-04-23,2026-04-22T09:32:06
damlbmp_gen,2026-04-24,2026-04-23T09:33:08
damlbmp_gen,2026-04-25,2026-04-24T09:32:06
damlbmp_gen,2026-04-26,2026-04-25T09:33:14
damlbmp_gen,2026-04-27,2026-04-26T09:33:06
damlbmp_gen,2026-04-28,2026-04-27T09:33:06
damlbmp_gen,2026-04-29,2026-04-28T09:33:06
damlbmp_gen,2026-04-30,2026-04-29T09:33:06
damlbmp_gen,2026-05-01,2026-04-30T09:32:06
damlbmp_gen,2026-05-02,2026-05-01T09:33:06
damlbmp_gen,2026-05-03,2026-05-02T09:33:06
damlbmp_gen,2026-05-04,2026-05-03T09:33:06
damlbmp_gen,2026-05-05,2026-05-04T09:33:04
damlbmp_gen,2026-05-06,2026-05-05T09:32:06
damlbmp_gen,2026-05-07,2026-05-06T09:33:06
damlbmp_gen,2026-05-08,2026-05-07T09:32:06
damlbmp_gen,2026-05-09,2026-05-08T09:33:04
damlbmp_gen,2026-05-10,2026-05-09T09:32:06
damlbmp_gen,2026-05-11,2026-05-10T09:32:06
damlbmp_gen,2026-05-12,2026-05-11T09:32:10
damlbmp_gen,2026-05-13,2026-05-12T09:33:06
damlbmp_gen,2026-05-14,2026-05-13T09:33:08
damlbmp_gen,2026-05-15,2026-05-14T09:33:08
damlbmp_gen,2026-05-16,2026-05-15T09:32:14
damlbmp_gen,2026-05-17,2026-05-16T09:32:06
damlbmp_gen,2026-05-18,2026-05-17T09:32:08
damlbmp_gen,2026-05-19,2026-05-18T09:32:06
damlbmp_gen,2026-05-20,2026-05-19T09:33:06
damlbmp_gen,2026-05-21,2026-05-20T09:33:08
damlbmp_gen,2026-05-22,2026-05-21T09:32:06
damlbmp_gen,2026-05-23,2026-05-22T09:33:06
damlbmp_gen,2026-05-24,2026-05-23T09:32:08
damlbmp_gen,2026-05-25,2026-05-24T09:32:08
damlbmp_gen,2026-05-26,2026-05-25T09:32:06
damlbmp_gen,2026-05-27,2026-05-26T09:33:06
damlbmp_gen,2026-05-28,2026-05-27T09:32:08
damlbmp_gen,2026-05-29,2026-05-28T09:33:06
damlbmp_gen,2026-05-30,2026-05-29T09:33:36
damlbmp_gen,2026-05-31,2026-05-30T09:33:06
damlbmp_gen,2026-06-01,2026-05-31T09:33:08
damlbmp_gen,2026-06-02,2026-06-01T09:33:06
damlbmp_gen,2026-06-03,2026-06-02T09:33:04
damlbmp_gen,2026-06-04,2026-06-03T09:33:04
damlbmp_gen,2026-06-05,2026-06-04T09:33:04
damlbmp_gen,2026-06-06,2026-06-05T09:33:06
damlbmp_gen,2026-06-07,2026-06-06T09:33:06
damlbmp_gen,2026-06-08,2026-06-07T09:34:06
damlbmp_gen,2026-06-09,2026-06-08T09:33:06
damlbmp_gen,2026-06-10,2026-06-09T09:33:06
damlbmp_gen,2026-06-11,2026-06-10T09:32:06
damlbmp_gen,2026-06-12,2026-06-11T09:32:06
damlbmp_gen,2026-06-13,2026-06-12T09:32:08
damlbmp_gen,2026-06-14,2026-06-13T09:33:06
damlbmp_gen,2026-06-15,2026-06-14T09:33:06
damlbmp_gen,2026-06-16,2026-06-15T09:33:06
damlbmp_gen,2026-06-17,2026-06-16T09:33:06
damlbmp_gen,2026-06-18,2026-06-17T09:38:06
damlbmp_gen,2026-06-19,2026-06-18T09:33:08
damlbmp_gen,2026-06-20,2026-06-19T09:33:08
damlbmp_gen,2026-06-21,2026-06-20T09:33:06
damlbmp_gen,2026-06-22,2026-06-21T09:33:06
damlbmp_gen,2026-06-23,2026-06-22T09:33:08
damlbmp_gen,2026-06-24,2026-06-23T09:33:06
damlbmp_gen,2026-06-25,2026-06-24T09:34:06
damlbmp_gen,2026-06-26,2026-06-25T09:33:06
damlbmp_gen,2026-06-27,2026-06-26T09:33:06
damlbmp_gen,2026-06-28,2026-06-27T09:33:06
damlbmp_gen,2026-06-29,2026-06-28T09:33:06
damlbmp_gen,2026-06-30,2026-06-29T09:32:08
damlbmp_gen,2026-07-01,2026-06-30T09:33:06
damlbmp_gen,2026-07-02,2026-07-01T09:33:06
damlbmp_gen,2026-07-03,2026-07-02T09:33:06
damlbmp_gen,2026-07-04,2026-07-03T09:33:06
damlbmp_gen,2026-07-05,2026-07-04T09:32:06
damlbmp_gen,2026-07-06,2026-07-05T09:32:06
damlbmp_gen,2026-07-07,2026-07-06T09:32:06
damlbmp_gen,2026-07-08,2026-07-07T09:33:04
damlbmp_gen,2026-07-09,2026-07-08T09:32:06
damlbmp_gen,2026-07-10,2026-07-09T09:33:06
damlbmp_gen,2026-07-11,2026-07-10T09:33:06
damlbmp_gen,2026-07-12,2026-07-11T09:32:06
damlbmp_gen,2026-07-13,2026-07-12T09:33:06
damlbmp_gen,2026-07-14,2026-07-13T09:32:06
damlbmp_gen,2026-07-15,2026-07-14T09:32:06
damlbmp_gen,2026-07-16,2026-07-15T09:32:06
damlbmp_gen,2026-07-17,2026-07-16T09:32:06
damlbmp_gen,2026-07-18,2026-07-17T09:33:06
damlbmp_gen,2026-07-19,2026-07-18T09:32:08
damlbmp_gen,2026-07-20,2026-07-19T09:32:06
damlbmp_gen,2026-07-21,2026-07-20T09:32:06
damlbmp_gen,2026-07-22,2026-07-21T09:35:08
damlbmp_gen,2026-07-23,2026-07-22T09:32:06
damlbmp_gen,2026-07-24,2026-07-23T09:33:08
damlbmp_gen,2026-07-25,2026-07-24T09:33:08
damlbmp_gen,2026-07-26,2026-07-25T09:33:08
damlbmp_gen,2026-07-27,2026-07-26T09:32:10
damlbmp_gen,2026-07-28,2026-07-27T09:37:10
damlbmp_gen,2026-07-29,2026-07-28T09:33:10
damlbmp_gen,2026-07-30,2026-07-29T09:32:10
damlbmp_gen,2026-07-31,2026-07-30T09:34:08
damlbmp_gen,2026-08-01,2026-07-31T09:32:14
damlbmp_gen,2026-08-02,2026-08-01T09:32:14
damlbmp_gen,2026-08-03,2026-08-02T09:33:10
damlbmp_gen,2026-08-04,2026-08-03T09:32:14
damlbmp_gen,2026-08-05,2026-08-04T09:32:18
damlbmp_gen,2026-08-06,2026-08-05T09:33:12
damlbmp_gen,2026-08-07,2026-08-06T09:33:14
damlbmp_gen,2026-08-08,2026-08-07T09:33:10
damlbmp_gen,2026-08-09,2026-08-08T09:33:10
damlbmp_gen,2026-08-10,2026-08-09T09:33:10
damlbmp_gen,2026-08-11,2026-08-10T09:32:18
damlbmp_gen,2026-08-12,2026-08-11T09:33:12
damlbmp_gen,2026-08-13,2026-08-12T09:32:16
damlbmp_gen,2026-08-14,2026-08-13T09:33:12
damlbmp_gen,2026-08-15,2026-08-14T09:33:14
damlbmp_gen,2026-08-16,2026-08-15T09:32:22
damlbmp_gen,2026-08-17,2026-08-16T09:32:16
damlbmp_gen,2026-08-18,2026-08-17T09:32:16
damlbmp_gen,2026-08-19,2026-08-18T09:34:10
damlbmp_gen,2026-08-20,2026-08-19T09:33:10
damlbmp_gen,2026-08-21,2026-08-20T09:33:12
damlbmp_gen,2026-08-22,2026-08-21T09:33:10
damlbmp_gen,2026-08-23,2026-08-22T09:32:16
damlbmp_gen,2026-08-24,2026-08-23T09:34:10
damlbmp_gen,2026-08-25,2026-08-24T09:33:10
damlbmp_gen,2026-08-26,2026-08-25T09:33:12
damlbmp_gen,2026-08-27,2026-08-26T09:33:10
damlbmp_gen,2026-08-28,2026-08-27T09:33:10
damlbmp_gen,2026-08-29,2026-08-28T09:33:10
damlbmp_gen,2026-08-30,2026-08-29T09:32:16
damlbmp_gen,2026-08-31,2026-08-30T09:33:10
damlbmp_gen,2026-09-01,2026-08-31T09:32:14
damlbmp_gen,2026-09-02,2026-09-01T09:33:10
damlbmp_gen,2026-09-03,2026-09-02T09:33:10
damlbmp_gen,2026-09-04,2026-09-03T09:33:10
damlbmp_gen,2026-09-05,2026-09-04T09:34:10
damlbmp_gen,2026-09-06,2026-09-05T09:33:12
damlbmp_gen,2026-09-07,2026-09-06T09:33:12
damlbmp_gen,2026-09-08,2026-09-07T09:32:16
damlbmp_gen,2026-09-09,2026-09-08T09:33:10
damlbmp_gen,2026-09-10,2026-09-09T09:33:12
damlbmp_gen,2026-09-11,2026-09-10T09:32:18
damlbmp_gen,2026-09-12,2026-09-11T09:34:12
damlbmp_gen,2026-09-13,2026-09-12T09:33:12
damlbmp_gen,2026-09-14,2026-09-13T09:33:12
damlbmp_gen,2026-09-15,2026-09-14T09:33:12
damlbmp_gen,2026-09-16,2026-09-15T09:32:16
damlbmp_gen,2026-09-17,2026-09-16T09:33:10
damlbmp_gen,2026-09-18,2026-09-17T09:33:10
damlbmp_gen,2026-09-19,2026-09-18T09:32:16
damlbmp_gen,2026-09-20,2026-09-19T09:32:16
damlbmp_gen,2026-09-21,2026-09-20T09:33:12
damlbmp_gen,2026-09-22,2026-09-21T09:32:16
damlbmp_gen,2026-09-23,2026-09-22T09:32:08
damlbmp_gen,2026-09-24,2026-09-23T09:32:08
damlbmp_gen,2026-09-25,2026-09-24T09:33:06
damlbmp_gen,2026-09-26,2026-09-25T09:33:08
damlbmp_gen,2026-09-27,2026-09-26T09:32:10
damlbmp_gen,2026-09-28,2026-09-27T09:31:08
damlbmp_gen,2026-09-29,2026-09-28T09:32:08
damlbmp_gen,2026-09-30,2026-09-29T09:37:08
rtlbmp_zone,2020-01-01,2020-01-01T23:58:02
rtlbmp_zone,2020-01-02,2020-01-02T23:57:54
rtlbmp_zone,2020-01-03,2020-01-03T23:57:48
rtlbmp_zone,2020-01-04,2020-01-04T23:57:30
rtlbmp_zone,2020-01-05,2020-01-05T23:57:28
rtlbmp_zone,2020-01-06,2020-01-06T23:57:52
rtlbmp_zone,2020-01-07,2020-01-07T23:57:52
rtlbmp_zone,2020-01-08,2020-01-08T23:57:52
rtlbmp_zone,2020-01-09,2020-01-09T23:57:52
rtlbmp_zone,2020-01-10,2020-01-10T23:57:44
rtlbmp_zone,2020-01-11,2020-01-11T23:57:30
rtlbmp_zone,2020-01-12,2020-01-12T23:57:36
rtlbmp_zone,2020-01-13,2020-01-13T23:57:58
rtlbmp_zone,2020-01-14,2020-01-14T23:57:44
rtlbmp_zone,2020-01-15,2020-01-15T23:57:54
rtlbmp_zone,2020-01-16,2020-01-16T23:57:58
rtlbmp_zone,2020-01-17,2020-01-17T23:58:12
rtlbmp_zone,2020-01-18,2020-01-18T23:57:36
rtlbmp_zone,2020-01-19,2020-01-19T23:57:36
rtlbmp_zone,2020-01-20,2020-01-20T23:57:54
rtlbmp_zone,2020-01-21,2020-01-21T23:58:02
rtlbmp_zone,2020-01-22,2020-01-22T23:57:56
rtlbmp_zone,2020-01-23,2020-01-23T23:57:56
rtlbmp_zone,2020-01-24,2020-01-24T23:58:14
rtlbmp_zone,2020-01-25,2020-01-25T23:57:32
rtlbmp_zone,2020-01-26,2020-01-26T23:57:32
rtlbmp_zone,2020-01-27,2020-01-27T23:58:02
rtlbmp_zone,2020-01-28,2020-01-28T23:57:56
rtlbmp_zone,2020-01-29,2020-01-31T12:56:08
rtlbmp_zone,2020-01-30,2020-01-30T23:58:02
rtlbmp_zone,2020-01-31,2020-01-31T23:58:26
rtlbmp_zone,2020-02-01,2020-02-01T23:57:38
rtlbmp_zone,2020-02-02,2020-02-02T23:57:32
rtlbmp_zone,2020-02-03,2020-02-03T23:57:52
rtlbmp_zone,2020-02-04,2020-02-04T23:58:02
rtlbmp_zone,2020-02-05,2020-02-06T02:01:38
rtlbmp_zone,2020-02-06,2020-02-06T23:57:48
rtlbmp_zone,2020-02-07,2020-02-07T23:57:58
rtlbmp_zone,2020-02-08,2020-02-08T23:57:36
rtlbmp_zone,2020-02-09,2020-02-09T23:57:38
rtlbmp_zone,2020-02-10,2020-02-10T23:58:06
rtlbmp_zone,2020-02-11,2020-02-11T23:57:54
rtlbmp_zone,2020-02-12,2020-02-12T23:57:54
rtlbmp_zone,2020-02-13,2020-02-14T02:01:34
rtlbmp_zone,2020-02-14,2020-02-14T23:58:12
rtlbmp_zone,2020-02-15,2020-02-15T23:57:40
rtlbmp_zone,2020-02-16,2020-02-16T23:57:44
rtlbmp_zone,2020-02-17,2020-02-17T23:57:56
rtlbmp_zone,2020-02-18,2020-02-18T23:58:06
rtlbmp_zone,2020-02-19,2020-02-20T00:03:48
rtlbmp_zone,2020-02-20,2020-02-20T23:58:38
rtlbmp_zone,2020-02-21,2020-02-24T17:56:12
rtlbmp_zone,2020-02-22,2020-02-22T23:57:36
rtlbmp_zone,2020-02-23,2020-02-23T23:57:40
rtlbmp_zone,2020-02-24,2020-02-24T23:58:04
rtlbmp_zone,2020-02-25,2020-02-25T23:58:04
rtlbmp_zone,2020-02-26,2020-02-26T23:58:00
rtlbmp_zone,2020-02-27,2020-02-27T23:57:48
rtlbmp_zone,2020-02-28,2020-02-28T23:58:00
rtlbmp_zone,2020-02-29,2020-02-29T23:57:32
rtlbmp_zone,2020-03-01,2020-03-01T23:57:38
rtlbmp_zone,2020-03-02,2020-03-02T23:57:50
rtlbmp_zone,2020-03-03,2020-03-03T23:57:44
rtlbmp_zone,2020-03-04,2020-03-04T23:57:58
rtlbmp_zone,2020-03-05,2020-03-05T23:57:52
rtlbmp_zone,2020-03-06,2020-03-06T23:58:02
rtlbmp_zone,2020-03-07,2020-03-07T23:57:32
rtlbmp_zone,2020-03-08,2020-03-08T23:57:30
rtlbmp_zone,2020-03-09,2020-03-09T23:58:06
rtlbmp_zone,2020-03-10,2020-03-10T23:58:04
rtlbmp_zone,2020-03-11,2020-03-11T23:57:56
rtlbmp_zone,2020-03-12,2020-03-12T23:58:16
rtlbmp_zone,2020-03-13,2020-03-13T23:57:54
rtlbmp_zone,2020-03-14,2020-03-14T23:57:38
rtlbmp_zone,2020-03-15,2020-03-15T23:57:36
rtlbmp_zone,2020-03-16,2020-03-16T23:58:20
rtlbmp_zone,2020-03-17,2020-03-17T23:58:02
rtlbmp_zone,2020-03-18,2020-03-18T23:58:08
rtlbmp_zone,2020-03-19,2020-03-19T23:58:08
rtlbmp_zone,2020-03-20,2020-03-20T23:58:06
rtlbmp_zone,2020-03-21,2020-03-21T23:57:30
rtlbmp_zone,2020-03-22,2020-03-22T23:57:32
rtlbmp_zone,2020-03-23,2020-03-23T23:58:02
rtlbmp_zone,2020-03-24,2020-03-24T23:57:50
rtlbmp_zone,2020-03-25,2020-03-25T23:58:00
rtlbmp_zone,2020-03-26,2020-03-26T23:57:52
rtlbmp_zone,2020-03-27,2020-03-27T23:57:56
rtlbmp_zone,2020-03-28,2020-03-28T23:57:34
rtlbmp_zone,2020-03-29,2020-03-29T23:57:34
rtlbmp_zone,2020-03-30,2020-03-30T23:58:00
rtlbmp_zone,2020-03-31,2020-03-31T23:58:06
rtlbmp_zone,2020-04-01,2020-04-01T23:58:12
rtlbmp_zone,2020-04-02,2020-04-02T23:57:58
rtlbmp_zone,2020-04-03,2020-04-03T23:58:10
rtlbmp_zone,2020-04-04,2020-04-04T23:57:32
rtlbmp_zone,2020-04-05,2020-04-05T23:57:40
rtlbmp_zone,2020-04-06,2020-04-06T23:57:54
rtlbmp_zone,2020-04-07,2020-04-07T23:57:58
rtlbmp_zone,2020-04-08,2020-04-08T23:58:08
rtlbmp_zone,2020-04-09,2020-04-09T23:58:02
rtlbmp_zone,2020-04-10,2020-04-10T23:57:54
rtlbmp_zone,2020-04-11,2020-04-11T23:57:34
rtlbmp_zone,2020-04-12,2020-04-12T23:57:34
rtlbmp_zone,2020-04-13,2020-04-13T23:57:50
rtlbmp_zone,2020-04-14,2020-04-14T23:58:12
rtlbmp_zone,2020-04-15,2020-04-15T23:58:04
rtlbmp_zone,2020-04-16,2020-04-16T23:57:58
rtlbmp_zone,2020-04-17,2020-04-17T23:57:56
rtlbmp_zone,2020-04-18,2020-04-18T23:57:30
rtlbmp_zone,2020-04-19,2020-04-19T23:57:36
rtlbmp_zone,2020-04-20,2020-04-23T15:56:00
rtlbmp_zone,2020-04-21,2020-04-24T11:55:46
rtlbmp_zone,2020-04-22,2020-04-22T23:57:44
rtlbmp_zone,2020-04-23,2020-04-23T23:57:50
rtlbmp_zone,2020-04-24,2020-04-24T23:57:50
rtlbmp_zone,2020-04-25,2020-04-25T23:57:30
rtlbmp_zone,2020-04-26,2020-04-26T23:57:30
rtlbmp_zone,2020-04-27,2020-04-27T23:58:08
rtlbmp_zone,2020-04-28,2020-04-28T23:57:50
rtlbmp_zone,2020-04-29,2020-04-29T23:57:58
rtlbmp_zone,2020-04-30,2020-04-30T23:57:50
rtlbmp_zone,2020-05-01,2020-05-01T23:57:46
rtlbmp_zone,2020-05-02,2020-05-02T23:57:28
rtlbmp_zone,2020-05-03,2020-05-03T23:57:32
rtlbmp_zone,2020-05-04,2020-05-04T23:57:44
rtlbmp_zone,2020-05-05,2020-05-05T23:57:42
rtlbmp_zone,2020-05-06,2020-05-06T23:57:50
rtlbmp_zone,2020-05-07,2020-05-07T23:57:50
rtlbmp_zone,2020-05-08,2020-05-08T23:57:48
rtlbmp_zone,2020-05-09,2020-05-09T23:57:32
rtlbmp_zone,2020-05-10,2020-05-10T23:57:30
rtlbmp_zone,2020-05-11,2020-05-14T17:55:48
rtlbmp_zone,2020-05-12,2020-05-12T23:57:44
rtlbmp_zone,2020-05-13,2020-05-13T23:57:42
rtlbmp_zone,2020-05-14,2020-05-14T23:57:48
rtlbmp_zone,2020-05-15,2020-05-15T23:57:44
rtlbmp_zone,2020-05-16,2020-05-16T23:57:30
rtlbmp_zone,2020-05-17,2020-05-17T23:57:30
rtlbmp_zone,2020-05-18,2020-05-18T23:57:52
rtlbmp_zone,2020-05-19,2020-05-19T23:57:58
rtlbmp_zone,2020-05-20,2020-05-20T23:57:54
rtlbmp_zone,2020-05-21,2020-05-21T23:57:56
rtlbmp_zone,2020-05-22,2020-05-22T23:58:02
rtlbmp_zone,2020-05-23,2020-05-23T23:57:34
rtlbmp_zone,2020-05-24,2020-05-24T23:57:30
rtlbmp_zone,2020-05-25,2020-05-25T23:57:44
rtlbmp_zone,2020-05-26,2020-05-26T23:57:54
rtlbmp_zone,2020-05-27,2020-05-27T23:57:54
rtlbmp_zone,2020-05-28,2020-05-28T23:57:56
rtlbmp_zone,2020-05-29,2020-05-29T23:57:54
rtlbmp_zone,2020-05-30,2020-05-30T23:57:30
rtlbmp_zone,2020-05-31,2020-05-31T23:57:34
rtlbmp_zone,2020-06-01,2020-06-01T23:57:56
rtlbmp_zone,2020-06-02,2020-06-02T23:57:44
rtlbmp_zone,2020-06-03,2020-06-03T23:57:52
rtlbmp_zone,2020-06-04,2020-06-04T23:57:42
rtlbmp_zone,2020-06-05,2020-06-05T23:57:42
rtlbmp_zone,2020-06-06,2020-06-06T23:57:30
rtlbmp_zone,2020-06-07,2020-06-07T23:57:28
rtlbmp_zone,2020-06-08,2020-06-08T23:57:46
rtlbmp_zone,2020-06-09,2020-06-09T23:57:42
rtlbmp_zone,2020-06-10,2020-06-10T23:57:46
rtlbmp_zone,2020-06-11,2020-06-11T23:57:48
rtlbmp_zone,2020-06-12,2020-06-12T23:57:46
rtlbmp_zone,2020-06-13,2020-06-13T23:57:32
rtlbmp_zone,2020-06-14,2020-06-14T23:57:30
rtlbmp_zone,2020-06-15,2020-06-15T23:57:56
rtlbmp_zone,2020-06-16,2020-06-16T23:57:54
rtlbmp_zone,2020-06-17,2020-06-17T23:57:46
rtlbmp_zone,2020-06-18,2020-06-18T23:58:04
rtlbmp_zone,2020-06-19,2020-06-19T23:57:50
rtlbmp_zone,2020-06-20,2020-06-20T23:57:34
rtlbmp_zone,2020-06-21,2020-06-21T23:57:34
rtlbmp_zone,2020-06-22,2020-06-23T02:01:48
rtlbmp_zone,2020-06-23,2020-06-23T23:57:52
rtlbmp_zone,2020-06-24,2020-06-24T23:57:50
rtlbmp_zone,2020-06-25,2020-06-25T23:58:00
rtlbmp_zone,2020-06-26,2020-06-29T15:56:22
rtlbmp_zone,2020-06-27,2020-06-29T15:56:26
rtlbmp_zone,2020-06-28,2020-06-28T23:57:32
rtlbmp_zone,2020-06-29,2020-06-29T23:57:58
rtlbmp_zone,2020-06-30,2020-07-02T14:56:42
rtlbmp_zone,2020-07-01,2020-07-01T23:58:02
rtlbmp_zone,2020-07-02,2020-07-02T23:57:56
rtlbmp_zone,2020-07-03,2020-07-03T23:57:54
rtlbmp_zone,2020-07-04,2020-07-04T23:57:36
rtlbmp_zone,2020-07-05,2020-07-05T23:57:32
rtlbmp_zone,2020-07-06,2020-07-06T23:57:58
rtlbmp_zone,2020-07-07,2020-07-07T23:57:52
rtlbmp_zone,2020-07-08,2020-07-08T23:58:02
rtlbmp_zone,2020-07-09,2020-07-09T23:57:50
rtlbmp_zone,2020-07-10,2020-07-10T23:57:52
rtlbmp_zone,2020-07-11,2020-07-11T23:57:36
rtlbmp_zone,2020-07-12,2020-07-12T23:57:32
rtlbmp_zone,2020-07-13,2020-07-13T23:57:54
rtlbmp_zone,2020-07-14,2020-07-14T23:57:52
rtlbmp_zone,2020-07-15,2020-07-15T23:57:52
rtlbmp_zone,2020-07-16,2020-07-16T23:58:10
rtlbmp_zone,2020-07-17,2020-07-17T23:57:50
rtlbmp_zone,2020-07-18,2020-07-18T23:57:36
rtlbmp_zone,2020-07-19,2020-07-19T23:57:36
rtlbmp_zone,2020-07-20,2020-07-20T23:57:56
rtlbmp_zone,2020-07-21,2020-07-21T23:58:04
rtlbmp_zone,2020-07-22,2020-07-22T23:57:58
rtlbmp_zone,2020-07-23,2020-07-28T15:55:56
rtlbmp_zone,2020-07-24,2020-07-24T23:57:32
rtlbmp_zone,2020-07-25,2020-07-25T23:57:42
rtlbmp_zone,2020-07-26,2020-07-26T23:57:34
rtlbmp_zone,2020-07-27,2020-07-27T23:57:32
rtlbmp_zone,2020-07-28,2020-07-28T23:57:38
rtlbmp_zone,2020-07-29,2020-07-30T02:01:48
rtlbmp_zone,2020-07-30,2020-07-30T23:57:44
rtlbmp_zone,2020-07-31,2020-07-31T23:57:50
rtlbmp_zone,2020-08-01,2020-08-01T23:57:38
rtlbmp_zone,2020-08-02,2020-08-02T23:57:32
rtlbmp_zone,2020-08-03,2020-08-06T13:56:50
rtlbmp_zone,2020-08-04,2020-08-07T13:58:38
rtlbmp_zone,2020-08-05,2020-08-05T23:57:36
rtlbmp_zone,2020-08-06,2020-08-06T23:57:48
rtlbmp_zone,2020-08-07,2020-08-07T23:57:56
rtlbmp_zone,2020-08-08,2020-08-08T23:57:36
rtlbmp_zone,2020-08-09,2020-08-09T23:57:32
rtlbmp_zone,2020-08-10,2020-08-10T23:57:56
rtlbmp_zone,2020-08-11,2020-08-11T23:57:56
rtlbmp_zone,2020-08-12,2020-08-12T23:57:48
rtlbmp_zone,2020-08-13,2020-08-13T23:57:54
rtlbmp_zone,2020-08-14,2020-08-14T23:57:54
rtlbmp_zone,2020-08-15,2020-08-15T23:57:34
rtlbmp_zone,2020-08-16,2020-08-16T23:57:32
rtlbmp_zone,2020-08-17,2020-08-17T23:57:46
rtlbmp_zone,2020-08-18,2020-08-18T23:57:46
rtlbmp_zone,2020-08-19,2020-08-19T23:57:44
rtlbmp_zone,2020-08-20,2020-08-20T23:57:56
rtlbmp_zone,2020-08-21,2020-08-21T23:57:52
rtlbmp_zone,2020-08-22,2020-08-22T23:57:30
rtlbmp_zone,2020-08-23,2020-08-23T23:57:34
rtlbmp_zone,2020-08-24,2020-08-24T23:57:50
rtlbmp_zone,2020-08-25,2020-08-25T23:57:52
rtlbmp_zone,2020-08-26,2020-08-26T23:57:42
rtlbmp_zone,2020-08-27,2020-08-27T23:57:30
rtlbmp_zone,2020-08-28,2020-08-28T23:57:38
rtlbmp_zone,2020-08-29,2020-08-29T23:57:32
rtlbmp_zone,2020-08-30,2020-08-30T23:57:30
rtlbmp_zone,2020-08-31,2020-08-31T23:57:52
rtlbmp_zone,2020-09-01,2020-09-01T23:58:00
rtlbmp_zone,2020-09-02,2020-09-02T23:57:58
rtlbmp_zone,2020-09-03,2020-09-03T23:57:54
rtlbmp_zone,2020-09-04,2020-09-04T23:57:50
rtlbmp_zone,2020-09-05,2020-09-05T23:57:38
rtlbmp_zone,2020-09-06,2020-09-06T23:57:32
rtlbmp_zone,2020-09-07,2020-09-07T23:57:52
rtlbmp_zone,2020-09-08,2020-09-08T23:57:50
rtlbmp_zone,2020-09-09,2020-09-09T23:57:58
rtlbmp_zone,2020-09-10,2020-09-10T23:57:56
rtlbmp_zone,2020-09-11,2020-09-11T23:57:58
rtlbmp_zone,2020-09-12,2020-09-12T23:57:32
rtlbmp_zone,2020-09-13,2020-09-13T23:57:30
rtlbmp_zone,2020-09-14,2020-09-14T23:57:56
rtlbmp_zone,2020-09-15,2020-09-15T23:57:44
rtlbmp_zone,2020-09-16,2020-09-16T23:57:24
rtlbmp_zone,2020-09-17,2020-09-17T23:57:24
rtlbmp_zone,2020-09-18,2020-09-18T23:57:24
rtlbmp_zone,2020-09-19,2020-09-19T23:57:22
rtlbmp_zone,2020-09-20,2020-09-20T23:57:24
rtlbmp_zone,2020-09-21,2020-09-21T23:57:22
rtlbmp_zone,2020-09-22,2020-09-22T23:57:22
rtlbmp_zone,2020-09-23,2020-09-23T23:57:26
rtlbmp_zone,2020-09-24,2020-09-24T23:57:22
rtlbmp_zone,2020-09-25,2020-09-25T23:57:22
rtlbmp_zone,2020-09-26,2020-09-26T23:57:22
rtlbmp_zone,2020-09-27,2020-09-27T23:57:24
rtlbmp_zone,2020-09-28,2020-09-28T23:57:22
rtlbmp_zone,2020-09-29,2020-09-29T23:57:22
rtlbmp_zone,2020-09-30,2020-09-30T23:57:22
rtlbmp_zone,2020-10-01,2020-10-01T23:57:22
rtlbmp_zone,2020-10-02,2020-10-02T23:57:20
rtlbmp_zone,2020-10-03,2020-10-03T23:57:22
rtlbmp_zone,2020-10-04,2020-10-04T23:57:20
rtlbmp_zone,2020-10-05,2020-10-05T23:57:22
rtlbmp_zone,2020-10-06,2020-10-06T23:57:22
rtlbmp_zone,2020-10-07,2020-10-07T23:57:22
rtlbmp_zone,2020-10-08,2020-10-13T12:55:30
rtlbmp_zone,2020-10-09,2020-10-09T23:57:24
rtlbmp_zone,2020-10-10,2020-10-10T23:57:20
rtlbmp_zone,2020-10-11,2020-10-11T23:57:24
rtlbmp_zone,2020-10-12,2020-10-12T23:57:20
rtlbmp_zone,2020-10-13,2020-10-13T23:57:22
rtlbmp_zone,2020-10-14,2020-10-14T23:57:20
rtlbmp_zone,2020-10-15,2020-10-15T23:57:20
rtlbmp_zone,2020-10-16,2020-10-17T02:01:24
rtlbmp_zone,2020-10-17,2020-10-17T23:57:20
rtlbmp_zone,2020-10-18,2020-10-18T23:57:20
rtlbmp_zone,2020-10-19,2020-10-19T23:57:24
rtlbmp_zone,2020-10-20,2020-10-23T15:55:28
rtlbmp_zone,2020-10-21,2020-10-21T23:57:20
rtlbmp_zone,2020-10-22,2020-10-22T23:57:20
rtlbmp_zone,2020-10-23,2020-10-23T23:57:20
rtlbmp_zone,2020-10-24,2020-10-24T23:57:22
rtlbmp_zone,2020-10-25,2020-10-25T23:57:22
rtlbmp_zone,2020-10-26,2020-10-26T23:57:22
rtlbmp_zone,2020-10-27,2020-10-27T23:57:20
rtlbmp_zone,2020-10-28,2020-10-28T23:57:22
rtlbmp_zone,2020-10-29,2020-10-29T23:57:24
rtlbmp_zone,2020-10-30,2020-10-30T23:57:20
rtlbmp_zone,2020-10-31,2020-10-31T23:57:20
rtlbmp_zone,2020-11-01,2020-11-01T23:57:22
rtlbmp_zone,2020-11-02,2020-11-03T00:02:26
rtlbmp_zone,2020-11-03,2020-11-03T23:57:22
rtlbmp_zone,2020-11-04,2020-11-04T23:57:22
rtlbmp_zone,2020-11-05,2020-11-05T23:57:22
rtlbmp_zone,2020-11-06,2020-11-06T23:57:22
rtlbmp_zone,2020-11-07,2020-11-07T23:57:20
rtlbmp_zone,2020-11-08,2020-11-08T23:57:22
rtlbmp_zone,2020-11-09,2020-11-09T23:57:22
rtlbmp_zone,2020-11-10,2020-11-10T23:57:22
rtlbmp_zone,2020-11-11,2020-11-11T23:57:22
rtlbmp_zone,2020-11-12,2020-11-12T23:57:22
rtlbmp_zone,2020-11-13,2020-11-13T23:57:22
rtlbmp_zone,2020-11-14,2020-11-14T23:57:18
rtlbmp_zone,2020-11-15,2020-11-15T23:57:22
rtlbmp_zone,2020-11-16,2020-11-16T23:57:22
rtlbmp_zone,2020-11-17,2020-11-17T23:57:22
rtlbmp_zone,2020-11-18,2020-11-18T23:57:20
rtlbmp_zone,2020-11-19,2020-11-19T23:57:22
rtlbmp_zone,2020-11-20,2020-11-20T23:57:24
rtlbmp_zone,2020-11-21,2020-11-21T23:57:20
rtlbmp_zone,2020-11-22,2020-11-22T23:57:20
rtlbmp_zone,2020-11-23,2020-11-23T23:57:22
rtlbmp_zone,2020-11-24,2020-11-24T23:57:22
rtlbmp_zone,2020-11-25,2020-11-25T23:57:22
rtlbmp_zone,2020-11-26,2020-11-27T00:05:28
rtlbmp_zone,2020-11-27,2020-11-27T23:57:22
rtlbmp_zone,2020-11-28,2020-11-28T23:57:20
rtlbmp_zone,2020-11-29,2020-11-29T23:57:22
rtlbmp_zone,2020-11-30,2020-11-30T23:57:22
rtlbmp_zone,2020-12-01,2020-12-01T23:57:26
rtlbmp_zone,2020-12-02,2020-12-02T23:57:22
rtlbmp_zone,2020-12-03,2020-12-03T23:57:22
rtlbmp_zone,2020-12-04,2020-12-04T23:57:22
rtlbmp_zone,2020-12-05,2020-12-05T23:57:20
rtlbmp_zone,2020-12-06,2020-12-06T23:57:22
rtlbmp_zone,2020-12-07,2020-12-07T23:57:22
rtlbmp_zone,2020-12-08,2020-12-08T23:57:20
rtlbmp_zone,2020-12-09,2020-12-09T23:57:22
rtlbmp_zone,2020-12-10,2020-12-10T23:57:22
rtlbmp_zone,2020-12-11,2020-12-11T23:57:22
rtlbmp_zone,2020-12-12,2020-12-12T23:57:22
rtlbmp_zone,2020-12-13,2020-12-13T23:57:22
rtlbmp_zone,2020-12-14,2020-12-14T23:57:22
rtlbmp_zone,2020-12-15,2020-12-16T11:55:28
rtlbmp_zone,2020-12-16,2020-12-16T23:57:22
rtlbmp_zone,2020-12-17,2020-12-17T23:57:24
rtlbmp_zone,2020-12-18,2020-12-18T23:57:20
rtlbmp_zone,2020-12-19,2020-12-19T23:57:20
rtlbmp_zone,2020-12-20,2020-12-20T23:57:22
rtlbmp_zone,2020-12-21,2020-12-22T00:02:30
rtlbmp_zone,2020-12-22,2020-12-23T00:02:28
rtlbmp_zone,2020-12-23,2020-12-23T23:57:24
rtlbmp_zone,2020-12-24,2020-12-24T23:57:24
rtlbmp_zone,2020-12-25,2020-12-25T23:57:20
rtlbmp_zone,2020-12-26,2020-12-26T23:57:24
rtlbmp_zone,2020-12-27,2020-12-27T23:57:22
rtlbmp_zone,2020-12-28,2020-12-28T23:57:22
rtlbmp_zone,2020-12-29,2020-12-29T23:57:22
rtlbmp_zone,2020-12-30,2020-12-30T23:57:24
rtlbmp_zone,2020-12-31,2020-12-31T23:57:24
rtlbmp_zone,2021-01-01,2021-01-01T23:57:22
rtlbmp_zone,2021-01-02,2021-01-02T23:57:22
rtlbmp_zone,2021-01-03,2021-01-03T23:57:22
rtlbmp_zone,2021-01-04,2021-01-04T23:57:24
rtlbmp_zone,2021-01-05,2021-01-05T23:57:22
rtlbmp_zone,2021-01-06,2021-01-06T23:57:22
rtlbmp_zone,2021-01-07,2021-01-07T23:57:24
rtlbmp_zone,2021-01-08,2021-01-08T23:57:24
rtlbmp_zone,2021-01-09,2021-01-09T23:57:24
rtlbmp_zone,2021-01-10,2021-01-10T23:57:24
rtlbmp_zone,2021-01-11,2021-01-11T23:57:26
rtlbmp_zone,2021-01-12,2021-01-12T23:57:22
rtlbmp_zone,2021-01-13,2021-01-13T23:57:20
rtlbmp_zone,2021-01-14,2021-01-14T23:57:22
rtlbmp_zone,2021-01-15,2021-01-15T23:57:22
rtlbmp_zone,2021-01-16,2021-01-16T23:57:24
rtlbmp_zone,2021-01-17,2021-01-17T23:57:24
rtlbmp_zone,2021-01-18,2021-01-18T23:57:22
rtlbmp_zone,2021-01-19,2021-01-19T23:57:22
rtlbmp_zone,2021-01-20,2021-01-20T23:57:24
rtlbmp_zone,2021-01-21,2021-01-21T23:57:22
rtlbmp_zone,2021-01-22,2021-01-22T23:57:24
rtlbmp_zone,2021-01-23,2021-01-23T23:57:22
rtlbmp_zone,2021-01-24,2021-01-24T23:57:22
rtlbmp_zone,2021-01-25,2021-01-25T23:57:22
rtlbmp_zone,2021-01-26,2021-01-26T23:57:22
rtlbmp_zone,2021-01-27,2021-01-27T23:57:22
rtlbmp_zone,2021-01-28,2021-01-28T23:57:24
rtlbmp_zone,2021-01-29,2021-01-29T23:57:24
rtlbmp_zone,2021-01-30,2021-01-30T23:57:22
rtlbmp_zone,2021-01-31,2021-01-31T23:57:22
rtlbmp_zone,2021-02-01,2021-02-01T23:57:24
rtlbmp_zone,2021-02-02,2021-02-02T23:57:22
rtlbmp_zone,2021-02-03,2021-02-03T23:57:28
rtlbmp_zone,2021-02-04,2021-02-04T23:57:26
rtlbmp_zone,2021-02-05,2021-02-05T23:57:22
rtlbmp_zone,2021-02-06,2021-02-06T23:57:20
rtlbmp_zone,2021-02-07,2021-02-07T23:57:22
rtlbmp_zone,2021-02-08,2021-02-08T23:57:28
rtlbmp_zone,2021-02-09,2021-02-12T14:07:34
rtlbmp_zone,2021-02-10,2021-02-10T23:57:22
rtlbmp_zone,2021-02-11,2021-02-11T23:57:24
rtlbmp_zone,2021-02-12,2021-02-12T23:57:24
rtlbmp_zone,2021-02-13,2021-02-13T23:57:24
rtlbmp_zone,2021-02-14,2021-02-14T23:57:24
rtlbmp_zone,2021-02-15,2021-02-15T23:57:24
rtlbmp_zone,2021-02-16,2021-02-16T23:57:26
rtlbmp_zone,2021-02-17,2021-02-17T23:57:24
rtlbmp_zone,2021-02-18,2021-02-18T23:57:22
rtlbmp_zone,2021-02-19,2021-02-20T00:05:46
rtlbmp_zone,2021-02-20,2021-02-20T23:57:24
rtlbmp_zone,2021-02-21,2021-02-21T23:57:22
rtlbmp_zone,2021-02-22,2021-02-22T23:57:24
rtlbmp_zone,2021-02-23,2021-02-23T23:57:24
rtlbmp_zone,2021-02-24,2021-02-24T23:57:24
rtlbmp_zone,2021-02-25,2021-02-26T00:04:18
rtlbmp_zone,2021-02-26,2021-02-26T23:57:22
rtlbmp_zone,2021-02-27,2021-02-27T23:57:24
rtlbmp_zone,2021-02-28,2021-02-28T23:57:26
rtlbmp_zone,2021-03-01,2021-03-03T13:49:28
rtlbmp_zone,2021-03-02,2021-03-03T13:51:54
rtlbmp_zone,2021-03-03,2021-03-04T00:02:32
rtlbmp_zone,2021-03-04,2021-03-04T23:57:22
rtlbmp_zone,2021-03-05,2021-03-05T23:57:24
rtlbmp_zone,2021-03-06,2021-03-06T23:57:22
rtlbmp_zone,2021-03-07,2021-03-07T23:57:24
rtlbmp_zone,2021-03-08,2021-03-08T23:57:22
rtlbmp_zone,2021-03-09,2021-03-09T23:57:24
rtlbmp_zone,2021-03-10,2021-03-10T23:57:24
rtlbmp_zone,2021-03-11,2021-03-11T23:57:22
rtlbmp_zone,2021-03-12,2021-03-12T23:57:22
rtlbmp_zone,2021-03-13,2021-03-13T23:57:24
rtlbmp_zone,2021-03-14,2021-03-14T23:57:24
rtlbmp_zone,2021-03-15,2021-03-15T23:57:24
rtlbmp_zone,2021-03-16,2021-03-16T23:57:22
rtlbmp_zone,2021-03-17,2021-03-17T23:57:24
rtlbmp_zone,2021-03-18,2021-03-18T23:57:22
rtlbmp_zone,2021-03-19,2021-03-19T23:57:24
rtlbmp_zone,2021-03-20,2021-03-20T23:57:22
rtlbmp_zone,2021-03-21,2021-03-21T23:57:24
rtlbmp_zone,2021-03-22,2021-03-22T23:57:26
rtlbmp_zone,2021-03-23,2021-03-23T23:57:26
rtlbmp_zone,2021-03-24,2021-03-24T23:57:24
rtlbmp_zone,2021-03-25,2021-03-25T23:57:22
rtlbmp_zone,2021-03-26,2021-03-26T23:57:24
rtlbmp_zone,2021-03-27,2021-03-27T23:57:22
rtlbmp_zone,2021-03-28,2021-03-28T23:57:22
rtlbmp_zone,2021-03-29,2021-03-29T23:57:28
rtlbmp_zone,2021-03-30,2021-03-30T23:57:24
rtlbmp_zone,2021-03-31,2021-03-31T23:57:26
rtlbmp_zone,2021-04-01,2021-05-06T10:21:24
rtlbmp_zone,2021-04-02,2021-05-06T10:22:24
rtlbmp_zone,2021-04-03,2021-05-06T10:22:54
rtlbmp_zone,2021-04-04,2021-05-06T10:23:40
rtlbmp_zone,2021-04-05,2021-05-06T10:24:12
rtlbmp_zone,2021-04-06,2021-05-06T10:24:52
rtlbmp_zone,2021-04-07,2021-05-06T10:28:06
rtlbmp_zone,2021-04-08,2021-05-06T10:28:34
rtlbmp_zone,2021-04-09,2021-05-06T10:30:30
rtlbmp_zone,2021-04-10,2021-05-06T10:32:08
rtlbmp_zone,2021-04-11,2021-05-06T10:32:42
rtlbmp_zone,2021-04-12,2021-05-06T10:33:24
rtlbmp_zone,2021-04-13,2021-04-13T23:57:24
rtlbmp_zone,2021-04-14,2021-04-14T23:57:20
rtlbmp_zone,2021-04-15,2021-04-15T23:57:26
rtlbmp_zone,2021-04-16,2021-04-16T23:57:28
rtlbmp_zone,2021-04-17,2021-04-17T23:57:22
rtlbmp_zone,2021-04-18,2021-04-18T23:57:22
rtlbmp_zone,2021-04-19,2021-04-19T23:57:22
rtlbmp_zone,2021-04-20,2021-04-23T15:55:32
rtlbmp_zone,2021-04-21,2021-04-21T23:57:30
rtlbmp_zone,2021-04-22,2021-04-23T00:02:30
rtlbmp_zone,2021-04-23,2021-04-23T23:57:24
rtlbmp_zone,2021-04-24,2021-04-24T23:57:24
rtlbmp_zone,2021-04-25,2021-04-25T23:57:22
rtlbmp_zone,2021-04-26,2021-04-26T23:57:22
rtlbmp_zone,2021-04-27,2021-04-27T23:57:22
rtlbmp_zone,2021-04-28,2021-04-28T23:57:20
rtlbmp_zone,2021-04-29,2021-04-29T23:57:26
rtlbmp_zone,2021-04-30,2021-04-30T23:57:22
rtlbmp_zone,2021-05-01,2021-05-01T23:57:22
rtlbmp_zone,2021-05-02,2021-05-02T23:57:24
rtlbmp_zone,2021-05-03,2021-05-03T23:57:22
rtlbmp_zone,2021-05-04,2021-05-04T23:57:24
rtlbmp_zone,2021-05-05,2021-05-07T15:57:32
rtlbmp_zone,2021-05-06,2021-05-06T23:57:20
rtlbmp_zone,2021-05-07,2021-05-07T23:57:22
rtlbmp_zone,2021-05-08,2021-05-08T23:57:22
rtlbmp_zone,2021-05-09,2021-05-09T23:57:22
rtlbmp_zone,2021-05-10,2021-05-10T23:57:22
rtlbmp_zone,2021-05-11,2021-05-11T23:57:22
rtlbmp_zone,2021-05-12,2021-05-12T23:57:24
rtlbmp_zone,2021-05-13,2021-05-13T23:57:26
rtlbmp_zone,2021-05-14,2021-05-14T23:57:24
rtlbmp_zone,2021-05-15,2021-05-15T23:57:22
rtlbmp_zone,2021-05-16,2021-05-16T23:57:22
rtlbmp_zone,2021-05-17,2021-05-17T23:57:28
rtlbmp_zone,2021-05-18,2021-05-18T23:57:26
rtlbmp_zone,2021-05-19,2021-05-19T23:57:20
rtlbmp_zone,2021-05-20,2021-05-20T23:57:22
rtlbmp_zone,2021-05-21,2021-05-21T23:57:24
rtlbmp_zone,2021-05-22,2021-05-23T00:03:26
rtlbmp_zone,2021-05-23,2021-05-23T23:57:24
rtlbmp_zone,2021-05-24,2021-05-24T23:57:24
rtlbmp_zone,2021-05-25,2021-05-25T23:57:24
rtlbmp_zone,2021-05-26,2021-05-26T23:57:24
rtlbmp_zone,2021-05-27,2021-05-27T23:57:24
rtlbmp_zone,2021-05-28,2021-05-28T23:57:22
rtlbmp_zone,2021-05-29,2021-05-29T23:57:22
rtlbmp_zone,2021-05-30,2021-05-30T23:57:22
rtlbmp_zone,2021-05-31,2021-05-31T23:57:24
rtlbmp_zone,2021-06-01,2021-06-01T23:57:24
rtlbmp_zone,2021-06-02,2021-06-02T23:57:26
rtlbmp_zone,2021-06-03,2021-06-03T23:57:22
rtlbmp_zone,2021-06-04,2021-06-04T23:57:22
rtlbmp_zone,2021-06-05,2021-06-05T23:57:22
rtlbmp_zone,2021-06-06,2021-06-06T23:57:22
rtlbmp_zone,2021-06-07,2021-06-07T23:57:28
rtlbmp_zone,2021-06-08,2021-06-08T23:57:28
rtlbmp_zone,2021-06-09,2021-06-09T23:57:26
rtlbmp_zone,2021-06-10,2021-06-10T23:57:26
rtlbmp_zone,2021-06-11,2021-06-11T23:57:26
rtlbmp_zone,2021-06-12,2021-06-12T23:57:20
rtlbmp_zone,2021-06-13,2021-06-13T23:57:26
rtlbmp_zone,2021-06-14,2021-06-14T23:57:26
rtlbmp_zone,2021-06-15,2021-06-15T23:57:30
rtlbmp_zone,2021-06-16,2021-06-16T23:57:24
rtlbmp_zone,2021-06-17,2021-06-17T23:57:24
rtlbmp_zone,2021-06-18,2021-06-18T23:57:20
rtlbmp_zone,2021-06-19,2021-06-19T23:57:22
rtlbmp_zone,2021-06-20,2021-06-20T23:57:24
rtlbmp_zone,2021-06-21,2021-06-21T23:57:26
rtlbmp_zone,2021-06-22,2021-06-22T23:57:24
rtlbmp_zone,2021-06-23,2021-06-23T23:57:22
rtlbmp_zone,2021-06-24,2021-06-24T23:57:24
rtlbmp_zone,2021-06-25,2021-06-25T23:57:26
rtlbmp_zone,2021-06-26,2021-06-27T02:01:28
rtlbmp_zone,2021-06-27,2021-06-27T23:57:22
rtlbmp_zone,2021-06-28,2021-06-28T23:57:26
rtlbmp_zone,2021-06-29,2021-06-29T23:57:26
rtlbmp_zone,2021-06-30,2021-06-30T23:57:24
rtlbmp_zone,2021-07-01,2021-07-01T23:57:22
rtlbmp_zone,2021-07-02,2021-07-02T23:57:20
rtlbmp_zone,2021-07-03,2021-07-03T23:57:20
rtlbmp_zone,2021-07-04,2021-07-04T23:57:22
rtlbmp_zone,2021-07-05,2021-07-05T23:57:24
rtlbmp_zone,2021-07-06,2021-07-06T23:57:22
rtlbmp_zone,2021-07-07,2021-07-12T14:55:32
rtlbmp_zone,2021-07-08,2021-07-08T23:57:24
rtlbmp_zone,2021-07-09,2021-07-09T23:57:20
rtlbmp_zone,2021-07-10,2021-07-10T23:57:20
rtlbmp_zone,2021-07-11,2021-07-11T23:57:20
rtlbmp_zone,2021-07-12,2021-07-12T23:57:20
rtlbmp_zone,2021-07-13,2021-07-13T23:57:20
rtlbmp_zone,2021-07-14,2021-07-14T23:57:22
rtlbmp_zone,2021-07-15,2021-07-15T23:57:24
rtlbmp_zone,2021-07-16,2021-07-16T23:57:26
rtlbmp_zone,2021-07-17,2021-07-17T23:57:20
rtlbmp_zone,2021-07-18,2021-07-18T23:57:22
rtlbmp_zone,2021-07-19,2021-07-19T23:57:22
rtlbmp_zone,2021-07-20,2021-07-20T23:57:24
rtlbmp_zone,2021-07-21,2021-07-21T23:57:22
rtlbmp_zone,2021-07-22,2021-07-22T23:57:26
rtlbmp_zone,2021-07-23,2021-07-23T23:57:24
rtlbmp_zone,2021-07-24,2021-07-24T23:57:24
rtlbmp_zone,2021-07-25,2021-07-25T23:57:22
rtlbmp_zone,2021-07-26,2021-07-26T23:57:26
rtlbmp_zone,2021-07-27,2021-07-27T23:57:26
rtlbmp_zone,2021-07-28,2021-07-28T23:57:24
rtlbmp_zone,2021-07-29,2021-07-29T23:57:24
rtlbmp_zone,2021-07-30,2021-07-30T23:57:24
rtlbmp_zone,2021-07-31,2021-07-31T23:57:20
rtlbmp_zone,2021-08-01,2021-08-01T23:57:22
rtlbmp_zone,2021-08-02,2021-08-02T23:57:24
rtlbmp_zone,2021-08-03,2021-08-03T23:57:22
rtlbmp_zone,2021-08-04,2021-08-04T23:57:22
rtlbmp_zone,2021-08-05,2021-08-05T23:57:24
rtlbmp_zone,2021-08-06,2021-08-11T09:55:36
rtlbmp_zone,2021-08-07,2021-08-07T23:57:24
rtlbmp_zone,2021-08-08,2021-08-08T23:57:24
rtlbmp_zone,2021-08-09,2021-08-09T23:57:26
rtlbmp_zone,2021-08-10,2021-08-10T23:57:28
rtlbmp_zone,2021-08-11,2021-08-11T23:57:26
rtlbmp_zone,2021-08-12,2021-08-12T23:57:24
rtlbmp_zone,2021-08-13,2021-08-13T23:57:20
rtlbmp_zone,2021-08-14,2021-08-14T23:57:28
rtlbmp_zone,2021-08-15,2021-08-15T23:57:22
rtlbmp_zone,2021-08-16,2021-08-16T23:57:24
rtlbmp_zone,2021-08-17,2021-08-17T23:57:24
rtlbmp_zone,2021-08-18,2021-08-19T02:01:24
rtlbmp_zone,2021-08-19,2021-08-19T23:57:22
rtlbmp_zone,2021-08-20,2021-08-24T15:58:20
rtlbmp_zone,2021-08-21,2021-08-21T23:57:22
rtlbmp_zone,2021-08-22,2021-08-22T23:57:24
rtlbmp_zone,2021-08-23,2021-08-23T23:57:24
rtlbmp_zone,2021-08-24,2021-08-24T23:57:22
rtlbmp_zone,2021-08-25,2021-08-25T23:57:26
rtlbmp_zone,2021-08-26,2021-08-31T16:55:32
rtlbmp_zone,2021-08-27,2021-08-27T23:57:24
rtlbmp_zone,2021-08-28,2021-08-28T23:57:22
rtlbmp_zone,2021-08-29,2021-08-29T23:57:22
rtlbmp_zone,2021-08-30,2021-08-30T23:57:26
rtlbmp_zone,2021-08-31,2021-08-31T23:57:24
rtlbmp_zone,2021-09-01,2021-09-01T23:57:26
rtlbmp_zone,2021-09-02,2021-09-02T23:57:22
rtlbmp_zone,2021-09-03,2021-09-03T23:57:26
rtlbmp_zone,2021-09-04,2021-09-04T23:57:20
rtlbmp_zone,2021-09-05,2021-09-05T23:57:22
rtlbmp_zone,2021-09-06,2021-09-06T23:57:22
rtlbmp_zone,2021-09-07,2021-09-07T23:57:28
rtlbmp_zone,2021-09-08,2021-09-08T23:57:32
rtlbmp_zone,2021-09-09,2021-09-09T23:57:24
rtlbmp_zone,2021-09-10,2021-09-10T23:57:24
rtlbmp_zone,2021-09-11,2021-09-11T23:57:24
rtlbmp_zone,2021-09-12,2021-09-12T23:57:26
rtlbmp_zone,2021-09-13,2021-09-13T23:57:24
rtlbmp_zone,2021-09-14,2021-09-14T23:57:22
rtlbmp_zone,2021-09-15,2021-09-15T23:57:24
rtlbmp_zone,2021-09-16,2021-09-16T23:57:24
rtlbmp_zone,2021-09-17,2021-09-17T23:57:22
rtlbmp_zone,2021-09-18,2021-09-18T23:57:22
rtlbmp_zone,2021-09-19,2021-09-19T23:57:20
rtlbmp_zone,2021-09-20,2021-09-20T23:57:24
rtlbmp_zone,2021-09-21,2021-09-21T23:57:24
rtlbmp_zone,2021-09-22,2021-09-22T23:57:22
rtlbmp_zone,2021-09-23,2021-09-23T23:57:26
rtlbmp_zone,2021-09-24,2021-09-24T23:57:24
rtlbmp_zone,2021-09-25,2021-09-25T23:57:22
rtlbmp_zone,2021-09-26,2021-09-26T23:57:22
rtlbmp_zone,2021-09-27,2021-09-27T23:57:24
rtlbmp_zone,2021-09-28,2021-09-28T23:57:26
rtlbmp_zone,2021-09-29,2021-09-30T02:01:24
rtlbmp_zone,2021-09-30,2021-09-30T23:57:24
rtlbmp_zone,2021-10-01,2021-10-01T23:57:26
rtlbmp_zone,2021-10-02,2021-10-02T23:57:24
rtlbmp_zone,2021-10-03,2021-10-03T23:57:24
rtlbmp_zone,2021-10-04,2021-10-04T23:57:28
rtlbmp_zone,2021-10-05,2021-10-05T23:57:24
rtlbmp_zone,2021-10-06,2021-10-06T23:57:24
rtlbmp_zone,2021-10-07,2021-10-07T23:57:24
rtlbmp_zone,2021-10-08,2021-10-08T23:57:24
rtlbmp_zone,2021-10-09,2021-10-09T23:57:22
rtlbmp_zone,2021-10-10,2021-10-10T23:57:20
rtlbmp_zone,2021-10-11,2021-10-11T23:57:22
rtlbmp_zone,2021-10-12,2021-10-12T23:57:26
rtlbmp_zone,2021-10-13,2021-10-13T23:57:26
rtlbmp_zone,2021-10-14,2021-10-14T23:57:26
rtlbmp_zone,2021-10-15,2021-10-15T23:57:22
rtlbmp_zone,2021-10-16,2021-10-16T23:57:20
rtlbmp_zone,2021-10-17,2021-10-17T23:57:20
rtlbmp_zone,2021-10-18,2021-10-18T23:57:28
rtlbmp_zone,2021-10-19,2021-10-19T23:57:26
rtlbmp_zone,2021-10-20,2021-10-20T23:57:20
rtlbmp_zone,2021-10-21,2021-10-21T23:57:22
rtlbmp_zone,2021-10-22,2021-10-22T23:57:22
rtlbmp_zone,2021-10-23,2021-10-23T23:57:20
rtlbmp_zone,2021-10-24,2021-10-24T23:57:22
rtlbmp_zone,2021-10-25,2021-10-25T23:57:22
rtlbmp_zone,2021-10-26,2021-10-26T23:57:22
rtlbmp_zone,2021-10-27,2021-10-27T23:57:20
rtlbmp_zone,2021-10-28,2021-10-28T23:57:26
rtlbmp_zone,2021-10-29,2021-10-29T23:57:22
rtlbmp_zone,2021-10-30,2021-10-30T23:57:22
rtlbmp_zone,2021-10-31,2021-10-31T23:57:24
rtlbmp_zone,2021-11-01,2021-11-01T23:57:26
rtlbmp_zone,2021-11-02,2021-11-02T23:57:20
rtlbmp_zone,2021-11-03,2021-11-03T23:57:22
rtlbmp_zone,2021-11-04,2021-11-04T23:57:22
rtlbmp_zone,2021-11-05,2021-11-05T23:57:24
rtlbmp_zone,2021-11-06,2021-11-06T23:57:24
rtlbmp_zone,2021-11-07,2021-11-07T23:57:22
rtlbmp_zone,2021-11-08,2021-11-08T23:57:26
rtlbmp_zone,2021-11-09,2021-11-09T23:57:22
rtlbmp_zone,2021-11-10,2021-11-10T23:57:30
rtlbmp_zone,2021-11-11,2021-11-11T23:57:22
rtlbmp_zone,2021-11-12,2021-11-12T23:57:24
rtlbmp_zone,2021-11-13,2021-11-13T23:57:22
rtlbmp_zone,2021-11-14,2021-11-14T23:57:20
rtlbmp_zone,2021-11-15,2021-11-15T23:57:22
rtlbmp_zone,2021-11-16,2021-11-16T23:57:24
rtlbmp_zone,2021-11-17,2021-11-22T13:55:30
rtlbmp_zone,2021-11-18,2021-11-18T23:57:28
rtlbmp_zone,2021-11-19,2021-11-19T23:57:26
rtlbmp_zone,2021-11-20,2021-11-20T23:57:20
rtlbmp_zone,2021-11-21,2021-11-21T23:57:22
rtlbmp_zone,2021-11-22,2021-11-22T23:57:20
rtlbmp_zone,2021-11-23,2021-11-23T23:57:20
rtlbmp_zone,2021-11-24,2021-11-24T23:57:22
rtlbmp_zone,2021-11-25,2021-11-25T23:57:22
rtlbmp_zone,2021-11-26,2021-11-26T23:57:20
rtlbmp_zone,2021-11-27,2021-11-27T23:57:22
rtlbmp_zone,2021-11-28,2021-11-28T23:57:20
rtlbmp_zone,2021-11-29,2021-11-29T23:57:24
rtlbmp_zone,2021-11-30,2021-11-30T23:57:22
rtlbmp_zone,2021-12-01,2021-12-01T23:57:22
rtlbmp_zone,2021-12-02,2021-12-02T23:57:22
rtlbmp_zone,2021-12-03,2021-12-03T23:57:22
rtlbmp_zone,2021-12-04,2021-12-04T23:59:20
rtlbmp_zone,2021-12-05,2021-12-05T23:57:20
rtlbmp_zone,2021-12-06,2021-12-06T23:57:24
rtlbmp_zone,2021-12-07,2021-12-07T23:57:24
rtlbmp_zone,2021-12-08,2021-12-08T23:57:18
rtlbmp_zone,2021-12-09,2021-12-09T23:57:20
rtlbmp_zone,2021-12-10,2021-12-10T23:57:24
rtlbmp_zone,2021-12-11,2021-12-11T23:57:22
rtlbmp_zone,2021-12-12,2021-12-12T23:57:22
rtlbmp_zone,2021-12-13,2021-12-13T23:57:22
rtlbmp_zone,2021-12-14,2021-12-14T23:57:22
rtlbmp_zone,2021-12-15,2021-12-15T23:57:20
rtlbmp_zone,2021-12-16,2021-12-16T23:57:22
rtlbmp_zone,2021-12-17,2021-12-17T23:57:20
rtlbmp_zone,2021-12-18,2021-12-18T23:57:24
rtlbmp_zone,2021-12-19,2021-12-19T23:57:18
rtlbmp_zone,2021-12-20,2021-12-20T23:57:24
rtlbmp_zone,2021-12-21,2021-12-21T23:57:22
rtlbmp_zone,2021-12-22,2021-12-22T23:57:24
rtlbmp_zone,2021-12-23,2021-12-23T23:57:28
rtlbmp_zone,2021-12-24,2021-12-24T23:57:22
rtlbmp_zone,2021-12-25,2021-12-25T23:57:22
rtlbmp_zone,2021-12-26,2021-12-26T23:57:20
rtlbmp_zone,2021-12-27,2021-12-27T23:57:24
rtlbmp_zone,2021-12-28,2021-12-28T23:57:22
rtlbmp_zone,2021-12-29,2021-12-29T23:57:20
rtlbmp_zone,2021-12-30,2021-12-30T23:57:20
rtlbmp_zone,2021-12-31,2021-12-31T23:57:20
rtlbmp_zone,2022-01-01,2022-01-01T23:57:20
rtlbmp_zone,2022-01-02,2022-01-02T23:57:20
rtlbmp_zone,2022-01-03,2022-01-03T23:57:22
rtlbmp_zone,2022-01-04,2022-01-04T23:57:22
rtlbmp_zone,2022-01-05,2022-01-05T23:57:24
rtlbmp_zone,2022-01-06,2022-01-06T23:57:20
rtlbmp_zone,2022-01-07,2022-01-07T23:57:22
rtlbmp_zone,2022-01-08,2022-01-08T23:57:22
rtlbmp_zone,2022-01-09,2022-01-09T23:57:22
rtlbmp_zone,2022-01-10,2022-01-10T23:57:22
rtlbmp_zone,2022-01-11,2022-01-11T23:57:22
rtlbmp_zone,2022-01-12,2022-01-12T23:57:22
rtlbmp_zone,2022-01-13,2022-01-13T23:57:22
rtlbmp_zone,2022-01-14,2022-01-14T23:57:22
rtlbmp_zone,2022-01-15,2022-01-15T23:57:20
rtlbmp_zone,2022-01-16,2022-01-20T15:59:18
rtlbmp_zone,2022-01-17,2022-01-17T23:57:20
rtlbmp_zone,2022-01-18,2022-01-18T23:57:24
rtlbmp_zone,2022-01-19,2022-01-19T23:57:20
rtlbmp_zone,2022-01-20,2022-01-20T23:57:26
rtlbmp_zone,2022-01-21,2022-01-21T23:57:20
rtlbmp_zone,2022-01-22,2022-01-22T23:57:20
rtlbmp_zone,2022-01-23,2022-01-23T23:57:20
rtlbmp_zone,2022-01-24,2022-01-24T23:57:22
rtlbmp_zone,2022-01-25,2022-01-25T23:57:22
rtlbmp_zone,2022-01-26,2022-01-27T00:02:30
rtlbmp_zone,2022-01-27,2022-01-27T23:57:22
rtlbmp_zone,2022-01-28,2022-01-28T23:57:24
rtlbmp_zone,2022-01-29,2022-01-29T23:57:20
rtlbmp_zone,2022-01-30,2022-01-30T23:57:20
rtlbmp_zone,2022-01-31,2022-01-31T23:57:20
rtlbmp_zone,2022-02-01,2022-02-01T23:57:24
rtlbmp_zone,2022-02-02,2022-02-02T23:57:26
rtlbmp_zone,2022-02-03,2022-02-03T23:57:24
rtlbmp_zone,2022-02-04,2022-02-04T23:57:22
rtlbmp_zone,2022-02-05,2022-02-05T23:57:20
rtlbmp_zone,2022-02-06,2022-02-06T23:57:22
rtlbmp_zone,2022-02-07,2022-02-07T23:57:22
rtlbmp_zone,2022-02-08,2022-02-08T23:57:22
rtlbmp_zone,2022-02-09,2022-02-09T23:57:24
rtlbmp_zone,2022-02-10,2022-02-10T23:57:22
rtlbmp_zone,2022-02-11,2022-02-11T23:57:24
rtlbmp_zone,2022-02-12,2022-02-12T23:57:22
rtlbmp_zone,2022-02-13,2022-02-13T23:57:22
rtlbmp_zone,2022-02-14,2022-02-14T23:57:20
rtlbmp_zone,2022-02-15,2022-02-17T16:55:38
rtlbmp_zone,2022-02-16,2022-02-17T02:01:20
rtlbmp_zone,2022-02-17,2022-02-17T23:57:22
rtlbmp_zone,2022-02-18,2022-02-18T23:57:22
rtlbmp_zone,2022-02-19,2022-02-19T23:57:20
rtlbmp_zone,2022-02-20,2022-02-20T23:57:22
rtlbmp_zone,2022-02-21,2022-02-21T23:57:26
rtlbmp_zone,2022-02-22,2022-02-22T23:57:20
rtlbmp_zone,2022-02-23,2022-02-23T23:57:20
rtlbmp_zone,2022-02-24,2022-02-24T23:57:22
rtlbmp_zone,2022-02-25,2022-02-25T23:57:22
rtlbmp_zone,2022-02-26,2022-02-26T23:57:20
rtlbmp_zone,2022-02-27,2022-02-27T23:57:22
rtlbmp_zone,2022-02-28,2022-02-28T23:57:22
rtlbmp_zone,2022-03-01,2022-03-03T16:55:46
rtlbmp_zone,2022-03-02,2022-03-02T23:57:26
rtlbmp_zone,2022-03-03,2022-03-03T23:59:24
rtlbmp_zone,2022-03-04,2022-03-04T23:57:18
rtlbmp_zone,2022-03-05,2022-03-05T23:57:18
rtlbmp_zone,2022-03-06,2022-03-06T23:57:20
rtlbmp_zone,2022-03-07,2022-03-07T23:57:20
rtlbmp_zone,2022-03-08,2022-03-08T23:57:28
rtlbmp_zone,2022-03-09,2022-03-09T23:57:22
rtlbmp_zone,2022-03-10,2022-03-10T23:57:20
rtlbmp_zone,2022-03-11,2022-03-11T23:57:24
rtlbmp_zone,2022-03-12,2022-03-12T23:57:22
rtlbmp_zone,2022-03-13,2022-03-16T12:55:28
rtlbmp_zone,2022-03-14,2022-03-14T23:57:22
rtlbmp_zone,2022-03-15,2022-03-15T23:57:20
rtlbmp_zone,2022-03-16,2022-03-16T23:57:16
rtlbmp_zone,2022-03-17,2022-03-17T23:57:16
rtlbmp_zone,2022-03-18,2022-03-18T23:57:16
rtlbmp_zone,2022-03-19,2022-03-19T23:57:18
rtlbmp_zone,2022-03-20,2022-03-20T23:57:20
rtlbmp_zone,2022-03-21,2022-03-22T00:02:28
rtlbmp_zone,2022-03-22,2022-03-22T23:57:16
rtlbmp_zone,2022-03-23,2022-03-23T23:57:18
rtlbmp_zone,2022-03-24,2022-03-24T23:57:18
rtlbmp_zone,2022-03-25,2022-03-25T23:57:20
rtlbmp_zone,2022-03-26,2022-03-26T23:57:18
rtlbmp_zone,2022-03-27,2022-03-27T23:57:16
rtlbmp_zone,2022-03-28,2022-03-28T23:57:20
rtlbmp_zone,2022-03-29,2022-03-29T23:57:18
rtlbmp_zone,2022-03-30,2022-03-30T23:57:22
rtlbmp_zone,2022-03-31,2022-03-31T23:57:22
rtlbmp_zone,2022-04-01,2022-04-01T23:57:18
rtlbmp_zone,2022-04-02,2022-04-02T23:57:16
rtlbmp_zone,2022-04-03,2022-04-03T23:57:16
rtlbmp_zone,2022-04-04,2022-04-04T23:57:18
rtlbmp_zone,2022-04-05,2022-04-05T23:57:20
rtlbmp_zone,2022-04-06,2022-04-06T23:57:20
rtlbmp_zone,2022-04-07,2022-04-07T23:57:20
rtlbmp_zone,2022-04-08,2022-04-08T23:57:20
rtlbmp_zone,2022-04-09,2022-04-09T23:57:18
rtlbmp_zone,2022-04-10,2022-04-10T23:57:18
rtlbmp_zone,2022-04-11,2022-04-11T23:57:16
rtlbmp_zone,2022-04-12,2022-04-12T23:57:18
rtlbmp_zone,2022-04-13,2022-04-13T23:57:18
rtlbmp_zone,2022-04-14,2022-04-14T23:57:16
rtlbmp_zone,2022-04-15,2022-04-15T23:57:18
rtlbmp_zone,2022-04-16,2022-04-16T23:57:18
rtlbmp_zone,2022-04-17,2022-04-17T23:57:16
rtlbmp_zone,2022-04-18,2022-04-18T23:57:18
rtlbmp_zone,2022-04-19,2022-04-22T16:08:18
rtlbmp_zone,2022-04-20,2022-04-20T23:57:20
rtlbmp_zone,2022-04-21,2022-04-21T23:57:20
rtlbmp_zone,2022-04-22,2022-04-22T23:57:20
rtlbmp_zone,2022-04-23,2022-04-23T23:57:18
rtlbmp_zone,2022-04-24,2022-04-25T00:55:20
rtlbmp_zone,2022-04-25,2022-04-25T23:57:20
rtlbmp_zone,2022-04-26,2022-04-26T23:57:20
rtlbmp_zone,2022-04-27,2022-04-27T23:57:22
rtlbmp_zone,2022-04-28,2022-04-28T23:57:20
rtlbmp_zone,2022-04-29,2022-04-29T23:57:18
rtlbmp_zone,2022-04-30,2022-04-30T23:57:18
rtlbmp_zone,2022-05-01,2022-05-01T23:57:16
rtlbmp_zone,2022-05-02,2022-05-02T23:57:20
rtlbmp_zone,2022-05-03,2022-05-03T23:57:18
rtlbmp_zone,2022-05-04,2022-05-04T23:57:18
rtlbmp_zone,2022-05-05,2022-05-09T12:57:26
rtlbmp_zone,2022-05-06,2022-05-06T23:57:16
rtlbmp_zone,2022-05-07,2022-05-07T23:57:16
rtlbmp_zone,2022-05-08,2022-05-08T23:57:16
rtlbmp_zone,2022-05-09,2022-05-09T23:57:16
rtlbmp_zone,2022-05-10,2022-05-10T23:57:18
rtlbmp_zone,2022-05-11,2022-05-11T23:57:18
rtlbmp_zone,2022-05-12,2022-05-12T23:57:20
rtlbmp_zone,2022-05-13,2022-05-13T23:57:18
rtlbmp_zone,2022-05-14,2022-05-14T23:57:18
rtlbmp_zone,2022-05-15,2022-05-15T23:57:18
rtlbmp_zone,2022-05-16,2022-05-16T23:57:20
rtlbmp_zone,2022-05-17,2022-05-17T23:57:18
rtlbmp_zone,2022-05-18,2022-05-18T23:57:18
rtlbmp_zone,2022-05-19,2022-05-19T23:57:18
rtlbmp_zone,2022-05-20,2022-05-20T23:57:20
rtlbmp_zone,2022-05-21,2022-05-21T23:57:20
rtlbmp_zone,2022-05-22,2022-05-22T23:57:18
rtlbmp_zone,2022-05-23,2022-05-23T23:57:22
rtlbmp_zone,2022-05-24,2022-05-24T23:57:20
rtlbmp_zone,2022-05-25,2022-05-25T23:57:20
rtlbmp_zone,2022-05-26,2022-05-26T23:57:20
rtlbmp_zone,2022-05-27,2022-05-27T23:57:18
rtlbmp_zone,2022-05-28,2022-05-28T23:57:20
rtlbmp_zone,2022-05-29,2022-05-29T23:57:18
rtlbmp_zone,2022-05-30,2022-05-30T23:57:16
rtlbmp_zone,2022-05-31,2022-05-31T23:57:20
rtlbmp_zone,2022-06-01,2022-06-01T23:57:20
rtlbmp_zone,2022-06-02,2022-06-02T23:57:18
rtlbmp_zone,2022-06-03,2022-06-03T23:57:18
rtlbmp_zone,2022-06-04,2022-06-04T23:57:18
rtlbmp_zone,2022-06-05,2022-06-05T23:57:20
rtlbmp_zone,2022-06-06,2022-06-06T23:57:18
rtlbmp_zone,2022-06-07,2022-06-07T23:57:22
rtlbmp_zone,2022-06-08,2022-06-08T23:57:20
rtlbmp_zone,2022-06-09,2022-06-09T23:57:20
rtlbmp_zone,2022-06-10,2022-06-11T00:02:32
rtlbmp_zone,2022-06-11,2022-06-11T23:57:20
rtlbmp_zone,2022-06-12,2022-06-12T23:57:18
rtlbmp_zone,2022-06-13,2022-06-14T00:02:26
rtlbmp_zone,2022-06-14,2022-06-14T23:57:22
rtlbmp_zone,2022-06-15,2022-06-15T23:57:22
rtlbmp_zone,2022-06-16,2022-06-16T23:57:22
rtlbmp_zone,2022-06-17,2022-06-17T23:57:24
rtlbmp_zone,2022-06-18,2022-06-18T23:57:18
rtlbmp_zone,2022-06-19,2022-06-19T23:57:20
rtlbmp_zone,2022-06-20,2022-06-20T23:57:20
rtlbmp_zone,2022-06-21,2022-06-21T23:57:18
rtlbmp_zone,2022-06-22,2022-06-22T23:57:20
rtlbmp_zone,2022-06-23,2022-06-23T23:57:20
rtlbmp_zone,2022-06-24,2022-06-24T23:57:18
rtlbmp_zone,2022-06-25,2022-06-25T23:57:18
rtlbmp_zone,2022-06-26,2022-06-26T23:57:18
rtlbmp_zone,2022-06-27,2022-06-27T23:57:18
rtlbmp_zone,2022-06-28,2022-06-28T23:57:18
rtlbmp_zone,2022-06-29,2022-06-29T23:57:22
rtlbmp_zone,2022-06-30,2022-06-30T23:57:20
rtlbmp_zone,2022-07-01,2022-07-01T23:57:20
rtlbmp_zone,2022-07-02,2022-07-03T02:01:24
rtlbmp_zone,2022-07-03,2022-07-03T23:57:20
rtlbmp_zone,2022-07-04,2022-07-04T23:57:20
rtlbmp_zone,2022-07-05,2022-07-05T23:57:18
rtlbmp_zone,2022-07-06,2022-07-06T23:57:18
rtlbmp_zone,2022-07-07,2022-07-07T23:57:20
rtlbmp_zone,2022-07-08,2022-07-08T23:57:18
rtlbmp_zone,2022-07-09,2022-07-09T23:57:20
rtlbmp_zone,2022-07-10,2022-07-10T23:57:18
rtlbmp_zone,2022-07-11,2022-07-11T23:57:20
rtlbmp_zone,2022-07-12,2022-07-12T23:57:20
rtlbmp_zone,2022-07-13,2022-07-13T23:57:20
rtlbmp_zone,2022-07-14,2022-07-14T23:57:18
rtlbmp_zone,2022-07-15,2022-07-15T23:57:22
rtlbmp_zone,2022-07-16,2022-07-16T23:57:20
rtlbmp_zone,2022-07-17,2022-07-17T23:57:20
rtlbmp_zone,2022-07-18,2022-07-18T23:57:20
rtlbmp_zone,2022-07-19,2022-07-19T23:57:18
rtlbmp_zone,2022-07-20,2022-07-25T17:02:40
rtlbmp_zone,2022-07-21,2022-07-21T23:57:20
rtlbmp_zone,2022-07-22,2022-07-22T23:57:18
rtlbmp_zone,2022-07-23,2022-07-23T23:57:20
rtlbmp_zone,2022-07-24,2022-07-24T23:57:20
rtlbmp_zone,2022-07-25,2022-07-25T23:57:20
rtlbmp_zone,2022-07-26,2022-07-27T00:02:32
rtlbmp_zone,2022-07-27,2022-07-27T23:57:20
rtlbmp_zone,2022-07-28,2022-07-28T23:57:18
rtlbmp_zone,2022-07-29,2022-07-30T02:01:22
rtlbmp_zone,2022-07-30,2022-08-02T08:55:26
rtlbmp_zone,2022-07-31,2022-08-03T16:57:28
rtlbmp_zone,2022-08-01,2022-08-01T23:57:18
rtlbmp_zone,2022-08-02,2022-08-02T23:57:18
rtlbmp_zone,2022-08-03,2022-08-03T23:57:16
rtlbmp_zone,2022-08-04,2022-08-04T23:57:20
rtlbmp_zone,2022-08-05,2022-08-05T23:57:20
rtlbmp_zone,2022-08-06,2022-08-06T23:57:18
rtlbmp_zone,2022-08-07,2022-08-07T23:57:20
rtlbmp_zone,2022-08-08,2022-08-08T23:57:20
rtlbmp_zone,2022-08-09,2022-08-12T14:07:32
rtlbmp_zone,2022-08-10,2022-08-15T11:08:18
rtlbmp_zone,2022-08-11,2022-08-11T23:57:20
rtlbmp_zone,2022-08-12,2022-08-12T23:57:18
rtlbmp_zone,2022-08-13,2022-08-13T23:59:18
rtlbmp_zone,2022-08-14,2022-08-14T23:57:18
rtlbmp_zone,2022-08-15,2022-08-18T16:55:28
rtlbmp_zone,2022-08-16,2022-08-16T23:57:16
rtlbmp_zone,2022-08-17,2022-08-17T23:57:16
rtlbmp_zone,2022-08-18,2022-08-18T23:57:16
rtlbmp_zone,2022-08-19,2022-08-19T23:57:18
rtlbmp_zone,2022-08-20,2022-08-20T23:57:20
rtlbmp_zone,2022-08-21,2022-08-21T23:57:16
rtlbmp_zone,2022-08-22,2022-08-22T23:57:16
rtlbmp_zone,2022-08-23,2022-08-23T23:57:18
rtlbmp_zone,2022-08-24,2022-08-24T23:57:18
rtlbmp_zone,2022-08-25,2022-08-25T23:57:20
rtlbmp_zone,2022-08-26,2022-08-26T23:57:18
rtlbmp_zone,2022-08-27,2022-08-27T23:57:16
rtlbmp_zone,2022-08-28,2022-08-28T23:57:18
rtlbmp_zone,2022-08-29,2022-08-29T23:57:22
rtlbmp_zone,2022-08-30,2022-08-30T23:57:20
rtlbmp_zone,2022-08-31,2022-09-02T16:09:20
rtlbmp_zone,2022-09-01,2022-09-01T23:57:22
rtlbmp_zone,2022-09-02,2022-09-02T23:57:18
rtlbmp_zone,2022-09-03,2022-09-03T23:57:18
rtlbmp_zone,2022-09-04,2022-09-04T23:57:16
rtlbmp_zone,2022-09-05,2022-09-05T23:57:16
rtlbmp_zone,2022-09-06,2022-09-06T23:57:16
rtlbmp_zone,2022-09-07,2022-09-07T23:57:18
rtlbmp_zone,2022-09-08,2022-09-08T23:57:20
rtlbmp_zone,2022-09-09,2022-09-09T23:57:18
rtlbmp_zone,2022-09-10,2022-09-10T23:57:20
rtlbmp_zone,2022-09-11,2022-09-11T23:57:18
rtlbmp_zone,2022-09-12,2022-09-13T00:02:28
rtlbmp_zone,2022-09-13,2022-09-13T23:57:18
rtlbmp_zone,2022-09-14,2022-09-14T23:57:18
rtlbmp_zone,2022-09-15,2022-09-15T23:57:18
rtlbmp_zone,2022-09-16,2022-09-16T23:57:20
rtlbmp_zone,2022-09-17,2022-09-17T23:57:16
rtlbmp_zone,2022-09-18,2022-09-18T23:57:20
rtlbmp_zone,2022-09-19,2022-09-19T23:57:20
rtlbmp_zone,2022-09-20,2022-09-20T23:57:18
rtlbmp_zone,2022-09-21,2022-09-21T23:57:18
rtlbmp_zone,2022-09-22,2022-09-22T23:57:18
rtlbmp_zone,2022-09-23,2022-09-23T23:57:18
rtlbmp_zone,2022-09-24,2022-09-24T23:57:16
rtlbmp_zone,2022-09-25,2022-09-25T23:57:16
rtlbmp_zone,2022-09-26,2022-09-26T23:57:16
rtlbmp_zone,2022-09-27,2022-09-27T23:57:16
rtlbmp_zone,2022-09-28,2022-09-28T23:57:16
rtlbmp_zone,2022-09-29,2022-09-30T02:01:20
rtlbmp_zone,2022-09-30,2022-09-30T23:57:18
rtlbmp_zone,2022-10-01,2022-10-01T23:57:18
rtlbmp_zone,2022-10-02,2022-10-02T23:57:16
rtlbmp_zone,2022-10-03,2022-10-03T23:57:16
rtlbmp_zone,2022-10-04,2022-10-04T23:57:20
rtlbmp_zone,2022-10-05,2022-10-05T23:57:18
rtlbmp_zone,2022-10-06,2022-10-06T23:57:16
rtlbmp_zone,2022-10-07,2022-10-07T23:57:16
rtlbmp_zone,2022-10-08,2022-10-08T23:57:16
rtlbmp_zone,2022-10-09,2022-10-09T23:57:16
rtlbmp_zone,2022-10-10,2022-10-10T23:57:18
rtlbmp_zone,2022-10-11,2022-10-11T23:57:16
rtlbmp_zone,2022-10-12,2022-10-12T23:57:16
rtlbmp_zone,2022-10-13,2022-10-13T23:57:18
rtlbmp_zone,2022-10-14,2022-10-14T23:57:16
rtlbmp_zone,2022-10-15,2022-10-15T23:57:16
rtlbmp_zone,2022-10-16,2022-10-16T23:57:14
rtlbmp_zone,2022-10-17,2022-10-17T23:57:16
rtlbmp_zone,2022-10-18,2022-10-18T23:57:16
rtlbmp_zone,2022-10-19,2022-10-19T23:57:16
rtlbmp_zone,2022-10-20,2022-10-20T23:57:16
rtlbmp_zone,2022-10-21,2022-10-21T23:57:16
rtlbmp_zone,2022-10-22,2022-10-22T23:57:16
rtlbmp_zone,2022-10-23,2022-10-23T23:57:16
rtlbmp_zone,2022-10-24,2022-10-24T23:57:18
rtlbmp_zone,2022-10-25,2022-10-25T23:57:16
rtlbmp_zone,2022-10-26,2022-10-26T23:57:16
rtlbmp_zone,2022-10-27,2022-10-27T23:57:16
rtlbmp_zone,2022-10-28,2022-10-28T23:57:16
rtlbmp_zone,2022-10-29,2022-10-29T23:57:16
rtlbmp_zone,2022-10-30,2022-10-30T23:57:16
rtlbmp_zone,2022-10-31,2022-10-31T23:57:16
rtlbmp_zone,2022-11-01,2022-11-01T23:57:18
rtlbmp_zone,2022-11-02,2022-11-02T23:57:16
rtlbmp_zone,2022-11-03,2022-11-03T23:57:18
rtlbmp_zone,2022-11-04,2022-11-04T23:57:16
rtlbmp_zone,2022-11-05,2022-11-05T23:57:16
rtlbmp_zone,2022-11-06,2022-11-07T02:01:20
rtlbmp_zone,2022-11-07,2022-11-07T23:57:16
rtlbmp_zone,2022-11-08,2022-11-08T23:57:18
rtlbmp_zone,2022-11-09,2022-11-09T23:57:16
rtlbmp_zone,2022-11-10,2022-11-10T23:57:18
rtlbmp_zone,2022-11-11,2022-11-11T23:57:16
rtlbmp_zone,2022-11-12,2022-11-12T23:57:16
rtlbmp_zone,2022-11-13,2022-11-13T23:57:16
rtlbmp_zone,2022-11-14,2022-11-14T23:57:18
rtlbmp_zone,2022-11-15,2022-11-15T23:57:16
rtlbmp_zone,2022-11-16,2022-11-16T23:57:18
rtlbmp_zone,2022-11-17,2022-11-17T23:57:16
rtlbmp_zone,2022-11-18,2022-11-18T23:57:18
rtlbmp_zone,2022-11-19,2022-11-20T00:02:18
rtlbmp_zone,2022-11-20,2022-11-20T23:57:16
rtlbmp_zone,2022-11-21,2022-11-21T23:57:16
rtlbmp_zone,2022-11-22,2022-11-22T23:57:16
rtlbmp_zone,2022-11-23,2022-11-23T23:57:16
rtlbmp_zone,2022-11-24,2022-11-24T23:57:16
rtlbmp_zone,2022-11-25,2022-11-25T23:57:16
rtlbmp_zone,2022-11-26,2022-11-26T23:57:14
rtlbmp_zone,2022-11-27,2022-11-27T23:57:16
rtlbmp_zone,2022-11-28,2022-11-28T23:57:16
rtlbmp_zone,2022-11-29,2022-11-29T23:57:16
rtlbmp_zone,2022-11-30,2022-11-30T23:57:16
rtlbmp_zone,2022-12-01,2022-12-01T23:57:18
rtlbmp_zone,2022-12-02,2022-12-02T23:57:16
rtlbmp_zone,2022-12-03,2022-12-03T23:57:16
rtlbmp_zone,2022-12-04,2022-12-04T23:57:16
rtlbmp_zone,2022-12-05,2022-12-08T16:55:28
rtlbmp_zone,2022-12-06,2022-12-06T23:57:16
rtlbmp_zone,2022-12-07,2022-12-07T23:57:16
rtlbmp_zone,2022-12-08,2022-12-08T23:57:18
rtlbmp_zone,2022-12-09,2022-12-09T23:57:16
rtlbmp_zone,2022-12-10,2022-12-10T23:57:16
rtlbmp_zone,2022-12-11,2022-12-11T23:57:16
rtlbmp_zone,2022-12-12,2022-12-12T23:57:18
rtlbmp_zone,2022-12-13,2022-12-13T23:57:16
rtlbmp_zone,2022-12-14,2022-12-14T23:57:18
rtlbmp_zone,2022-12-15,2022-12-15T23:57:18
rtlbmp_zone,2022-12-16,2022-12-16T23:57:18
rtlbmp_zone,2022-12-17,2022-12-17T23:57:16
rtlbmp_zone,2022-12-18,2022-12-18T23:57:18
rtlbmp_zone,2022-12-19,2022-12-19T23:57:16
rtlbmp_zone,2022-12-20,2022-12-20T23:57:16
rtlbmp_zone,2022-12-21,2022-12-21T23:57:16
rtlbmp_zone,2022-12-22,2022-12-22T23:57:18
rtlbmp_zone,2022-12-23,2022-12-23T23:57:20
rtlbmp_zone,2022-12-24,2022-12-24T23:57:18
rtlbmp_zone,2022-12-25,2022-12-25T23:57:16
rtlbmp_zone,2022-12-26,2022-12-26T23:57:16
rtlbmp_zone,2022-12-27,2022-12-27T23:57:18
rtlbmp_zone,2022-12-28,2022-12-28T23:57:16
rtlbmp_zone,2022-12-29,2022-12-29T23:57:18
rtlbmp_zone,2022-12-30,2022-12-30T23:57:16
rtlbmp_zone,2022-12-31,2022-12-31T23:57:16
rtlbmp_zone,2023-01-01,2023-01-01T23:57:16
rtlbmp_zone,2023-01-02,2023-01-02T23:57:16
rtlbmp_zone,2023-01-03,2023-01-03T23:57:16
rtlbmp_zone,2023-01-04,2023-01-04T23:57:18
rtlbmp_zone,2023-01-05,2023-01-05T23:57:16
rtlbmp_zone,2023-01-06,2023-01-06T23:57:16
rtlbmp_zone,2023-01-07,2023-01-07T23:57:16
rtlbmp_zone,2023-01-08,2023-01-08T23:57:16
rtlbmp_zone,2023-01-09,2023-01-09T23:57:16
rtlbmp_zone,2023-01-10,2023-01-13T17:55:32
rtlbmp_zone,2023-01-11,2023-01-11T23:57:18
rtlbmp_zone,2023-01-12,2023-01-12T23:57:18
rtlbmp_zone,2023-01-13,2023-01-13T23:57:14
rtlbmp_zone,2023-01-14,2023-01-14T23:57:16
rtlbmp_zone,2023-01-15,2023-01-15T23:57:18
rtlbmp_zone,2023-01-16,2023-01-16T23:57:16
rtlbmp_zone,2023-01-17,2023-01-17T23:57:16
rtlbmp_zone,2023-01-18,2023-01-19T00:02:20
rtlbmp_zone,2023-01-19,2023-01-19T23:57:16
rtlbmp_zone,2023-01-20,2023-01-20T23:57:14
rtlbmp_zone,2023-01-21,2023-01-21T23:57:16
rtlbmp_zone,2023-01-22,2023-01-22T23:57:16
rtlbmp_zone,2023-01-23,2023-01-23T23:57:16
rtlbmp_zone,2023-01-24,2023-01-24T23:57:16
rtlbmp_zone,2023-01-25,2023-01-25T23:57:16
rtlbmp_zone,2023-01-26,2023-01-26T23:57:16
rtlbmp_zone,2023-01-27,2023-01-27T23:57:14
rtlbmp_zone,2023-01-28,2023-01-28T23:57:16
rtlbmp_zone,2023-01-29,2023-01-29T23:57:16
rtlbmp_zone,2023-01-30,2023-01-30T23:57:14
rtlbmp_zone,2023-01-31,2023-01-31T23:57:16
rtlbmp_zone,2023-02-01,2023-02-01T23:57:16
rtlbmp_zone,2023-02-02,2023-02-02T23:57:18
rtlbmp_zone,2023-02-03,2023-02-03T23:57:16
rtlbmp_zone,2023-02-04,2023-02-04T23:57:16
rtlbmp_zone,2023-02-05,2023-02-05T23:57:16
rtlbmp_zone,2023-02-06,2023-02-06T23:57:16
rtlbmp_zone,2023-02-07,2023-02-07T23:57:16
rtlbmp_zone,2023-02-08,2023-02-08T23:57:16
rtlbmp_zone,2023-02-09,2023-02-09T23:57:16
rtlbmp_zone,2023-02-10,2023-02-10T23:57:16
rtlbmp_zone,2023-02-11,2023-02-11T23:57:16
rtlbmp_zone,2023-02-12,2023-02-12T23:57:18
rtlbmp_zone,2023-02-13,2023-02-13T23:57:16
rtlbmp_zone,2023-02-14,2023-02-14T23:57:16
rtlbmp_zone,2023-02-15,2023-02-15T23:57:18
rtlbmp_zone,2023-02-16,2023-02-16T23:57:16
rtlbmp_zone,2023-02-17,2023-02-18T02:01:20
rtlbmp_zone,2023-02-18,2023-02-18T23:57:14
rtlbmp_zone,2023-02-19,2023-02-19T23:57:14
rtlbmp_zone,2023-02-20,2023-02-20T23:57:16
rtlbmp_zone,2023-02-21,2023-02-21T23:57:14
rtlbmp_zone,2023-02-22,2023-02-22T23:57:16
rtlbmp_zone,2023-02-23,2023-02-23T23:57:16
rtlbmp_zone,2023-02-24,2023-02-24T23:57:16
rtlbmp_zone,2023-02-25,2023-02-25T23:57:16
rtlbmp_zone,2023-02-26,2023-02-26T23:57:16
rtlbmp_zone,2023-02-27,2023-02-27T23:57:16
rtlbmp_zone,2023-02-28,2023-02-28T23:57:16
rtlbmp_zone,2023-03-01,2023-03-01T23:57:16
rtlbmp_zone,2023-03-02,2023-03-02T23:57:16
rtlbmp_zone,2023-03-03,2023-03-03T23:57:16
rtlbmp_zone,2023-03-04,2023-03-04T23:57:16
rtlbmp_zone,2023-03-05,2023-03-05T23:57:14
rtlbmp_zone,2023-03-06,2023-03-06T23:57:16
rtlbmp_zone,2023-03-07,2023-03-07T23:57:14
rtlbmp_zone,2023-03-08,2023-03-08T23:57:16
rtlbmp_zone,2023-03-09,2023-03-09T23:57:16
rtlbmp_zone,2023-03-10,2023-03-10T23:57:16
rtlbmp_zone,2023-03-11,2023-03-11T23:57:18
rtlbmp_zone,2023-03-12,2023-03-12T23:57:18
rtlbmp_zone,2023-03-13,2023-03-13T23:57:16
rtlbmp_zone,2023-03-14,2023-03-14T23:57:16
rtlbmp_zone,2023-03-15,2023-03-17T16:55:30
rtlbmp_zone,2023-03-16,2023-03-16T23:57:16
rtlbmp_zone,2023-03-17,2023-03-17T23:57:14
rtlbmp_zone,2023-03-18,2023-03-18T23:57:16
rtlbmp_zone,2023-03-19,2023-03-19T23:57:14
rtlbmp_zone,2023-03-20,2023-03-20T23:57:18
rtlbmp_zone,2023-03-21,2023-03-21T23:57:16
rtlbmp_zone,2023-03-22,2023-03-22T23:57:16
rtlbmp_zone,2023-03-23,2023-03-23T23:57:18
rtlbmp_zone,2023-03-24,2023-03-24T23:57:16
rtlbmp_zone,2023-03-25,2023-03-25T23:57:16
rtlbmp_zone,2023-03-26,2023-03-26T23:57:16
rtlbmp_zone,2023-03-27,2023-03-27T23:57:16
rtlbmp_zone,2023-03-28,2023-03-28T23:57:18
rtlbmp_zone,2023-03-29,2023-03-29T23:57:16
rtlbmp_zone,2023-03-30,2023-03-30T23:57:18
rtlbmp_zone,2023-03-31,2023-03-31T23:57:16
rtlbmp_zone,2023-04-01,2023-04-01T23:57:16
rtlbmp_zone,2023-04-02,2023-04-02T23:57:16
rtlbmp_zone,2023-04-03,2023-04-03T23:57:16
rtlbmp_zone,2023-04-04,2023-04-04T23:57:16
rtlbmp_zone,2023-04-05,2023-04-05T23:57:16
rtlbmp_zone,2023-04-06,2023-04-07T02:01:18
rtlbmp_zone,2023-04-07,2023-04-07T23:57:16
rtlbmp_zone,2023-04-08,2023-04-08T23:57:14
rtlbmp_zone,2023-04-09,2023-04-09T23:57:18
rtlbmp_zone,2023-04-10,2023-04-10T23:57:16
rtlbmp_zone,2023-04-11,2023-04-11T23:57:16
rtlbmp_zone,2023-04-12,2023-04-12T23:57:18
rtlbmp_zone,2023-04-13,2023-04-13T23:57:16
rtlbmp_zone,2023-04-14,2023-04-18T16:55:30
rtlbmp_zone,2023-04-15,2023-04-15T23:57:14
rtlbmp_zone,2023-04-16,2023-04-16T23:57:16
rtlbmp_zone,2023-04-17,2023-04-17T23:57:18
rtlbmp_zone,2023-04-18,2023-04-18T23:57:16
rtlbmp_zone,2023-04-19,2023-04-20T02:01:08
rtlbmp_zone,2023-04-20,2023-04-20T23:57:04
rtlbmp_zone,2023-04-21,2023-04-21T23:57:04
rtlbmp_zone,2023-04-22,2023-04-22T23:57:06
rtlbmp_zone,2023-04-23,2023-04-23T23:57:08
rtlbmp_zone,2023-04-24,2023-04-24T23:57:04
rtlbmp_zone,2023-04-25,2023-04-25T23:57:04
rtlbmp_zone,2023-04-26,2023-04-26T23:57:06
rtlbmp_zone,2023-04-27,2023-04-27T23:57:04
rtlbmp_zone,2023-04-28,2023-04-28T23:57:04
rtlbmp_zone,2023-04-29,2023-04-29T23:57:06
rtlbmp_zone,2023-04-30,2023-04-30T23:57:04
rtlbmp_zone,2023-05-01,2023-05-01T23:57:04
rtlbmp_zone,2023-05-02,2023-05-02T23:58:04
rtlbmp_zone,2023-05-03,2023-05-04T17:46:56
rtlbmp_zone,2023-05-04,2023-05-04T23:57:04
rtlbmp_zone,2023-05-05,2023-05-05T23:57:06
rtlbmp_zone,2023-05-06,2023-05-06T23:57:04
rtlbmp_zone,2023-05-07,2023-05-07T23:57:06
rtlbmp_zone,2023-05-08,2023-05-08T23:57:04
rtlbmp_zone,2023-05-09,2023-05-09T23:57:04
rtlbmp_zone,2023-05-10,2023-05-10T23:57:04
rtlbmp_zone,2023-05-11,2023-05-11T23:57:04
rtlbmp_zone,2023-05-12,2023-05-12T23:57:06
rtlbmp_zone,2023-05-13,2023-05-16T16:55:08
rtlbmp_zone,2023-05-14,2023-05-14T23:57:04
rtlbmp_zone,2023-05-15,2023-05-15T23:57:04
rtlbmp_zone,2023-05-16,2023-05-16T23:57:06
rtlbmp_zone,2023-05-17,2023-05-17T23:57:08
rtlbmp_zone,2023-05-18,2023-05-18T23:57:04
rtlbmp_zone,2023-05-19,2023-05-19T23:57:04
rtlbmp_zone,2023-05-20,2023-05-20T23:57:06
rtlbmp_zone,2023-05-21,2023-05-22T15:09:30
rtlbmp_zone,2023-05-22,2023-05-22T23:57:04
rtlbmp_zone,2023-05-23,2023-05-23T23:57:06
rtlbmp_zone,2023-05-24,2023-05-24T23:57:04
rtlbmp_zone,2023-05-25,2023-05-25T23:57:04
rtlbmp_zone,2023-05-26,2023-05-26T23:57:04
rtlbmp_zone,2023-05-27,2023-05-27T23:57:04
rtlbmp_zone,2023-05-28,2023-05-28T23:57:06
rtlbmp_zone,2023-05-29,2023-05-29T23:57:04
rtlbmp_zone,2023-05-30,2023-05-30T23:57:04
rtlbmp_zone,2023-05-31,2023-05-31T23:57:06
rtlbmp_zone,2023-06-01,2023-06-01T23:57:04
rtlbmp_zone,2023-06-02,2023-06-03T02:01:06
rtlbmp_zone,2023-06-03,2023-06-03T23:57:04
rtlbmp_zone,2023-06-04,2023-06-04T23:57:04
rtlbmp_zone,2023-06-05,2023-06-05T23:57:04
rtlbmp_zone,2023-06-06,2023-06-07T01:55:04
rtlbmp_zone,2023-06-07,2023-06-07T23:57:06
rtlbmp_zone,2023-06-08,2023-06-08T23:57:04
rtlbmp_zone,2023-06-09,2023-06-09T23:57:04
rtlbmp_zone,2023-06-10,2023-06-10T23:57:04
rtlbmp_zone,2023-06-11,2023-06-14T16:03:06
rtlbmp_zone,2023-06-12,2023-06-12T23:57:04
rtlbmp_zone,2023-06-13,2023-06-13T23:57:04
rtlbmp_zone,2023-06-14,2023-06-14T23:57:04
rtlbmp_zone,2023-06-15,2023-06-15T23:57:04
rtlbmp_zone,2023-06-16,2023-06-16T23:57:04
rtlbmp_zone,2023-06-17,2023-06-17T23:57:04
rtlbmp_zone,2023-06-18,2023-06-18T23:57:04
rtlbmp_zone,2023-06-19,2023-06-19T23:57:06
rtlbmp_zone,2023-06-20,2023-06-20T23:57:06
rtlbmp_zone,2023-06-21,2023-06-21T23:57:04
rtlbmp_zone,2023-06-22,2023-06-22T23:57:06
rtlbmp_zone,2023-06-23,2023-06-23T23:57:04
rtlbmp_zone,2023-06-24,2023-06-24T23:57:04
rtlbmp_zone,2023-06-25,2023-06-25T23:57:06
rtlbmp_zone,2023-06-26,2023-06-26T23:57:04
rtlbmp_zone,2023-06-27,2023-06-27T23:57:04
rtlbmp_zone,2023-06-28,2023-06-28T23:57:04
rtlbmp_zone,2023-06-29,2023-06-29T23:57:06
rtlbmp_zone,2023-06-30,2023-06-30T23:57:04
rtlbmp_zone,2023-07-01,2023-07-01T23:57:04
rtlbmp_zone,2023-07-02,2023-07-02T23:57:24
rtlbmp_zone,2023-07-03,2023-07-03T23:57:08
rtlbmp_zone,2023-07-04,2023-07-04T23:57:04
rtlbmp_zone,2023-07-05,2023-07-05T23:57:06
rtlbmp_zone,2023-07-06,2023-07-06T23:57:02
rtlbmp_zone,2023-07-07,2023-07-07T23:57:26
rtlbmp_zone,2023-07-08,2023-07-08T23:57:08
rtlbmp_zone,2023-07-09,2023-07-09T23:57:04
rtlbmp_zone,2023-07-10,2023-07-10T23:57:06
rtlbmp_zone,2023-07-11,2023-07-11T23:57:08
rtlbmp_zone,2023-07-12,2023-07-12T23:57:04
rtlbmp_zone,2023-07-13,2023-07-13T23:57:04
rtlbmp_zone,2023-07-14,2023-07-14T23:57:04
rtlbmp_zone,2023-07-15,2023-07-15T23:57:08
rtlbmp_zone,2023-07-16,2023-07-16T23:57:04
rtlbmp_zone,2023-07-17,2023-07-17T23:57:04
rtlbmp_zone,2023-07-18,2023-07-18T23:57:04
rtlbmp_zone,2023-07-19,2023-07-19T23:57:06
rtlbmp_zone,2023-07-20,2023-07-20T23:57:04
rtlbmp_zone,2023-07-21,2023-07-21T23:57:04
rtlbmp_zone,2023-07-22,2023-07-22T23:57:04
rtlbmp_zone,2023-07-23,2023-07-23T23:57:04
rtlbmp_zone,2023-07-24,2023-07-24T23:57:04
rtlbmp_zone,2023-07-25,2023-07-25T23:57:06
rtlbmp_zone,2023-07-26,2023-07-26T23:57:04
rtlbmp_zone,2023-07-27,2023-07-27T23:57:04
rtlbmp_zone,2023-07-28,2023-07-28T23:57:06
rtlbmp_zone,2023-07-29,2023-07-29T23:57:04
rtlbmp_zone,2023-07-30,2023-07-30T23:57:04
rtlbmp_zone,2023-07-31,2023-07-31T23:57:06
rtlbmp_zone,2023-08-01,2023-08-01T23:57:04
rtlbmp_zone,2023-08-02,2023-08-02T23:57:06
rtlbmp_zone,2023-08-03,2023-08-03T23:57:04
rtlbmp_zone,2023-08-04,2023-08-04T23:57:04
rtlbmp_zone,2023-08-05,2023-08-05T23:57:04
rtlbmp_zone,2023-08-06,2023-08-06T23:57:06
rtlbmp_zone,2023-08-07,2023-08-07T23:57:04
rtlbmp_zone,2023-08-08,2023-08-08T23:57:06
rtlbmp_zone,2023-08-09,2023-08-09T23:57:04
rtlbmp_zone,2023-08-10,2023-08-10T23:57:04
rtlbmp_zone,2023-08-11,2023-08-11T23:57:04
rtlbmp_zone,2023-08-12,2023-08-12T23:57:04
rtlbmp_zone,2023-08-13,2023-08-13T23:57:06
rtlbmp_zone,2023-08-14,2023-08-14T23:57:06
rtlbmp_zone,2023-08-15,2023-08-15T23:57:04
rtlbmp_zone,2023-08-16,2023-08-16T23:57:04
rtlbmp_zone,2023-08-17,2023-08-17T23:57:06
rtlbmp_zone,2023-08-18,2023-08-23T16:55:06
rtlbmp_zone,2023-08-19,2023-08-19T23:57:04
rtlbmp_zone,2023-08-20,2023-08-20T23:57:04
rtlbmp_zone,2023-08-21,2023-08-21T23:57:06
rtlbmp_zone,2023-08-22,2023-08-22T23:57:04
rtlbmp_zone,2023-08-23,2023-08-24T02:01:06
rtlbmp_zone,2023-08-24,2023-08-24T23:57:04
rtlbmp_zone,2023-08-25,2023-08-25T23:57:04
rtlbmp_zone,2023-08-26,2023-08-26T23:57:04
rtlbmp_zone,2023-08-27,2023-08-27T23:57:08
rtlbmp_zone,2023-08-28,2023-08-28T23:57:04
rtlbmp_zone,2023-08-29,2023-08-29T23:57:04
rtlbmp_zone,2023-08-30,2023-08-30T23:57:04
rtlbmp_zone,2023-08-31,2023-08-31T23:57:04
rtlbmp_zone,2023-09-01,2023-09-02T00:07:08
rtlbmp_zone,2023-09-02,2023-09-02T23:57:04
rtlbmp_zone,2023-09-03,2023-09-03T23:57:04
rtlbmp_zone,2023-09-04,2023-09-04T23:57:02
rtlbmp_zone,2023-09-05,2023-09-05T23:57:04
rtlbmp_zone,2023-09-06,2023-09-06T23:57:02
rtlbmp_zone,2023-09-07,2023-09-08T00:02:18
rtlbmp_zone,2023-09-08,2023-09-08T23:57:06
rtlbmp_zone,2023-09-09,2023-09-09T23:57:06
rtlbmp_zone,2023-09-10,2023-09-10T23:57:06
rtlbmp_zone,2023-09-11,2023-09-11T23:57:04
rtlbmp_zone,2023-09-12,2023-09-12T23:57:04
rtlbmp_zone,2023-09-13,2023-09-13T23:57:06
rtlbmp_zone,2023-09-14,2023-09-14T23:57:04
rtlbmp_zone,2023-09-15,2023-09-15T23:57:04
rtlbmp_zone,2023-09-16,2023-09-16T23:57:04
rtlbmp_zone,2023-09-17,2023-09-17T23:57:06
rtlbmp_zone,2023-09-18,2023-09-18T23:57:04
rtlbmp_zone,2023-09-19,2023-09-19T23:57:04
rtlbmp_zone,2023-09-20,2023-09-20T23:57:04
rtlbmp_zone,2023-09-21,2023-09-21T23:57:04
rtlbmp_zone,2023-09-22,2023-09-22T23:57:08
rtlbmp_zone,2023-09-23,2023-09-23T23:57:04
rtlbmp_zone,2023-09-24,2023-09-24T23:57:04
rtlbmp_zone,2023-09-25,2023-09-25T23:57:04
rtlbmp_zone,2023-09-26,2023-09-26T23:57:04
rtlbmp_zone,2023-09-27,2023-09-27T23:57:04
rtlbmp_zone,2023-09-28,2023-09-28T23:57:04
rtlbmp_zone,2023-09-29,2023-09-29T23:57:06
rtlbmp_zone,2023-09-30,2023-09-30T23:57:04
rtlbmp_zone,2023-10-01,2023-10-01T23:57:04
rtlbmp_zone,2023-10-02,2023-10-02T23:57:06
rtlbmp_zone,2023-10-03,2023-10-03T23:57:04
rtlbmp_zone,2023-10-04,2023-10-04T23:57:04
rtlbmp_zone,2023-10-05,2023-10-05T23:57:06
rtlbmp_zone,2023-10-06,2023-10-06T23:57:04
rtlbmp_zone,2023-10-07,2023-10-07T23:57:04
rtlbmp_zone,2023-10-08,2023-10-08T23:59:38
rtlbmp_zone,2023-10-09,2023-10-12T17:42:36
rtlbmp_zone,2023-10-10,2023-10-10T23:57:04
rtlbmp_zone,2023-10-11,2023-10-11T23:57:04
rtlbmp_zone,2023-10-12,2023-10-12T23:57:04
rtlbmp_zone,2023-10-13,2023-10-13T23:57:04
rtlbmp_zone,2023-10-14,2023-10-14T23:57:04
rtlbmp_zone,2023-10-15,2023-10-15T23:57:04
rtlbmp_zone,2023-10-16,2023-10-16T23:57:04
rtlbmp_zone,2023-10-17,2023-10-17T23:57:04
rtlbmp_zone,2023-10-18,2023-10-18T23:57:06
rtlbmp_zone,2023-10-19,2023-10-19T23:57:08
rtlbmp_zone,2023-10-20,2023-10-20T23:57:04
rtlbmp_zone,2023-10-21,2023-10-21T23:57:06
rtlbmp_zone,2023-10-22,2023-10-22T23:57:04
rtlbmp_zone,2023-10-23,2023-10-23T23:57:04
rtlbmp_zone,2023-10-24,2023-10-24T23:57:04
rtlbmp_zone,2023-10-25,2023-10-25T23:57:06
rtlbmp_zone,2023-10-26,2023-10-26T23:57:08
rtlbmp_zone,2023-10-27,2023-10-27T23:57:04
rtlbmp_zone,2023-10-28,2023-10-28T23:57:04
rtlbmp_zone,2023-10-29,2023-10-29T23:57:04
rtlbmp_zone,2023-10-30,2023-10-30T23:57:06
rtlbmp_zone,2023-10-31,2023-10-31T23:57:06
rtlbmp_zone,2023-11-01,2023-11-01T23:57:04
rtlbmp_zone,2023-11-02,2023-11-02T23:57:04
rtlbmp_zone,2023-11-03,2023-11-03T23:57:04
rtlbmp_zone,2023-11-04,2023-11-04T23:57:04
rtlbmp_zone,2023-11-05,2023-11-06T00:03:54
rtlbmp_zone,2023-11-06,2023-11-06T23:57:06
rtlbmp_zone,2023-11-07,2023-11-07T23:57:06
rtlbmp_zone,2023-11-08,2023-11-08T23:57:04
rtlbmp_zone,2023-11-09,2023-11-09T23:57:04
rtlbmp_zone,2023-11-10,2023-11-10T23:57:04
rtlbmp_zone,2023-11-11,2023-11-11T23:57:04
rtlbmp_zone,2023-11-12,2023-11-12T23:57:04
rtlbmp_zone,2023-11-13,2023-11-13T23:57:04
rtlbmp_zone,2023-11-14,2023-11-17T18:22:50
rtlbmp_zone,2023-11-15,2023-11-15T23:57:06
rtlbmp_zone,2023-11-16,2023-11-21T19:55:08
rtlbmp_zone,2023-11-17,2023-11-17T23:57:04
rtlbmp_zone,2023-11-18,2023-11-18T23:57:06
rtlbmp_zone,2023-11-19,2023-11-19T23:57:06
rtlbmp_zone,2023-11-20,2023-11-20T23:57:06
rtlbmp_zone,2023-11-21,2023-11-21T23:57:06
rtlbmp_zone,2023-11-22,2023-11-22T23:57:04
rtlbmp_zone,2023-11-23,2023-11-23T23:57:06
rtlbmp_zone,2023-11-24,2023-11-24T23:57:04
rtlbmp_zone,2023-11-25,2023-11-25T23:57:04
rtlbmp_zone,2023-11-26,2023-11-26T23:57:04
rtlbmp_zone,2023-11-27,2023-11-27T23:57:06
rtlbmp_zone,2023-11-28,2023-11-28T23:57:08
rtlbmp_zone,2023-11-29,2023-12-04T13:08:06
rtlbmp_zone,2023-11-30,2023-11-30T23:57:04
rtlbmp_zone,2023-12-01,2023-12-01T23:57:06
rtlbmp_zone,2023-12-02,2023-12-02T23:57:04
rtlbmp_zone,2023-12-03,2023-12-03T23:57:06
rtlbmp_zone,2023-12-04,2023-12-04T23:57:04
rtlbmp_zone,2023-12-05,2023-12-05T23:57:06
rtlbmp_zone,2023-12-06,2023-12-06T23:57:06
rtlbmp_zone,2023-12-07,2023-12-11T17:00:10
rtlbmp_zone,2023-12-08,2023-12-08T23:57:04
rtlbmp_zone,2023-12-09,2023-12-09T23:57:04
rtlbmp_zone,2023-12-10,2023-12-10T23:57:06
rtlbmp_zone,2023-12-11,2023-12-11T23:57:06
rtlbmp_zone,2023-12-12,2023-12-12T23:57:04
rtlbmp_zone,2023-12-13,2023-12-13T23:57:06
rtlbmp_zone,2023-12-14,2023-12-15T00:02:06
rtlbmp_zone,2023-12-15,2023-12-15T23:57:06
rtlbmp_zone,2023-12-16,2023-12-16T23:57:04
rtlbmp_zone,2023-12-17,2023-12-17T23:57:06
rtlbmp_zone,2023-12-18,2023-12-18T23:57:04
rtlbmp_zone,2023-12-19,2023-12-19T23:57:04
rtlbmp_zone,2023-12-20,2023-12-20T23:57:06
rtlbmp_zone,2023-12-21,2023-12-21T23:57:04
rtlbmp_zone,2023-12-22,2023-12-22T23:57:04
rtlbmp_zone,2023-12-23,2023-12-23T23:57:04
rtlbmp_zone,2023-12-24,2023-12-24T23:57:04
rtlbmp_zone,2023-12-25,2023-12-25T23:57:04
rtlbmp_zone,2023-12-26,2023-12-26T23:57:04
rtlbmp_zone,2023-12-27,2023-12-27T23:57:04
rtlbmp_zone,2023-12-28,2024-01-03T10:55:08
rtlbmp_zone,2023-12-29,2023-12-29T23:57:04
rtlbmp_zone,2023-12-30,2023-12-30T23:57:06
rtlbmp_zone,2023-12-31,2023-12-31T23:57:06
rtlbmp_zone,2024-01-01,2024-01-01T23:57:06
rtlbmp_zone,2024-01-02,2024-01-02T23:57:04
rtlbmp_zone,2024-01-03,2024-01-03T23:57:06
rtlbmp_zone,2024-01-04,2024-01-04T23:57:06
rtlbmp_zone,2024-01-05,2024-01-05T23:57:04
rtlbmp_zone,2024-01-06,2024-01-06T23:57:06
rtlbmp_zone,2024-01-07,2024-01-07T23:57:04
rtlbmp_zone,2024-01-08,2024-01-08T23:57:06
rtlbmp_zone,2024-01-09,2024-01-09T23:57:06
rtlbmp_zone,2024-01-10,2024-01-10T23:57:04
rtlbmp_zone,2024-01-11,2024-01-11T23:57:06
rtlbmp_zone,2024-01-12,2024-01-12T23:57:06
rtlbmp_zone,2024-01-13,2024-01-13T23:57:04
rtlbmp_zone,2024-01-14,2024-01-14T23:57:04
rtlbmp_zone,2024-01-15,2024-01-15T23:57:04
rtlbmp_zone,2024-01-16,2024-01-16T23:57:06
rtlbmp_zone,2024-01-17,2024-01-17T23:57:04
rtlbmp_zone,2024-01-18,2024-01-18T23:57:04
rtlbmp_zone,2024-01-19,2024-01-19T23:57:04
rtlbmp_zone,2024-01-20,2024-01-20T23:57:04
rtlbmp_zone,2024-01-21,2024-01-21T23:57:04
rtlbmp_zone,2024-01-22,2024-01-25T15:55:10
rtlbmp_zone,2024-01-23,2024-01-23T23:57:04
rtlbmp_zone,2024-01-24,2024-01-24T23:57:06
rtlbmp_zone,2024-01-25,2024-01-25T23:57:04
rtlbmp_zone,2024-01-26,2024-01-26T23:57:06
rtlbmp_zone,2024-01-27,2024-01-27T23:57:04
rtlbmp_zone,2024-01-28,2024-01-28T23:57:04
rtlbmp_zone,2024-01-29,2024-01-29T23:57:06
rtlbmp_zone,2024-01-30,2024-01-30T23:57:06
rtlbmp_zone,2024-01-31,2024-01-31T23:57:04
rtlbmp_zone,2024-02-01,2024-02-01T23:57:04
rtlbmp_zone,2024-02-02,2024-02-02T23:57:06
rtlbmp_zone,2024-02-03,2024-02-03T23:57:06
rtlbmp_zone,2024-02-04,2024-02-04T23:57:06
rtlbmp_zone,2024-02-05,2024-02-05T23:57:04
rtlbmp_zone,2024-02-06,2024-02-06T23:57:04
rtlbmp_zone,2024-02-07,2024-02-07T23:57:04
rtlbmp_zone,2024-02-08,2024-02-08T23:57:04
rtlbmp_zone,2024-02-09,2024-02-09T23:57:04
rtlbmp_zone,2024-02-10,2024-02-11T11:00:32
rtlbmp_zone,2024-02-11,2024-02-11T23:57:06
rtlbmp_zone,2024-02-12,2024-02-12T23:57:04
rtlbmp_zone,2024-02-13,2024-02-13T23:57:04
rtlbmp_zone,2024-02-14,2024-02-14T23:57:06
rtlbmp_zone,2024-02-15,2024-02-15T23:57:04
rtlbmp_zone,2024-02-16,2024-02-16T23:57:06
rtlbmp_zone,2024-02-17,2024-02-17T23:57:04
rtlbmp_zone,2024-02-18,2024-02-18T23:57:06
rtlbmp_zone,2024-02-19,2024-02-19T23:57:04
rtlbmp_zone,2024-02-20,2024-02-20T23:57:06
rtlbmp_zone,2024-02-21,2024-02-23T18:35:26
rtlbmp_zone,2024-02-22,2024-02-22T23:57:04
rtlbmp_zone,2024-02-23,2024-02-23T23:57:04
rtlbmp_zone,2024-02-24,2024-02-25T00:02:40
rtlbmp_zone,2024-02-25,2024-02-25T23:57:06
rtlbmp_zone,2024-02-26,2024-02-26T23:57:06
rtlbmp_zone,2024-02-27,2024-02-27T23:57:04
rtlbmp_zone,2024-02-28,2024-02-28T23:57:04
rtlbmp_zone,2024-02-29,2024-02-29T23:57:06
rtlbmp_zone,2024-03-01,2024-03-01T23:57:06
rtlbmp_zone,2024-03-02,2024-03-02T23:57:04
rtlbmp_zone,2024-03-03,2024-03-03T23:57:04
rtlbmp_zone,2024-03-04,2024-03-04T23:57:06
rtlbmp_zone,2024-03-05,2024-03-05T23:57:04
rtlbmp_zone,2024-03-06,2024-03-06T23:57:06
rtlbmp_zone,2024-03-07,2024-03-07T23:57:06
rtlbmp_zone,2024-03-08,2024-03-08T23:57:08
rtlbmp_zone,2024-03-09,2024-03-09T23:57:06
rtlbmp_zone,2024-03-10,2024-03-10T23:57:06
rtlbmp_zone,2024-03-11,2024-03-11T23:57:08
rtlbmp_zone,2024-03-12,2024-03-12T23:57:04
rtlbmp_zone,2024-03-13,2024-03-13T23:57:04
rtlbmp_zone,2024-03-14,2024-03-14T23:57:04
rtlbmp_zone,2024-03-15,2024-03-15T23:57:06
rtlbmp_zone,2024-03-16,2024-03-16T23:57:04
rtlbmp_zone,2024-03-17,2024-03-17T23:57:06
rtlbmp_zone,2024-03-18,2024-03-18T23:57:06
rtlbmp_zone,2024-03-19,2024-03-19T23:57:06
rtlbmp_zone,2024-03-20,2024-03-20T23:57:06
rtlbmp_zone,2024-03-21,2024-03-21T23:57:04
rtlbmp_zone,2024-03-22,2024-03-22T23:57:04
rtlbmp_zone,2024-03-23,2024-03-23T23:57:04
rtlbmp_zone,2024-03-24,2024-03-24T23:57:06
rtlbmp_zone,2024-03-25,2024-03-25T23:57:04
rtlbmp_zone,2024-03-26,2024-03-26T23:57:04
rtlbmp_zone,2024-03-27,2024-03-27T23:57:08
rtlbmp_zone,2024-03-28,2024-03-28T23:57:04
rtlbmp_zone,2024-03-29,2024-03-29T23:57:04
rtlbmp_zone,2024-03-30,2024-03-30T23:57:04
rtlbmp_zone,2024-03-31,2024-03-31T23:57:04
rtlbmp_zone,2024-04-01,2024-04-01T23:57:04
rtlbmp_zone,2024-04-02,2024-04-02T23:57:04
rtlbmp_zone,2024-04-03,2024-04-03T23:57:08
rtlbmp_zone,2024-04-04,2024-04-04T23:57:08
rtlbmp_zone,2024-04-05,2024-04-05T23:57:06
rtlbmp_zone,2024-04-06,2024-04-06T23:57:06
rtlbmp_zone,2024-04-07,2024-04-07T23:57:06
rtlbmp_zone,2024-04-08,2024-04-08T23:57:04
rtlbmp_zone,2024-04-09,2024-04-09T23:57:08
rtlbmp_zone,2024-04-10,2024-04-10T23:57:06
rtlbmp_zone,2024-04-11,2024-04-11T23:57:04
rtlbmp_zone,2024-04-12,2024-04-12T23:57:04
rtlbmp_zone,2024-04-13,2024-04-13T23:57:06
rtlbmp_zone,2024-04-14,2024-04-14T23:57:06
rtlbmp_zone,2024-04-15,2024-04-15T23:57:04
rtlbmp_zone,2024-04-16,2024-04-16T23:57:04
rtlbmp_zone,2024-04-17,2024-04-17T23:57:04
rtlbmp_zone,2024-04-18,2024-04-18T23:57:04
rtlbmp_zone,2024-04-19,2024-04-19T23:57:04
rtlbmp_zone,2024-04-20,2024-04-20T23:57:08
rtlbmp_zone,2024-04-21,2024-04-21T23:57:04
rtlbmp_zone,2024-04-22,2024-04-22T23:57:04
rtlbmp_zone,2024-04-23,2024-04-23T23:57:06
rtlbmp_zone,2024-04-24,2024-04-24T23:57:08
rtlbmp_zone,2024-04-25,2024-04-25T23:57:04
rtlbmp_zone,2024-04-26,2024-04-26T23:57:04
rtlbmp_zone,2024-04-27,2024-04-27T23:57:06
rtlbmp_zone,2024-04-28,2024-04-28T23:57:04
rtlbmp_zone,2024-04-29,2024-04-29T23:57:04
rtlbmp_zone,2024-04-30,2024-04-30T23:57:06
rtlbmp_zone,2024-05-01,2024-05-01T23:57:08
rtlbmp_zone,2024-05-02,2024-05-02T23:57:04
rtlbmp_zone,2024-05-03,2024-05-03T23:57:04
rtlbmp_zone,2024-05-04,2024-05-04T23:57:04
rtlbmp_zone,2024-05-05,2024-05-05T23:57:06
rtlbmp_zone,2024-05-06,2024-05-06T23:57:04
rtlbmp_zone,2024-05-07,2024-05-07T23:57:08
rtlbmp_zone,2024-05-08,2024-05-08T23:57:06
rtlbmp_zone,2024-05-09,2024-05-09T23:57:06
rtlbmp_zone,2024-05-10,2024-05-10T23:57:04
rtlbmp_zone,2024-05-11,2024-05-11T23:57:06
rtlbmp_zone,2024-05-12,2024-05-12T23:57:06
rtlbmp_zone,2024-05-13,2024-05-13T23:57:06
rtlbmp_zone,2024-05-14,2024-05-14T23:57:06
rtlbmp_zone,2024-05-15,2024-05-15T23:57:08
rtlbmp_zone,2024-05-16,2024-05-16T23:57:04
rtlbmp_zone,2024-05-17,2024-05-17T23:57:06
rtlbmp_zone,2024-05-18,2024-05-18T23:57:06
rtlbmp_zone,2024-05-19,2024-05-19T23:57:04
rtlbmp_zone,2024-05-20,2024-05-20T23:57:04
rtlbmp_zone,2024-05-21,2024-05-21T23:57:04
rtlbmp_zone,2024-05-22,2024-05-22T23:57:06
rtlbmp_zone,2024-05-23,2024-05-23T23:57:04
rtlbmp_zone,2024-05-24,2024-05-24T23:57:06
rtlbmp_zone,2024-05-25,2024-05-25T23:57:06
rtlbmp_zone,2024-05-26,2024-05-26T23:57:06
rtlbmp_zone,2024-05-27,2024-05-27T23:57:06
rtlbmp_zone,2024-05-28,2024-05-28T23:57:04
rtlbmp_zone,2024-05-29,2024-05-29T23:57:04
rtlbmp_zone,2024-05-30,2024-05-30T23:57:04
rtlbmp_zone,2024-05-31,2024-05-31T23:57:08
rtlbmp_zone,2024-06-01,2024-06-01T23:57:04
rtlbmp_zone,2024-06-02,2024-06-02T23:57:04
rtlbmp_zone,2024-06-03,2024-06-03T23:57:04
rtlbmp_zone,2024-06-04,2024-06-04T23:57:04
rtlbmp_zone,2024-06-05,2024-06-05T23:57:04
rtlbmp_zone,2024-06-06,2024-06-06T23:57:06
rtlbmp_zone,2024-06-07,2024-06-07T23:57:06
rtlbmp_zone,2024-06-08,2024-06-08T23:57:04
rtlbmp_zone,2024-06-09,2024-06-09T23:57:06
rtlbmp_zone,2024-06-10,2024-06-10T23:57:04
rtlbmp_zone,2024-06-11,2024-06-11T23:57:06
rtlbmp_zone,2024-06-12,2024-06-12T23:57:10
rtlbmp_zone,2024-06-13,2024-06-13T23:57:06
rtlbmp_zone,2024-06-14,2024-06-14T23:57:06
rtlbmp_zone,2024-06-15,2024-06-15T23:57:06
rtlbmp_zone,2024-06-16,2024-06-16T23:57:06
rtlbmp_zone,2024-06-17,2024-06-17T23:57:06
rtlbmp_zone,2024-06-18,2024-06-18T23:57:04
rtlbmp_zone,2024-06-19,2024-06-19T23:57:06
rtlbmp_zone,2024-06-20,2024-06-20T23:57:06
rtlbmp_zone,2024-06-21,2024-06-21T23:57:04
rtlbmp_zone,2024-06-22,2024-06-22T23:57:06
rtlbmp_zone,2024-06-23,2024-06-23T23:57:06
rtlbmp_zone,2024-06-24,2024-06-24T23:57:06
rtlbmp_zone,2024-06-25,2024-06-25T23:57:04
rtlbmp_zone,2024-06-26,2024-06-26T23:57:06
rtlbmp_zone,2024-06-27,2024-06-27T23:57:06
rtlbmp_zone,2024-06-28,2024-06-28T23:57:06
rtlbmp_zone,2024-06-29,2024-06-29T23:57:06
rtlbmp_zone,2024-06-30,2024-06-30T23:57:06
rtlbmp_zone,2024-07-01,2024-07-01T23:57:04
rtlbmp_zone,2024-07-02,2024-07-02T23:57:04
rtlbmp_zone,2024-07-03,2024-07-03T23:57:06
rtlbmp_zone,2024-07-04,2024-07-05T02:01:06
rtlbmp_zone,2024-07-05,2024-07-05T23:57:08
rtlbmp_zone,2024-07-06,2024-07-06T23:57:06
rtlbmp_zone,2024-07-07,2024-07-07T23:57:08
rtlbmp_zone,2024-07-08,2024-07-09T00:07:08
rtlbmp_zone,2024-07-09,2024-07-09T23:57:06
rtlbmp_zone,2024-07-10,2024-07-10T23:57:06
rtlbmp_zone,2024-07-11,2024-07-11T23:57:08
rtlbmp_zone,2024-07-12,2024-07-12T23:57:06
rtlbmp_zone,2024-07-13,2024-07-13T23:57:04
rtlbmp_zone,2024-07-14,2024-07-14T23:57:06
rtlbmp_zone,2024-07-15,2024-07-15T23:57:06
rtlbmp_zone,2024-07-16,2024-07-16T23:57:06
rtlbmp_zone,2024-07-17,2024-07-17T23:57:06
rtlbmp_zone,2024-07-18,2024-07-18T23:57:08
rtlbmp_zone,2024-07-19,2024-07-19T23:57:06
rtlbmp_zone,2024-07-20,2024-07-20T23:57:04
rtlbmp_zone,2024-07-21,2024-07-21T23:57:04
rtlbmp_zone,2024-07-22,2024-07-22T23:57:06
rtlbmp_zone,2024-07-23,2024-07-23T23:57:06
rtlbmp_zone,2024-07-24,2024-07-24T23:57:04
rtlbmp_zone,2024-07-25,2024-07-25T23:57:06
rtlbmp_zone,2024-07-26,2024-07-26T23:57:04
rtlbmp_zone,2024-07-27,2024-07-27T23:57:08
rtlbmp_zone,2024-07-28,2024-07-28T23:57:06
rtlbmp_zone,2024-07-29,2024-07-29T23:57:04
rtlbmp_zone,2024-07-30,2024-07-30T23:57:06
rtlbmp_zone,2024-07-31,2024-07-31T23:57:04
rtlbmp_zone,2024-08-01,2024-08-01T23:57:06
rtlbmp_zone,2024-08-02,2024-08-02T23:57:06
rtlbmp_zone,2024-08-03,2024-08-03T23:57:06
rtlbmp_zone,2024-08-04,2024-08-04T23:57:06
rtlbmp_zone,2024-08-05,2024-08-05T23:57:06
rtlbmp_zone,2024-08-06,2024-08-06T23:57:06
rtlbmp_zone,2024-08-07,2024-08-07T23:57:04
rtlbmp_zone,2024-08-08,2024-08-08T23:57:08
rtlbmp_zone,2024-08-09,2024-08-09T23:57:06
rtlbmp_zone,2024-08-10,2024-08-10T23:57:06
rtlbmp_zone,2024-08-11,2024-08-11T23:57:06
rtlbmp_zone,2024-08-12,2024-08-12T23:57:08
rtlbmp_zone,2024-08-13,2024-08-13T23:57:06
rtlbmp_zone,2024-08-14,2024-08-14T23:57:06
rtlbmp_zone,2024-08-15,2024-08-15T23:57:04
rtlbmp_zone,2024-08-16,2024-08-16T23:57:04
rtlbmp_zone,2024-08-17,2024-08-17T23:57:04
rtlbmp_zone,2024-08-18,2024-08-18T23:57:06
rtlbmp_zone,2024-08-19,2024-08-19T23:57:04
rtlbmp_zone,2024-08-20,2024-08-20T23:57:06
rtlbmp_zone,2024-08-21,2024-08-21T23:57:06
rtlbmp_zone,2024-08-22,2024-08-22T23:57:06
rtlbmp_zone,2024-08-23,2024-08-28T10:55:10
rtlbmp_zone,2024-08-24,2024-08-24T23:57:08
rtlbmp_zone,2024-08-25,2024-08-25T23:57:06
rtlbmp_zone,2024-08-26,2024-08-26T23:57:04
rtlbmp_zone,2024-08-27,2024-08-27T23:57:04
rtlbmp_zone,2024-08-28,2024-08-28T23:57:06
rtlbmp_zone,2024-08-29,2024-08-29T23:57:06
rtlbmp_zone,2024-08-30,2024-08-30T23:57:04
rtlbmp_zone,2024-08-31,2024-08-31T23:57:06
rtlbmp_zone,2024-09-01,2024-09-01T23:57:06
rtlbmp_zone,2024-09-02,2024-09-02T23:57:04
rtlbmp_zone,2024-09-03,2024-09-03T23:57:06
rtlbmp_zone,2024-09-04,2024-09-04T23:57:06
rtlbmp_zone,2024-09-05,2024-09-05T23:57:04
rtlbmp_zone,2024-09-06,2024-09-06T23:57:06
rtlbmp_zone,2024-09-07,2024-09-07T23:57:06
rtlbmp_zone,2024-09-08,2024-09-08T23:57:08
rtlbmp_zone,2024-09-09,2024-09-09T23:57:08
rtlbmp_zone,2024-09-10,2024-09-10T23:57:08
rtlbmp_zone,2024-09-11,2024-09-12T00:02:06
rtlbmp_zone,2024-09-12,2024-09-12T23:57:06
rtlbmp_zone,2024-09-13,2024-09-13T23:57:06
rtlbmp_zone,2024-09-14,2024-09-14T23:57:06
rtlbmp_zone,2024-09-15,2024-09-15T23:57:06
rtlbmp_zone,2024-09-16,2024-09-16T23:57:06
rtlbmp_zone,2024-09-17,2024-09-20T16:55:08
rtlbmp_zone,2024-09-18,2024-09-18T23:57:08
rtlbmp_zone,2024-09-19,2024-09-19T23:57:08
rtlbmp_zone,2024-09-20,2024-09-20T23:57:06
rtlbmp_zone,2024-09-21,2024-09-21T23:57:06
rtlbmp_zone,2024-09-22,2024-09-22T23:57:06
rtlbmp_zone,2024-09-23,2024-09-23T23:57:08
rtlbmp_zone,2024-09-24,2024-09-24T23:57:06
rtlbmp_zone,2024-09-25,2024-09-26T00:02:08
rtlbmp_zone,2024-09-26,2024-09-26T23:57:06
rtlbmp_zone,2024-09-27,2024-09-27T23:57:06
rtlbmp_zone,2024-09-28,2024-09-28T23:57:06
rtlbmp_zone,2024-09-29,2024-09-29T23:57:08
rtlbmp_zone,2024-09-30,2024-09-30T23:57:06
rtlbmp_zone,2024-10-01,2024-10-01T23:57:06
rtlbmp_zone,2024-10-02,2024-10-02T23:57:06
rtlbmp_zone,2024-10-03,2024-10-03T23:57:06
rtlbmp_zone,2024-10-04,2024-10-04T23:57:08
rtlbmp_zone,2024-10-05,2024-10-05T23:57:06
rtlbmp_zone,2024-10-06,2024-10-06T23:57:08
rtlbmp_zone,2024-10-07,2024-10-07T23:57:08
rtlbmp_zone,2024-10-08,2024-10-11T12:57:08
rtlbmp_zone,2024-10-09,2024-10-10T02:01:08
rtlbmp_zone,2024-10-10,2024-10-10T23:57:06
rtlbmp_zone,2024-10-11,2024-10-11T23:57:06
rtlbmp_zone,2024-10-12,2024-10-12T23:57:06
rtlbmp_zone,2024-10-13,2024-10-13T23:57:06
rtlbmp_zone,2024-10-14,2024-10-17T15:55:14
rtlbmp_zone,2024-10-15,2024-10-15T23:57:08
rtlbmp_zone,2024-10-16,2024-10-18T16:55:08
rtlbmp_zone,2024-10-17,2024-10-17T23:57:06
rtlbmp_zone,2024-10-18,2024-10-18T23:57:06
rtlbmp_zone,2024-10-19,2024-10-19T23:57:06
rtlbmp_zone,2024-10-20,2024-10-20T23:57:04
rtlbmp_zone,2024-10-21,2024-10-21T23:57:08
rtlbmp_zone,2024-10-22,2024-10-22T23:57:06
rtlbmp_zone,2024-10-23,2024-10-23T23:57:08
rtlbmp_zone,2024-10-24,2024-10-24T23:57:06
rtlbmp_zone,2024-10-25,2024-10-25T23:57:06
rtlbmp_zone,2024-10-26,2024-10-26T23:57:06
rtlbmp_zone,2024-10-27,2024-10-27T23:57:10
rtlbmp_zone,2024-10-28,2024-10-28T23:57:08
rtlbmp_zone,2024-10-29,2024-10-29T23:57:06
rtlbmp_zone,2024-10-30,2024-10-30T23:57:10
rtlbmp_zone,2024-10-31,2024-10-31T23:57:06
rtlbmp_zone,2024-11-01,2024-11-01T23:57:06
rtlbmp_zone,2024-11-02,2024-11-02T23:57:06
rtlbmp_zone,2024-11-03,2024-11-04T00:03:20
rtlbmp_zone,2024-11-04,2024-11-04T23:57:08
rtlbmp_zone,2024-11-05,2024-11-05T23:57:10
rtlbmp_zone,2024-11-06,2024-11-06T23:57:04
rtlbmp_zone,2024-11-07,2024-11-07T23:57:08
rtlbmp_zone,2024-11-08,2024-11-08T23:57:06
rtlbmp_zone,2024-11-09,2024-11-09T23:57:06
rtlbmp_zone,2024-11-10,2024-11-10T23:57:06
rtlbmp_zone,2024-11-11,2024-11-11T23:57:06
rtlbmp_zone,2024-11-12,2024-11-12T23:57:06
rtlbmp_zone,2024-11-13,2024-11-13T23:57:08
rtlbmp_zone,2024-11-14,2024-11-14T23:57:08
rtlbmp_zone,2024-11-15,2024-11-15T23:57:06
rtlbmp_zone,2024-11-16,2024-11-16T23:57:08
rtlbmp_zone,2024-11-17,2024-11-17T23:57:06
rtlbmp_zone,2024-11-18,2024-11-18T23:57:06
rtlbmp_zone,2024-11-19,2024-11-19T23:57:06
rtlbmp_zone,2024-11-20,2024-11-20T23:57:04
rtlbmp_zone,2024-11-21,2024-11-21T23:57:08
rtlbmp_zone,2024-11-22,2024-11-22T23:57:06
rtlbmp_zone,2024-11-23,2024-11-23T23:57:06
rtlbmp_zone,2024-11-24,2024-11-24T23:57:08
rtlbmp_zone,2024-11-25,2024-11-25T23:57:06
rtlbmp_zone,2024-11-26,2024-11-26T23:57:08
rtlbmp_zone,2024-11-27,2024-11-27T23:57:08
rtlbmp_zone,2024-11-28,2024-11-28T23:57:06
rtlbmp_zone,2024-11-29,2024-11-29T23:57:06
rtlbmp_zone,2024-11-30,2024-11-30T23:57:06
rtlbmp_zone,2024-12-01,2024-12-01T23:57:06
rtlbmp_zone,2024-12-02,2024-12-02T23:57:06
rtlbmp_zone,2024-12-03,2024-12-03T23:57:04
rtlbmp_zone,2024-12-04,2024-12-04T23:57:06
rtlbmp_zone,2024-12-05,2024-12-05T23:57:08
rtlbmp_zone,2024-12-06,2024-12-06T23:57:06
rtlbmp_zone,2024-12-07,2024-12-07T23:57:06
rtlbmp_zone,2024-12-08,2024-12-08T23:57:06
rtlbmp_zone,2024-12-09,2024-12-09T23:57:08
rtlbmp_zone,2024-12-10,2024-12-10T23:57:08
rtlbmp_zone,2024-12-11,2024-12-11T23:57:06
rtlbmp_zone,2024-12-12,2024-12-12T23:57:06
rtlbmp_zone,2024-12-13,2024-12-13T23:57:06
rtlbmp_zone,2024-12-14,2024-12-14T23:57:08
rtlbmp_zone,2024-12-15,2024-12-15T23:57:06
rtlbmp_zone,2024-12-16,2024-12-16T23:57:04
rtlbmp_zone,2024-12-17,2024-12-17T23:57:06
rtlbmp_zone,2024-12-18,2024-12-18T23:57:06
rtlbmp_zone,2024-12-19,2024-12-19T23:57:06
rtlbmp_zone,2024-12-20,2024-12-20T23:57:04
rtlbmp_zone,2024-12-21,2024-12-22T00:04:04
rtlbmp_zone,2024-12-22,2024-12-22T23:57:06
rtlbmp_zone,2024-12-23,2024-12-27T15:55:08
rtlbmp_zone,2024-12-24,2024-12-24T23:57:08
rtlbmp_zone,2024-12-25,2024-12-25T23:57:06
rtlbmp_zone,2024-12-26,2024-12-26T23:57:06
rtlbmp_zone,2024-12-27,2024-12-27T23:57:06
rtlbmp_zone,2024-12-28,2024-12-28T23:57:06
rtlbmp_zone,2024-12-29,2024-12-30T00:02:10
rtlbmp_zone,2024-12-30,2024-12-30T23:57:06
rtlbmp_zone,2024-12-31,2024-12-31T23:57:06
rtlbmp_zone,2025-01-01,2025-01-01T23:57:06
rtlbmp_zone,2025-01-02,2025-01-02T23:57:06
rtlbmp_zone,2025-01-03,2025-01-03T23:57:06
rtlbmp_zone,2025-01-04,2025-01-08T17:55:10
rtlbmp_zone,2025-01-05,2025-01-05T23:57:08
rtlbmp_zone,2025-01-06,2025-01-06T23:57:06
rtlbmp_zone,2025-01-07,2025-01-07T23:57:06
rtlbmp_zone,2025-01-08,2025-01-08T23:57:06
rtlbmp_zone,2025-01-09,2025-01-09T23:57:06
rtlbmp_zone,2025-01-10,2025-01-10T23:57:06
rtlbmp_zone,2025-01-11,2025-01-11T23:57:06
rtlbmp_zone,2025-01-12,2025-01-12T23:57:08
rtlbmp_zone,2025-01-13,2025-01-13T23:57:06
rtlbmp_zone,2025-01-14,2025-01-14T23:57:08
rtlbmp_zone,2025-01-15,2025-01-15T23:57:06
rtlbmp_zone,2025-01-16,2025-01-16T23:57:06
rtlbmp_zone,2025-01-17,2025-01-17T23:57:08
rtlbmp_zone,2025-01-18,2025-01-18T23:57:08
rtlbmp_zone,2025-01-19,2025-01-19T23:57:04
rtlbmp_zone,2025-01-20,2025-01-20T23:57:06
rtlbmp_zone,2025-01-21,2025-01-21T23:57:04
rtlbmp_zone,2025-01-22,2025-01-22T23:57:06
rtlbmp_zone,2025-01-23,2025-01-23T23:57:06
rtlbmp_zone,2025-01-24,2025-01-24T23:57:06
rtlbmp_zone,2025-01-25,2025-01-25T23:57:08
rtlbmp_zone,2025-01-26,2025-01-26T23:57:06
rtlbmp_zone,2025-01-27,2025-01-27T23:57:06
rtlbmp_zone,2025-01-28,2025-01-28T23:57:06
rtlbmp_zone,2025-01-29,2025-01-29T23:57:06
rtlbmp_zone,2025-01-30,2025-01-30T23:57:06
rtlbmp_zone,2025-01-31,2025-01-31T23:57:06
rtlbmp_zone,2025-02-01,2025-02-01T23:57:08
rtlbmp_zone,2025-02-02,2025-02-02T23:57:06
rtlbmp_zone,2025-02-03,2025-02-03T23:57:06
rtlbmp_zone,2025-02-04,2025-02-04T23:57:06
rtlbmp_zone,2025-02-05,2025-02-05T23:57:04
rtlbmp_zone,2025-02-06,2025-02-06T23:57:06
rtlbmp_zone,2025-02-07,2025-02-07T23:57:06
rtlbmp_zone,2025-02-08,2025-02-08T23:57:06
rtlbmp_zone,2025-02-09,2025-02-09T23:57:06
rtlbmp_zone,2025-02-10,2025-02-10T23:57:06
rtlbmp_zone,2025-02-11,2025-02-11T23:57:08
rtlbmp_zone,2025-02-12,2025-02-12T23:57:06
rtlbmp_zone,2025-02-13,2025-02-13T23:57:08
rtlbmp_zone,2025-02-14,2025-02-15T00:02:10
rtlbmp_zone,2025-02-15,2025-02-15T23:57:06
rtlbmp_zone,2025-02-16,2025-02-16T23:57:04
rtlbmp_zone,2025-02-17,2025-02-17T23:57:06
rtlbmp_zone,2025-02-18,2025-02-18T23:57:06
rtlbmp_zone,2025-02-19,2025-02-19T23:57:06
rtlbmp_zone,2025-02-20,2025-02-20T23:57:06
rtlbmp_zone,2025-02-21,2025-02-21T23:57:06
rtlbmp_zone,2025-02-22,2025-02-22T23:57:06
rtlbmp_zone,2025-02-23,2025-02-23T23:57:10
rtlbmp_zone,2025-02-24,2025-02-24T23:57:10
rtlbmp_zone,2025-02-25,2025-02-25T23:57:08
rtlbmp_zone,2025-02-26,2025-02-26T23:57:08
rtlbmp_zone,2025-02-27,2025-02-27T23:57:08
rtlbmp_zone,2025-02-28,2025-02-28T23:57:06
rtlbmp_zone,2025-03-01,2025-03-01T23:57:06
rtlbmp_zone,2025-03-02,2025-03-02T23:57:08
rtlbmp_zone,2025-03-03,2025-03-03T23:57:06
rtlbmp_zone,2025-03-04,2025-03-04T23:57:06
rtlbmp_zone,2025-03-05,2025-03-05T23:57:06
rtlbmp_zone,2025-03-06,2025-03-11T12:55:10
rtlbmp_zone,2025-03-07,2025-03-07T23:57:06
rtlbmp_zone,2025-03-08,2025-03-08T23:57:04
rtlbmp_zone,2025-03-09,2025-03-09T23:57:06
rtlbmp_zone,2025-03-10,2025-03-10T23:57:04
rtlbmp_zone,2025-03-11,2025-03-11T23:57:06
rtlbmp_zone,2025-03-12,2025-03-12T23:57:06
rtlbmp_zone,2025-03-13,2025-03-13T23:57:06
rtlbmp_zone,2025-03-14,2025-03-14T23:57:06
rtlbmp_zone,2025-03-15,2025-03-15T23:57:08
rtlbmp_zone,2025-03-16,2025-03-16T23:57:08
rtlbmp_zone,2025-03-17,2025-03-17T23:57:04
rtlbmp_zone,2025-03-18,2025-03-18T23:57:10
rtlbmp_zone,2025-03-19,2025-03-19T23:57:08
rtlbmp_zone,2025-03-20,2025-03-20T23:57:06
rtlbmp_zone,2025-03-21,2025-03-21T23:57:06
rtlbmp_zone,2025-03-22,2025-03-22T23:57:06
rtlbmp_zone,2025-03-23,2025-03-23T23:57:06
rtlbmp_zone,2025-03-24,2025-03-24T23:57:06
rtlbmp_zone,2025-03-25,2025-03-25T23:57:04
rtlbmp_zone,2025-03-26,2025-03-26T23:57:04
rtlbmp_zone,2025-03-27,2025-03-27T23:57:06
rtlbmp_zone,2025-03-28,2025-03-28T23:57:06
rtlbmp_zone,2025-03-29,2025-03-29T23:57:08
rtlbmp_zone,2025-03-30,2025-03-30T23:57:06
rtlbmp_zone,2025-03-31,2025-03-31T23:57:06
rtlbmp_zone,2025-04-01,2025-04-01T23:57:06
rtlbmp_zone,2025-04-02,2025-04-02T23:57:06
rtlbmp_zone,2025-04-03,2025-04-03T23:57:06
rtlbmp_zone,2025-04-04,2025-04-04T23:57:06
rtlbmp_zone,2025-04-05,2025-04-05T23:57:10
rtlbmp_zone,2025-04-06,2025-04-07T00:02:08
rtlbmp_zone,2025-04-07,2025-04-07T23:57:08
rtlbmp_zone,2025-04-08,2025-04-11T14:55:12
rtlbmp_zone,2025-04-09,2025-04-09T23:57:06
rtlbmp_zone,2025-04-10,2025-04-10T23:57:08
rtlbmp_zone,2025-04-11,2025-04-11T23:57:06
rtlbmp_zone,2025-04-12,2025-04-12T23:57:06
rtlbmp_zone,2025-04-13,2025-04-13T23:57:06
rtlbmp_zone,2025-04-14,2025-04-14T23:57:06
rtlbmp_zone,2025-04-15,2025-04-15T23:57:08
rtlbmp_zone,2025-04-16,2025-04-16T23:57:06
rtlbmp_zone,2025-04-17,2025-04-17T23:57:06
rtlbmp_zone,2025-04-18,2025-04-18T23:57:06
rtlbmp_zone,2025-04-19,2025-04-19T23:57:06
rtlbmp_zone,2025-04-20,2025-04-20T23:57:06
rtlbmp_zone,2025-04-21,2025-04-21T23:57:08
rtlbmp_zone,2025-04-22,2025-04-22T23:57:08
rtlbmp_zone,2025-04-23,2025-04-23T23:57:06
rtlbmp_zone,2025-04-24,2025-04-24T23:57:06
rtlbmp_zone,2025-04-25,2025-04-25T23:57:08
rtlbmp_zone,2025-04-26,2025-04-26T23:57:06
rtlbmp_zone,2025-04-27,2025-04-27T23:57:10
rtlbmp_zone,2025-04-28,2025-04-28T23:57:04
rtlbmp_zone,2025-04-29,2025-04-29T23:57:08
rtlbmp_zone,2025-04-30,2025-04-30T23:57:08
rtlbmp_zone,2025-05-01,2025-05-01T23:57:10
rtlbmp_zone,2025-05-02,2025-05-02T23:57:06
rtlbmp_zone,2025-05-03,2025-05-03T23:57:08
rtlbmp_zone,2025-05-04,2025-05-04T23:57:10
rtlbmp_zone,2025-05-05,2025-05-06T00:02:10
rtlbmp_zone,2025-05-06,2025-05-06T23:57:10
rtlbmp_zone,2025-05-07,2025-05-07T23:57:10
rtlbmp_zone,2025-05-08,2025-05-08T23:57:10
rtlbmp_zone,2025-05-09,2025-05-09T23:57:06
rtlbmp_zone,2025-05-10,2025-05-10T23:57:06
rtlbmp_zone,2025-05-11,2025-05-11T23:57:08
rtlbmp_zone,2025-05-12,2025-05-12T23:57:06
rtlbmp_zone,2025-05-13,2025-05-13T23:57:06
rtlbmp_zone,2025-05-14,2025-05-14T23:57:06
rtlbmp_zone,2025-05-15,2025-05-15T23:57:06
rtlbmp_zone,2025-05-16,2025-05-16T23:57:06
rtlbmp_zone,2025-05-17,2025-05-17T23:57:06
rtlbmp_zone,2025-05-18,2025-05-18T23:57:06
rtlbmp_zone,2025-05-19,2025-05-22T16:55:12
rtlbmp_zone,2025-05-20,2025-05-20T23:57:06
rtlbmp_zone,2025-05-21,2025-05-21T23:57:06
rtlbmp_zone,2025-05-22,2025-05-22T23:56:04
rtlbmp_zone,2025-05-23,2025-05-23T23:57:06
rtlbmp_zone,2025-05-24,2025-05-24T23:57:06
rtlbmp_zone,2025-05-25,2025-05-25T23:57:06
rtlbmp_zone,2025-05-26,2025-05-26T23:57:08
rtlbmp_zone,2025-05-27,2025-07-17T14:23:10
rtlbmp_zone,2025-05-28,2025-07-17T14:23:38
rtlbmp_zone,2025-05-29,2025-07-17T14:24:00
rtlbmp_zone,2025-05-30,2025-05-30T23:58:14
rtlbmp_zone,2025-05-31,2025-05-31T23:57:08
rtlbmp_zone,2025-06-01,2025-06-09T13:58:24
rtlbmp_zone,2025-06-02,2025-06-06T11:55:10
rtlbmp_zone,2025-06-03,2025-06-09T13:58:26
rtlbmp_zone,2025-06-04,2025-06-04T23:57:20
rtlbmp_zone,2025-06-05,2025-06-05T23:57:08
rtlbmp_zone,2025-06-06,2025-06-06T23:57:06
rtlbmp_zone,2025-06-07,2025-06-07T23:57:08
rtlbmp_zone,2025-06-08,2025-06-09T00:02:08
rtlbmp_zone,2025-06-09,2025-07-18T15:51:02
rtlbmp_zone,2025-06-10,2025-07-07T11:23:28
rtlbmp_zone,2025-06-11,2025-07-07T11:24:30
rtlbmp_zone,2025-06-12,2025-06-12T23:57:06
rtlbmp_zone,2025-06-13,2025-06-13T23:57:10
rtlbmp_zone,2025-06-14,2025-06-14T23:57:06
rtlbmp_zone,2025-06-15,2025-06-15T23:57:06
rtlbmp_zone,2025-06-16,2025-06-16T23:57:08
rtlbmp_zone,2025-06-17,2025-06-17T23:57:06
rtlbmp_zone,2025-06-18,2025-06-18T23:57:04
rtlbmp_zone,2025-06-19,2025-06-19T23:57:06
rtlbmp_zone,2025-06-20,2025-06-20T23:57:06
rtlbmp_zone,2025-06-21,2025-06-21T23:57:06
rtlbmp_zone,2025-06-22,2025-06-22T23:57:06
rtlbmp_zone,2025-06-23,2025-06-23T23:57:08
rtlbmp_zone,2025-06-24,2025-06-24T23:57:06
rtlbmp_zone,2025-06-25,2025-06-25T23:57:06
rtlbmp_zone,2025-06-26,2025-07-01T10:55:10
rtlbmp_zone,2025-06-27,2025-06-28T00:02:10
rtlbmp_zone,2025-06-28,2025-06-28T23:57:08
rtlbmp_zone,2025-06-29,2025-06-29T23:57:06
rtlbmp_zone,2025-06-30,2025-07-01T00:55:08
rtlbmp_zone,2025-07-01,2025-07-07T18:55:10
rtlbmp_zone,2025-07-02,2025-07-02T23:57:04
rtlbmp_zone,2025-07-03,2025-07-03T23:57:06
rtlbmp_zone,2025-07-04,2025-07-04T23:57:08
rtlbmp_zone,2025-07-05,2025-07-05T23:57:06
rtlbmp_zone,2025-07-06,2025-07-06T23:57:06
rtlbmp_zone,2025-07-07,2025-07-07T23:57:08
rtlbmp_zone,2025-07-08,2025-07-08T23:57:06
rtlbmp_zone,2025-07-09,2025-07-09T23:57:08
rtlbmp_zone,2025-07-10,2025-07-10T23:57:06
rtlbmp_zone,2025-07-11,2025-07-11T23:57:04
rtlbmp_zone,2025-07-12,2025-07-12T23:57:06
rtlbmp_zone,2025-07-13,2025-07-13T23:57:42
rtlbmp_zone,2025-07-14,2025-07-14T23:57:06
rtlbmp_zone,2025-07-15,2025-07-15T23:57:08
rtlbmp_zone,2025-07-16,2025-07-16T23:57:08
rtlbmp_zone,2025-07-17,2025-07-17T23:57:06
rtlbmp_zone,2025-07-18,2025-07-18T23:57:08
rtlbmp_zone,2025-07-19,2025-07-19T23:57:06
rtlbmp_zone,2025-07-20,2025-07-20T23:57:08
rtlbmp_zone,2025-07-21,2025-07-21T23:57:08
rtlbmp_zone,2025-07-22,2025-07-22T23:57:08
rtlbmp_zone,2025-07-23,2025-07-23T23:57:10
rtlbmp_zone,2025-07-24,2025-07-24T23:57:06
rtlbmp_zone,2025-07-25,2025-07-25T23:57:08
rtlbmp_zone,2025-07-26,2025-07-26T23:57:06
rtlbmp_zone,2025-07-27,2025-07-27T23:57:06
rtlbmp_zone,2025-07-28,2025-07-28T23:57:06
rtlbmp_zone,2025-07-29,2025-07-29T23:57:06
rtlbmp_zone,2025-07-30,2025-07-30T23:57:08
rtlbmp_zone,2025-07-31,2025-07-31T23:57:06
rtlbmp_zone,2025-08-01,2025-08-01T23:57:08
rtlbmp_zone,2025-08-02,2025-08-02T23:57:06
rtlbmp_zone,2025-08-03,2025-08-03T23:57:06
rtlbmp_zone,2025-08-04,2025-08-04T23:57:06
rtlbmp_zone,2025-08-05,2025-08-05T23:57:06
rtlbmp_zone,2025-08-06,2025-08-06T23:57:06
rtlbmp_zone,2025-08-07,2025-08-07T23:57:06
rtlbmp_zone,2025-08-08,2025-08-08T23:57:06
rtlbmp_zone,2025-08-09,2025-08-09T23:57:06
rtlbmp_zone,2025-08-10,2025-08-10T23:57:08
rtlbmp_zone,2025-08-11,2025-08-11T23:57:06
rtlbmp_zone,2025-08-12,2025-08-12T23:57:08
rtlbmp_zone,2025-08-13,2025-08-13T23:57:06
rtlbmp_zone,2025-08-14,2025-08-14T23:57:08
rtlbmp_zone,2025-08-15,2025-08-15T23:57:10
rtlbmp_zone,2025-08-16,2025-08-16T23:57:06
rtlbmp_zone,2025-08-17,2025-08-17T23:57:08
rtlbmp_zone,2025-08-18,2025-08-18T23:57:06
rtlbmp_zone,2025-08-19,2025-08-19T23:57:06
rtlbmp_zone,2025-08-20,2025-08-20T23:57:08
rtlbmp_zone,2025-08-21,2025-08-21T23:57:06
rtlbmp_zone,2025-08-22,2025-08-22T23:57:08
rtlbmp_zone,2025-08-23,2025-08-23T23:57:06
rtlbmp_zone,2025-08-24,2025-08-24T23:57:06
rtlbmp_zone,2025-08-25,2025-08-25T23:57:06
rtlbmp_zone,2025-08-26,2025-08-27T00:02:10
rtlbmp_zone,2025-08-27,2025-08-27T23:57:06
rtlbmp_zone,2025-08-28,2025-08-28T23:57:06
rtlbmp_zone,2025-08-29,2025-08-29T23:57:08
rtlbmp_zone,2025-08-30,2025-08-30T23:57:06
rtlbmp_zone,2025-08-31,2025-08-31T23:57:08
rtlbmp_zone,2025-09-01,2025-10-01T18:31:24
rtlbmp_zone,2025-09-02,2025-10-01T18:31:48
rtlbmp_zone,2025-09-03,2025-10-01T18:32:06
rtlbmp_zone,2025-09-04,2025-10-01T18:32:24
rtlbmp_zone,2025-09-05,2025-10-02T08:42:12
rtlbmp_zone,2025-09-06,2025-10-01T18:32:56
rtlbmp_zone,2025-09-07,2025-10-01T18:33:14
rtlbmp_zone,2025-09-08,2025-10-01T18:33:42
rtlbmp_zone,2025-09-09,2025-10-01T18:33:58
rtlbmp_zone,2025-09-10,2025-10-02T08:43:06
rtlbmp_zone,2025-09-11,2025-10-01T18:35:28
rtlbmp_zone,2025-09-12,2025-10-01T18:35:44
rtlbmp_zone,2025-09-13,2025-10-02T08:43:56
rtlbmp_zone,2025-09-14,2025-10-01T18:38:44
rtlbmp_zone,2025-09-15,2025-10-01T18:38:58
rtlbmp_zone,2025-09-16,2025-10-01T18:39:16
rtlbmp_zone,2025-09-17,2025-10-01T18:39:34
rtlbmp_zone,2025-09-18,2025-09-23T14:55:08
rtlbmp_zone,2025-09-19,2025-10-03T10:18:24
rtlbmp_zone,2025-09-20,2025-10-03T09:47:52
rtlbmp_zone,2025-09-21,2025-10-03T09:48:18
rtlbmp_zone,2025-09-22,2025-09-22T23:57:04
rtlbmp_zone,2025-09-23,2025-09-23T23:57:06
rtlbmp_zone,2025-09-24,2025-09-24T23:57:12
rtlbmp_zone,2025-09-25,2025-09-25T23:57:06
rtlbmp_zone,2025-09-26,2025-09-26T23:57:08
rtlbmp_zone,2025-09-27,2025-09-27T23:57:06
rtlbmp_zone,2025-09-28,2025-09-28T23:57:06
rtlbmp_zone,2025-09-29,2025-10-02T16:07:10
rtlbmp_zone,2025-09-30,2025-09-30T23:57:06
rtlbmp_zone,2025-10-01,2025-10-01T23:57:06
rtlbmp_zone,2025-10-02,2025-10-02T23:57:08
rtlbmp_zone,2025-10-03,2025-10-07T15:59:06
rtlbmp_zone,2025-10-04,2025-10-04T23:57:06
rtlbmp_zone,2025-10-05,2025-10-05T23:57:06
rtlbmp_zone,2025-10-06,2025-10-06T23:57:06
rtlbmp_zone,2025-10-07,2025-10-07T23:57:06
rtlbmp_zone,2025-10-08,2025-10-08T23:57:06
rtlbmp_zone,2025-10-09,2025-10-10T02:01:06
rtlbmp_zone,2025-10-10,2025-10-10T23:57:06
rtlbmp_zone,2025-10-11,2025-10-11T23:57:08
rtlbmp_zone,2025-10-12,2025-10-12T23:57:08
rtlbmp_zone,2025-10-13,2025-10-13T23:57:08
rtlbmp_zone,2025-10-14,2025-10-14T23:57:06
rtlbmp_zone,2025-10-15,2025-10-15T23:57:06
rtlbmp_zone,2025-10-16,2025-10-16T23:57:08
rtlbmp_zone,2025-10-17,2025-10-17T23:57:06
rtlbmp_zone,2025-10-18,2025-10-18T23:57:08
rtlbmp_zone,2025-10-19,2025-10-19T23:57:06
rtlbmp_zone,2025-10-20,2025-10-20T23:57:08
rtlbmp_zone,2025-10-21,2025-10-21T23:57:08
rtlbmp_zone,2025-10-22,2025-10-22T23:57:06
rtlbmp_zone,2025-10-23,2025-10-23T23:57:06
rtlbmp_zone,2025-10-24,2025-10-24T23:57:06
rtlbmp_zone,2025-10-25,2025-10-25T23:57:06
rtlbmp_zone,2025-10-26,2025-10-26T23:57:06
rtlbmp_zone,2025-10-27,2025-10-27T23:57:06
rtlbmp_zone,2025-10-28,2025-10-28T23:57:06
rtlbmp_zone,2025-10-29,2025-10-29T23:57:06
rtlbmp_zone,2025-10-30,2025-10-30T23:57:10
rtlbmp_zone,2025-10-31,2025-10-31T23:57:06
rtlbmp_zone,2025-11-01,2025-11-01T23:57:06
rtlbmp_zone,2025-11-02,2025-11-03T00:05:08
rtlbmp_zone,2025-11-03,2025-11-03T23:57:08
rtlbmp_zone,2025-11-04,2025-11-04T23:57:06
rtlbmp_zone,2025-11-05,2025-11-05T23:57:08
rtlbmp_zone,2025-11-06,2025-11-06T23:57:08
rtlbmp_zone,2025-11-07,2025-11-07T23:57:06
rtlbmp_zone,2025-11-08,2025-11-08T23:57:06
rtlbmp_zone,2025-11-09,2025-11-09T23:57:06
rtlbmp_zone,2025-11-10,2025-11-10T23:57:06
rtlbmp_zone,2025-11-11,2025-11-11T23:57:06
rtlbmp_zone,2025-11-12,2025-11-12T23:57:08
rtlbmp_zone,2025-11-13,2025-11-13T23:57:08
rtlbmp_zone,2025-11-14,2025-11-14T23:57:06
rtlbmp_zone,2025-11-15,2025-11-15T23:57:06
rtlbmp_zone,2025-11-16,2025-11-16T23:57:06
rtlbmp_zone,2025-11-17,2025-11-17T23:57:06
rtlbmp_zone,2025-11-18,2025-11-18T23:57:04
rtlbmp_zone,2025-11-19,2025-11-19T23:57:06
rtlbmp_zone,2025-11-20,2025-11-25T13:55:08
rtlbmp_zone,2025-11-21,2025-11-21T23:57:06
rtlbmp_zone,2025-11-22,2025-11-22T23:57:04
rtlbmp_zone,2025-11-23,2025-11-23T23:57:10
rtlbmp_zone,2025-11-24,2025-11-24T23:57:06
rtlbmp_zone,2025-11-25,2025-11-25T23:57:04
rtlbmp_zone,2025-11-26,2025-11-26T23:57:06
rtlbmp_zone,2025-11-27,2025-11-27T23:57:04
rtlbmp_zone,2025-11-28,2025-11-28T23:57:06
rtlbmp_zone,2025-11-29,2025-11-29T23:57:04
rtlbmp_zone,2025-11-30,2025-11-30T23:57:04
rtlbmp_zone,2025-12-01,2025-12-01T23:57:06
rtlbmp_zone,2025-12-02,2025-12-05T15:06:06
rtlbmp_zone,2025-12-03,2025-12-03T23:57:04
rtlbmp_zone,2025-12-04,2025-12-04T23:57:04
rtlbmp_zone,2025-12-05,2025-12-10T17:55:08
rtlbmp_zone,2025-12-06,2025-12-06T23:57:06
rtlbmp_zone,2025-12-07,2025-12-07T23:57:06
rtlbmp_zone,2025-12-08,2025-12-08T23:57:06
rtlbmp_zone,2025-12-09,2025-12-09T23:57:06
rtlbmp_zone,2025-12-10,2025-12-10T23:57:04
rtlbmp_zone,2025-12-11,2025-12-12T00:55:08
rtlbmp_zone,2025-12-12,2025-12-13T00:02:08
rtlbmp_zone,2025-12-13,2025-12-13T23:57:06
rtlbmp_zone,2025-12-14,2025-12-14T23:57:04
rtlbmp_zone,2025-12-15,2025-12-15T23:57:06
rtlbmp_zone,2025-12-16,2025-12-16T23:57:04
rtlbmp_zone,2025-12-17,2025-12-17T23:57:04
rtlbmp_zone,2025-12-18,2025-12-18T23:57:04
rtlbmp_zone,2025-12-19,2025-12-19T23:57:04
rtlbmp_zone,2025-12-20,2025-12-20T23:57:06
rtlbmp_zone,2025-12-21,2025-12-21T23:57:06
rtlbmp_zone,2025-12-22,2025-12-22T23:57:04
rtlbmp_zone,2025-12-23,2025-12-23T23:57:08
rtlbmp_zone,2025-12-24,2025-12-24T23:57:08
rtlbmp_zone,2025-12-25,2025-12-25T23:57:06
rtlbmp_zone,2025-12-26,2025-12-26T23:57:06
rtlbmp_zone,2025-12-27,2025-12-27T23:57:04
rtlbmp_zone,2025-12-28,2025-12-28T23:57:06
rtlbmp_zone,2025-12-29,2025-12-29T23:57:04
rtlbmp_zone,2025-12-30,2025-12-30T23:57:06
rtlbmp_zone,2025-12-31,2025-12-31T23:57:06
rtlbmp_zone,2026-01-01,2026-01-01T23:57:06
rtlbmp_zone,2026-01-02,2026-01-02T23:57:06
rtlbmp_zone,2026-01-03,2026-01-03T23:57:04
rtlbmp_zone,2026-01-04,2026-01-04T23:57:06
rtlbmp_zone,2026-01-05,2026-01-08T17:00:08
rtlbmp_zone,2026-01-06,2026-01-06T23:57:04
rtlbmp_zone,2026-01-07,2026-01-07T23:57:04
rtlbmp_zone,2026-01-08,2026-01-08T23:57:06
rtlbmp_zone,2026-01-09,2026-01-09T23:57:04
rtlbmp_zone,2026-01-10,2026-01-10T23:57:04
rtlbmp_zone,2026-01-11,2026-01-11T23:57:08
rtlbmp_zone,2026-01-12,2026-01-12T23:57:04
rtlbmp_zone,2026-01-13,2026-01-13T23:57:06
rtlbmp_zone,2026-01-14,2026-01-14T23:57:04
rtlbmp_zone,2026-01-15,2026-01-15T23:57:06
rtlbmp_zone,2026-01-16,2026-01-16T23:57:06
rtlbmp_zone,2026-01-17,2026-01-17T23:57:04
rtlbmp_zone,2026-01-18,2026-01-18T23:57:06
rtlbmp_zone,2026-01-19,2026-01-19T23:57:04
rtlbmp_zone,2026-01-20,2026-01-20T23:57:06
rtlbmp_zone,2026-01-21,2026-01-26T14:55:08
rtlbmp_zone,2026-01-22,2026-01-22T23:57:08
rtlbmp_zone,2026-01-23,2026-01-24T00:03:06
rtlbmp_zone,2026-01-24,2026-01-24T23:57:04
rtlbmp_zone,2026-01-25,2026-01-25T23:57:06
rtlbmp_zone,2026-01-26,2026-01-26T23:57:06
rtlbmp_zone,2026-01-27,2026-01-28T02:01:06
rtlbmp_zone,2026-01-28,2026-01-29T00:02:08
rtlbmp_zone,2026-01-29,2026-01-29T23:57:06
rtlbmp_zone,2026-01-30,2026-01-30T23:57:04
rtlbmp_zone,2026-01-31,2026-01-31T23:57:04
rtlbmp_zone,2026-02-01,2026-02-01T23:57:06
rtlbmp_zone,2026-02-02,2026-02-02T23:57:04
rtlbmp_zone,2026-02-03,2026-02-03T23:57:04
rtlbmp_zone,2026-02-04,2026-02-04T23:57:04
rtlbmp_zone,2026-02-05,2026-02-05T23:57:04
rtlbmp_zone,2026-02-06,2026-02-06T23:57:06
rtlbmp_zone,2026-02-07,2026-02-07T23:57:04
rtlbmp_zone,2026-02-08,2026-02-08T23:57:04
rtlbmp_zone,2026-02-09,2026-02-09T23:57:06
rtlbmp_zone,2026-02-10,2026-02-10T23:57:04
rtlbmp_zone,2026-02-11,2026-02-11T23:57:06
rtlbmp_zone,2026-02-12,2026-02-12T23:57:06
rtlbmp_zone,2026-02-13,2026-02-13T23:57:04
rtlbmp_zone,2026-02-14,2026-02-14T23:57:06
rtlbmp_zone,2026-02-15,2026-02-15T23:57:06
rtlbmp_zone,2026-02-16,2026-02-16T23:57:06
rtlbmp_zone,2026-02-17,2026-02-17T23:57:04
rtlbmp_zone,2026-02-18,2026-02-18T23:57:06
rtlbmp_zone,2026-02-19,2026-02-19T23:57:04
rtlbmp_zone,2026-02-20,2026-02-20T23:57:06
rtlbmp_zone,2026-02-21,2026-02-21T23:57:04
rtlbmp_zone,2026-02-22,2026-02-22T23:57:04
rtlbmp_zone,2026-02-23,2026-02-23T23:57:06
rtlbmp_zone,2026-02-24,2026-02-24T23:57:06
rtlbmp_zone,2026-02-25,2026-02-25T23:57:08
rtlbmp_zone,2026-02-26,2026-02-26T23:57:04
rtlbmp_zone,2026-02-27,2026-02-27T23:57:06
rtlbmp_zone,2026-02-28,2026-02-28T23:57:06
rtlbmp_zone,2026-03-01,2026-03-01T23:57:04
rtlbmp_zone,2026-03-02,2026-03-02T23:57:04
rtlbmp_zone,2026-03-03,2026-03-03T23:57:04
rtlbmp_zone,2026-03-04,2026-03-04T23:57:04
rtlbmp_zone,2026-03-05,2026-03-05T23:57:04
rtlbmp_zone,2026-03-06,2026-03-06T23:57:04
rtlbmp_zone,2026-03-07,2026-03-07T23:57:04
rtlbmp_zone,2026-03-08,2026-03-08T23:57:06
rtlbmp_zone,2026-03-09,2026-03-09T23:57:04
rtlbmp_zone,2026-03-10,2026-03-10T23:57:04
rtlbmp_zone,2026-03-11,2026-03-11T23:57:06
rtlbmp_zone,2026-03-12,2026-03-17T17:55:10
rtlbmp_zone,2026-03-13,2026-03-17T17:55:14
rtlbmp_zone,2026-03-14,2026-03-14T23:57:06
rtlbmp_zone,2026-03-15,2026-03-15T23:57:06
rtlbmp_zone,2026-03-16,2026-03-17T00:07:38
rtlbmp_zone,2026-03-17,2026-03-17T23:57:04
rtlbmp_zone,2026-03-18,2026-03-18T23:57:06
rtlbmp_zone,2026-03-19,2026-03-19T23:57:04
rtlbmp_zone,2026-03-20,2026-03-20T23:57:04
rtlbmp_zone,2026-03-21,2026-03-21T23:57:06
rtlbmp_zone,2026-03-22,2026-03-22T23:57:06
rtlbmp_zone,2026-03-23,2026-03-23T23:57:06
rtlbmp_zone,2026-03-24,2026-03-24T23:57:08
rtlbmp_zone,2026-03-25,2026-03-25T23:57:06
rtlbmp_zone,2026-03-26,2026-03-26T23:57:06
rtlbmp_zone,2026-03-27,2026-03-27T23:57:06
rtlbmp_zone,2026-03-28,2026-03-28T23:57:06
rtlbmp_zone,2026-03-29,2026-03-29T23:57:06
rtlbmp_zone,2026-03-30,2026-03-31T11:30:42
rtlbmp_zone,2026-03-31,2026-03-31T23:57:04
rtlbmp_zone,2026-04-01,2026-04-01T23:57:06
rtlbmp_zone,2026-04-02,2026-04-02T23:57:04
rtlbmp_zone,2026-04-03,2026-04-03T23:57:04
rtlbmp_zone,2026-04-04,2026-04-04T23:57:04
rtlbmp_zone,2026-04-05,2026-04-05T23:57:04
rtlbmp_zone,2026-04-06,2026-04-06T23:57:04
rtlbmp_zone,2026-04-07,2026-04-07T23:57:06
rtlbmp_zone,2026-04-08,2026-04-08T23:57:04
rtlbmp_zone,2026-04-09,2026-04-09T23:57:06
rtlbmp_zone,2026-04-10,2026-04-10T23:57:06
rtlbmp_zone,2026-04-11,2026-04-11T23:57:04
rtlbmp_zone,2026-04-12,2026-04-12T23:57:06
rtlbmp_zone,2026-04-13,2026-04-13T23:57:04
rtlbmp_zone,2026-04-14,2026-04-14T23:57:06
rtlbmp_zone,2026-04-15,2026-04-15T23:57:04
rtlbmp_zone,2026-04-16,2026-04-16T23:57:06
rtlbmp_zone,2026-04-17,2026-04-17T23:57:04
rtlbmp_zone,2026-04-18,2026-04-18T23:57:04
rtlbmp_zone,2026-04-19,2026-04-19T23:57:04
rtlbmp_zone,2026-04-20,2026-04-20T23:57:06
rtlbmp_zone,2026-04-21,2026-04-21T23:57:06
rtlbmp_zone,2026-04-22,2026-04-22T23:57:06
rtlbmp_zone,2026-04-23,2026-04-27T17:55:06
rtlbmp_zone,2026-04-24,2026-04-24T23:57:06
rtlbmp_zone,2026-04-25,2026-04-25T23:57:08
rtlbmp_zone,2026-04-26,2026-04-27T00:02:08
rtlbmp_zone,2026-04-27,2026-04-27T23:57:06
rtlbmp_zone,2026-04-28,2026-04-28T23:57:04
rtlbmp_zone,2026-04-29,2026-04-29T23:57:06
rtlbmp_zone,2026-04-30,2026-04-30T23:57:06
rtlbmp_zone,2026-05-01,2026-05-01T23:57:04
rtlbmp_zone,2026-05-02,2026-05-02T23:57:06
rtlbmp_zone,2026-05-03,2026-05-03T23:57:04
rtlbmp_zone,2026-05-04,2026-05-04T23:57:06
rtlbmp_zone,2026-05-05,2026-05-05T23:57:04
rtlbmp_zone,2026-05-06,2026-05-06T23:57:06
rtlbmp_zone,2026-05-07,2026-05-07T23:57:06
rtlbmp_zone,2026-05-08,2026-05-08T23:57:06
rtlbmp_zone,2026-05-09,2026-05-09T23:57:04
rtlbmp_zone,2026-05-10,2026-05-10T23:57:06
rtlbmp_zone,2026-05-11,2026-05-11T23:57:06
rtlbmp_zone,2026-05-12,2026-05-14T13:55:08
rtlbmp_zone,2026-05-13,2026-05-14T00:00:10
rtlbmp_zone,2026-05-14,2026-05-14T23:57:04
rtlbmp_zone,2026-05-15,2026-05-15T23:57:08
rtlbmp_zone,2026-05-16,2026-05-17T00:02:06
rtlbmp_zone,2026-05-17,2026-05-17T23:57:08
rtlbmp_zone,2026-05-18,2026-05-18T23:57:06
rtlbmp_zone,2026-05-19,2026-05-19T23:57:06
rtlbmp_zone,2026-05-20,2026-05-20T23:57:04
rtlbmp_zone,2026-05-21,2026-05-21T23:57:06
rtlbmp_zone,2026-05-22,2026-05-22T23:57:06
rtlbmp_zone,2026-05-23,2026-05-23T23:57:08
rtlbmp_zone,2026-05-24,2026-05-24T23:57:06
rtlbmp_zone,2026-05-25,2026-05-26T02:01:06
rtlbmp_zone,2026-05-26,2026-05-26T23:57:06
rtlbmp_zone,2026-05-27,2026-05-27T23:57:06
rtlbmp_zone,2026-05-28,2026-05-28T23:57:06
rtlbmp_zone,2026-05-29,2026-05-29T23:57:04
rtlbmp_zone,2026-05-30,2026-05-30T23:57:04
rtlbmp_zone,2026-05-31,2026-05-31T23:57:06
rtlbmp_zone,2026-06-01,2026-06-01T23:57:06
rtlbmp_zone,2026-06-02,2026-06-02T23:57:08
rtlbmp_zone,2026-06-03,2026-06-03T23:57:06
rtlbmp_zone,2026-06-04,2026-06-04T23:57:04
rtlbmp_zone,2026-06-05,2026-06-05T23:57:04
rtlbmp_zone,2026-06-06,2026-06-06T23:57:06
rtlbmp_zone,2026-06-07,2026-06-07T23:57:06
rtlbmp_zone,2026-06-08,2026-06-08T23:57:04
rtlbmp_zone,2026-06-09,2026-06-09T23:57:04
rtlbmp_zone,2026-06-10,2026-06-10T23:57:10
rtlbmp_zone,2026-06-11,2026-06-11T23:57:06
rtlbmp_zone,2026-06-12,2026-06-12T23:57:06
rtlbmp_zone,2026-06-13,2026-06-13T23:57:04
rtlbmp_zone,2026-06-14,2026-06-14T23:57:06
rtlbmp_zone,2026-06-15,2026-06-15T23:57:06
rtlbmp_zone,2026-06-16,2026-06-16T23:57:06
rtlbmp_zone,2026-06-17,2026-06-18T02:01:04
rtlbmp_zone,2026-06-18,2026-06-18T23:57:08
rtlbmp_zone,2026-06-19,2026-06-19T23:57:06
rtlbmp_zone,2026-06-20,2026-06-20T23:57:06
rtlbmp_zone,2026-06-21,2026-06-21T23:57:06
rtlbmp_zone,2026-06-22,2026-06-22T23:57:04
rtlbmp_zone,2026-06-23,2026-06-23T23:57:06
rtlbmp_zone,2026-06-24,2026-06-24T23:57:06
rtlbmp_zone,2026-06-25,2026-06-25T23:57:06
rtlbmp_zone,2026-06-26,2026-06-26T23:57:06
rtlbmp_zone,2026-06-27,2026-06-27T23:57:06
rtlbmp_zone,2026-06-28,2026-06-28T23:57:08
rtlbmp_zone,2026-06-29,2026-06-30T00:02:08
rtlbmp_zone,2026-06-30,2026-06-30T23:57:10
rtlbmp_zone,2026-07-19,2026-07-21T14:55:08
rtlbmp_zone,2026-07-21,2026-07-21T23:57:04
rtlbmp_zone,2026-07-22,2026-07-22T23:57:04
rtlbmp_zone,2026-07-23,2026-07-23T23:57:06
rtlbmp_zone,2026-07-24,2026-07-24T23:57:10
rtlbmp_zone,2026-07-25,2026-07-25T23:57:08
rtlbmp_zone,2026-07-26,2026-07-26T23:57:08
rtlbmp_zone,2026-07-27,2026-07-27T23:57:10
rtlbmp_zone,2026-07-28,2026-07-28T23:57:10
rtlbmp_zone,2026-07-29,2026-07-29T23:57:10
rtlbmp_zone,2026-07-30,2026-07-30T23:57:18
rtlbmp_zone,2026-07-31,2026-07-31T23:57:16
rtlbmp_zone,2026-08-01,2026-08-01T23:57:14
rtlbmp_zone,2026-08-02,2026-08-02T23:57:16
rtlbmp_zone,2026-08-03,2026-08-03T23:57:16
rtlbmp_zone,2026-08-04,2026-08-04T23:57:16
rtlbmp_zone,2026-08-05,2026-08-05T23:57:16
rtlbmp_zone,2026-08-06,2026-08-06T23:57:16
rtlbmp_zone,2026-08-07,2026-08-07T23:57:16
rtlbmp_zone,2026-08-08,2026-08-08T23:57:18
rtlbmp_zone,2026-08-09,2026-08-09T23:57:16
rtlbmp_zone,2026-08-10,2026-08-10T23:57:16
rtlbmp_zone,2026-08-11,2026-08-11T23:57:16
rtlbmp_zone,2026-08-12,2026-08-12T23:57:18
rtlbmp_zone,2026-08-13,2026-08-13T23:57:14
rtlbmp_zone,2026-08-14,2026-08-14T23:57:16
rtlbmp_zone,2026-08-15,2026-08-15T23:57:16
rtlbmp_zone,2026-08-16,2026-08-16T23:57:16
rtlbmp_zone,2026-08-17,2026-08-17T23:57:16
rtlbmp_zone,2026-08-18,2026-08-18T23:57:16
rtlbmp_zone,2026-08-19,2026-08-19T23:57:16
rtlbmp_zone,2026-08-20,2026-08-20T23:57:16
rtlbmp_zone,2026-08-21,2026-08-21T23:57:16
rtlbmp_zone,2026-08-22,2026-08-22T23:57:16
rtlbmp_zone,2026-08-23,2026-08-23T23:57:16
rtlbmp_zone,2026-08-24,2026-08-24T23:57:16
rtlbmp_zone,2026-08-25,2026-08-25T23:57:18
rtlbmp_zone,2026-08-26,2026-08-26T23:57:18
rtlbmp_zone,2026-08-27,2026-08-27T23:57:14
rtlbmp_zone,2026-08-28,2026-08-28T23:57:16
rtlbmp_zone,2026-08-29,2026-08-29T23:57:16
rtlbmp_zone,2026-08-30,2026-08-30T23:57:16
rtlbmp_zone,2026-08-31,2026-08-31T23:57:16
rtlbmp_zone,2026-09-01,2026-09-01T23:57:20
rtlbmp_zone,2026-09-02,2026-09-02T23:57:16
rtlbmp_zone,2026-09-03,2026-09-03T23:57:18
rtlbmp_zone,2026-09-04,2026-09-04T23:57:18
rtlbmp_zone,2026-09-05,2026-09-05T23:57:14
rtlbmp_zone,2026-09-06,2026-09-06T23:57:18
rtlbmp_zone,2026-09-07,2026-09-07T23:57:16
rtlbmp_zone,2026-09-08,2026-09-08T23:57:16
rtlbmp_zone,2026-09-09,2026-09-09T23:57:18
rtlbmp_zone,2026-09-10,2026-09-10T23:57:14
rtlbmp_zone,2026-09-11,2026-09-11T23:57:18
rtlbmp_zone,2026-09-12,2026-09-12T23:57:18
rtlbmp_zone,2026-09-13,2026-09-13T23:57:18
rtlbmp_zone,2026-09-14,2026-09-14T23:57:16
rtlbmp_zone,2026-09-15,2026-09-15T23:57:16
rtlbmp_zone,2026-09-16,2026-09-16T23:57:16
rtlbmp_zone,2026-09-17,2026-09-17T23:57:16
rtlbmp_zone,2026-09-18,2026-09-18T23:57:16
rtlbmp_zone,2026-09-19,2026-09-19T23:57:16
rtlbmp_zone,2026-09-20,2026-09-20T23:57:16
rtlbmp_zone,2026-09-21,2026-09-24T11:01:10
rtlbmp_zone,2026-09-22,2026-09-22T23:57:06
rtlbmp_zone,2026-09-23,2026-09-23T23:57:06
rtlbmp_zone,2026-09-24,2026-09-24T23:57:06
rtlbmp_zone,2026-09-25,2026-09-25T23:57:06
rtlbmp_zone,2026-09-26,2026-09-26T23:57:06
rtlbmp_zone,2026-09-27,2026-09-27T23:57:06
rtlbmp_zone,2026-09-28,2026-09-28T23:57:06
rtlbmp_zone,2026-09-29,2026-09-29T23:57:08
rtlbmp_zone,2026-09-30,2026-09-30T23:57:06
rtlbmp_gen,2020-01-01,2020-01-01T23:57:56
rtlbmp_gen,2020-01-02,2020-01-02T23:57:50
rtlbmp_gen,2020-01-03,2020-01-03T23:57:42
rtlbmp_gen,2020-01-04,2020-01-04T23:57:28
rtlbmp_gen,2020-01-05,2020-01-05T23:57:32
rtlbmp_gen,2020-01-06,2020-01-06T23:57:48
rtlbmp_gen,2020-01-07,2020-01-07T23:57:46
rtlbmp_gen,2020-01-08,2020-01-08T23:57:46
rtlbmp_gen,2020-01-09,2020-01-09T23:57:46
rtlbmp_gen,2020-01-10,2020-01-10T23:57:40
rtlbmp_gen,2020-01-11,2020-01-11T23:57:28
rtlbmp_gen,2020-01-12,2020-01-12T23:57:36
rtlbmp_gen,2020-01-13,2020-01-13T23:57:52
rtlbmp_gen,2020-01-14,2020-01-14T23:57:40
rtlbmp_gen,2020-01-15,2020-01-15T23:57:46
rtlbmp_gen,2020-01-16,2020-01-16T23:57:48
rtlbmp_gen,2020-01-17,2020-01-17T23:58:02
rtlbmp_gen,2020-01-18,2020-01-18T23:57:34
rtlbmp_gen,2020-01-19,2020-01-19T23:57:36
rtlbmp_gen,2020-01-20,2020-01-20T23:57:50
rtlbmp_gen,2020-01-21,2020-01-21T23:57:54
rtlbmp_gen,2020-01-22,2020-01-22T23:57:50
rtlbmp_gen,2020-01-23,2020-01-23T23:57:52
rtlbmp_gen,2020-01-24,2020-01-24T23:58:06
rtlbmp_gen,2020-01-25,2020-01-25T23:57:32
rtlbmp_gen,2020-01-26,2020-01-26T23:57:32
rtlbmp_gen,2020-01-27,2020-01-27T23:57:56
rtlbmp_gen,2020-01-28,2020-01-28T23:57:50
rtlbmp_gen,2020-01-29,2020-01-31T12:56:00
rtlbmp_gen,2020-01-30,2020-01-30T23:57:56
rtlbmp_gen,2020-01-31,2020-01-31T23:58:12
rtlbmp_gen,2020-02-01,2020-02-01T23:57:34
rtlbmp_gen,2020-02-02,2020-02-02T23:57:30
rtlbmp_gen,2020-02-03,2020-02-03T23:57:48
rtlbmp_gen,2020-02-04,2020-02-04T23:57:54
rtlbmp_gen,2020-02-05,2020-02-06T02:01:36
rtlbmp_gen,2020-02-06,2020-02-06T23:57:44
rtlbmp_gen,2020-02-07,2020-02-07T23:57:54
rtlbmp_gen,2020-02-08,2020-02-08T23:57:34
rtlbmp_gen,2020-02-09,2020-02-09T23:57:34
rtlbmp_gen,2020-02-10,2020-02-10T23:58:00
rtlbmp_gen,2020-02-11,2020-02-11T23:57:50
rtlbmp_gen,2020-02-12,2020-02-12T23:57:48
rtlbmp_gen,2020-02-13,2020-02-14T02:01:32
rtlbmp_gen,2020-02-14,2020-02-14T23:58:02
rtlbmp_gen,2020-02-15,2020-02-15T23:57:38
rtlbmp_gen,2020-02-16,2020-02-16T23:57:40
rtlbmp_gen,2020-02-17,2020-02-17T23:57:52
rtlbmp_gen,2020-02-18,2020-02-18T23:57:58
rtlbmp_gen,2020-02-19,2020-02-20T00:03:34
rtlbmp_gen,2020-02-20,2020-02-20T23:58:26
rtlbmp_gen,2020-02-21,2020-02-24T17:56:00
rtlbmp_gen,2020-02-22,2020-02-22T23:57:36
rtlbmp_gen,2020-02-23,2020-02-23T23:57:36
rtlbmp_gen,2020-02-24,2020-02-24T23:57:58
rtlbmp_gen,2020-02-25,2020-02-25T23:58:00
rtlbmp_gen,2020-02-26,2020-02-26T23:57:54
rtlbmp_gen,2020-02-27,2020-02-27T23:57:46
rtlbmp_gen,2020-02-28,2020-02-28T23:57:56
rtlbmp_gen,2020-02-29,2020-02-29T23:57:34
rtlbmp_gen,2020-03-01,2020-03-01T23:57:38
rtlbmp_gen,2020-03-02,2020-03-02T23:57:46
rtlbmp_gen,2020-03-03,2020-03-03T23:57:40
rtlbmp_gen,2020-03-04,2020-03-04T23:57:50
rtlbmp_gen,2020-03-05,2020-03-05T23:57:46
rtlbmp_gen,2020-03-06,2020-03-06T23:57:56
rtlbmp_gen,2020-03-07,2020-03-07T23:57:30
rtlbmp_gen,2020-03-08,2020-03-08T23:57:28
rtlbmp_gen,2020-03-09,2020-03-09T23:57:56
rtlbmp_gen,2020-03-10,2020-03-10T23:57:58
rtlbmp_gen,2020-03-11,2020-03-11T23:57:50
rtlbmp_gen,2020-03-12,2020-03-12T23:58:04
rtlbmp_gen,2020-03-13,2020-03-13T23:57:48
rtlbmp_gen,2020-03-14,2020-03-14T23:57:36
rtlbmp_gen,2020-03-15,2020-03-15T23:57:34
rtlbmp_gen,2020-03-16,2020-03-16T23:58:06
rtlbmp_gen,2020-03-17,2020-03-17T23:57:54
rtlbmp_gen,2020-03-18,2020-03-18T23:57:56
rtlbmp_gen,2020-03-19,2020-03-19T23:58:00
rtlbmp_gen,2020-03-20,2020-03-20T23:57:58
rtlbmp_gen,2020-03-21,2020-03-21T23:57:30
rtlbmp_gen,2020-03-22,2020-03-22T23:57:30
rtlbmp_gen,2020-03-23,2020-03-23T23:57:54
rtlbmp_gen,2020-03-24,2020-03-24T23:57:44
rtlbmp_gen,2020-03-25,2020-03-25T23:57:54
rtlbmp_gen,2020-03-26,2020-03-26T23:57:44
rtlbmp_gen,2020-03-27,2020-03-27T23:57:48
rtlbmp_gen,2020-03-28,2020-03-28T23:57:32
rtlbmp_gen,2020-03-29,2020-03-29T23:57:36
rtlbmp_gen,2020-03-30,2020-03-30T23:57:54
rtlbmp_gen,2020-03-31,2020-03-31T23:58:00
rtlbmp_gen,2020-04-01,2020-04-01T23:58:00
rtlbmp_gen,2020-04-02,2020-04-02T23:57:52
rtlbmp_gen,2020-04-03,2020-04-03T23:58:00
rtlbmp_gen,2020-04-04,2020-04-04T23:57:30
rtlbmp_gen,2020-04-05,2020-04-05T23:57:38
rtlbmp_gen,2020-04-06,2020-04-06T23:57:48
rtlbmp_gen,2020-04-07,2020-04-07T23:57:50
rtlbmp_gen,2020-04-08,2020-04-08T23:57:58
rtlbmp_gen,2020-04-09,2020-04-09T23:57:52
rtlbmp_gen,2020-04-10,2020-04-10T23:57:50
rtlbmp_gen,2020-04-11,2020-04-11T23:57:32
rtlbmp_gen,2020-04-12,2020-04-12T23:57:30
rtlbmp_gen,2020-04-13,2020-04-13T23:57:46
rtlbmp_gen,2020-04-14,2020-04-14T23:58:02
rtlbmp_gen,2020-04-15,2020-04-15T23:57:54
rtlbmp_gen,2020-04-16,2020-04-16T23:57:52
rtlbmp_gen,2020-04-17,2020-04-17T23:57:50
rtlbmp_gen,2020-04-18,2020-04-18T23:57:26
rtlbmp_gen,2020-04-19,2020-04-19T23:57:32
rtlbmp_gen,2020-04-20,2020-04-23T15:55:54
rtlbmp_gen,2020-04-21,2020-04-24T11:55:44
rtlbmp_gen,2020-04-22,2020-04-22T23:57:40
rtlbmp_gen,2020-04-23,2020-04-23T23:57:46
rtlbmp_gen,2020-04-24,2020-04-24T23:57:48
rtlbmp_gen,2020-04-25,2020-04-25T23:57:28
rtlbmp_gen,2020-04-26,2020-04-26T23:57:28
rtlbmp_gen,2020-04-27,2020-04-27T23:58:00
rtlbmp_gen,2020-04-28,2020-04-28T23:57:46
rtlbmp_gen,2020-04-29,2020-04-29T23:57:56
rtlbmp_gen,2020-04-30,2020-04-30T23:57:48
rtlbmp_gen,2020-05-01,2020-05-01T23:57:42
rtlbmp_gen,2020-05-02,2020-05-02T23:57:30
rtlbmp_gen,2020-05-03,2020-05-03T23:57:34
rtlbmp_gen,2020-05-04,2020-05-04T23:57:40
rtlbmp_gen,2020-05-05,2020-05-05T23:57:38
rtlbmp_gen,2020-05-06,2020-05-06T23:57:44
rtlbmp_gen,2020-05-07,2020-05-07T23:57:42
rtlbmp_gen,2020-05-08,2020-05-08T23:57:44
rtlbmp_gen,2020-05-09,2020-05-09T23:57:30
rtlbmp_gen,2020-05-10,2020-05-10T23:57:28
rtlbmp_gen,2020-05-11,2020-05-14T17:55:42
rtlbmp_gen,2020-05-12,2020-05-12T23:57:40
rtlbmp_gen,2020-05-13,2020-05-13T23:57:40
rtlbmp_gen,2020-05-14,2020-05-14T23:57:46
rtlbmp_gen,2020-05-15,2020-05-15T23:57:42
rtlbmp_gen,2020-05-16,2020-05-16T23:57:26
rtlbmp_gen,2020-05-17,2020-05-17T23:57:28
rtlbmp_gen,2020-05-18,2020-05-18T23:57:46
rtlbmp_gen,2020-05-19,2020-05-19T23:57:52
rtlbmp_gen,2020-05-20,2020-05-20T23:57:48
rtlbmp_gen,2020-05-21,2020-05-21T23:57:50
rtlbmp_gen,2020-05-22,2020-05-22T23:57:58
rtlbmp_gen,2020-05-23,2020-05-23T23:57:30
rtlbmp_gen,2020-05-24,2020-05-24T23:57:30
rtlbmp_gen,2020-05-25,2020-05-25T23:57:42
rtlbmp_gen,2020-05-26,2020-05-26T23:57:50
rtlbmp_gen,2020-05-27,2020-05-27T23:57:48
rtlbmp_gen,2020-05-28,2020-05-28T23:57:50
rtlbmp_gen,2020-05-29,2020-05-29T23:57:48
rtlbmp_gen,2020-05-30,2020-05-30T23:57:30
rtlbmp_gen,2020-05-31,2020-05-31T23:57:32
rtlbmp_gen,2020-06-01,2020-06-01T23:57:48
rtlbmp_gen,2020-06-02,2020-06-02T23:57:40
rtlbmp_gen,2020-06-03,2020-06-03T23:57:44
rtlbmp_gen,2020-06-04,2020-06-04T23:57:40
rtlbmp_gen,2020-06-05,2020-06-05T23:57:40
rtlbmp_gen,2020-06-06,2020-06-06T23:57:28
rtlbmp_gen,2020-06-07,2020-06-07T23:57:26
rtlbmp_gen,2020-06-08,2020-06-08T23:57:42
rtlbmp_gen,2020-06-09,2020-06-09T23:57:38
rtlbmp_gen,2020-06-10,2020-06-10T23:57:42
rtlbmp_gen,2020-06-11,2020-06-11T23:57:48
rtlbmp_gen,2020-06-12,2020-06-12T23:57:44
rtlbmp_gen,2020-06-13,2020-06-13T23:57:30
rtlbmp_gen,2020-06-14,2020-06-14T23:57:28
rtlbmp_gen,2020-06-15,2020-06-15T23:57:50
rtlbmp_gen,2020-06-16,2020-06-16T23:57:48
rtlbmp_gen,2020-06-17,2020-06-17T23:57:52
rtlbmp_gen,2020-06-18,2020-06-18T23:57:56
rtlbmp_gen,2020-06-19,2020-06-19T23:57:44
rtlbmp_gen,2020-06-20,2020-06-20T23:57:34
rtlbmp_gen,2020-06-21,2020-06-21T23:57:32
rtlbmp_gen,2020-06-22,2020-06-23T02:01:46
rtlbmp_gen,2020-06-23,2020-06-23T23:57:48
rtlbmp_gen,2020-06-24,2020-06-24T23:57:46
rtlbmp_gen,2020-06-25,2020-06-25T23:57:56
rtlbmp_gen,2020-06-26,2020-06-29T15:56:08
rtlbmp_gen,2020-06-27,2020-06-29T15:56:16
rtlbmp_gen,2020-06-28,2020-06-28T23:57:34
rtlbmp_gen,2020-06-29,2020-06-29T23:57:52
rtlbmp_gen,2020-06-30,2020-07-02T14:56:26
rtlbmp_gen,2020-07-01,2020-07-01T23:57:56
rtlbmp_gen,2020-07-02,2020-07-02T23:57:48
rtlbmp_gen,2020-07-03,2020-07-03T23:57:52
rtlbmp_gen,2020-07-04,2020-07-04T23:57:34
rtlbmp_gen,2020-07-05,2020-07-05T23:57:28
rtlbmp_gen,2020-07-06,2020-07-06T23:57:52
rtlbmp_gen,2020-07-07,2020-07-07T23:57:48
rtlbmp_gen,2020-07-08,2020-07-08T23:57:52
rtlbmp_gen,2020-07-09,2020-07-09T23:57:46
rtlbmp_gen,2020-07-10,2020-07-10T23:57:52
rtlbmp_gen,2020-07-11,2020-07-11T23:57:30
rtlbmp_gen,2020-07-12,2020-07-12T23:57:30
rtlbmp_gen,2020-07-13,2020-07-13T23:57:54
rtlbmp_gen,2020-07-14,2020-07-14T23:57:48
rtlbmp_gen,2020-07-15,2020-07-15T23:57:48
rtlbmp_gen,2020-07-16,2020-07-16T23:58:02
rtlbmp_gen,2020-07-17,2020-07-17T23:57:46
rtlbmp_gen,2020-07-18,2020-07-18T23:57:32
rtlbmp_gen,2020-07-19,2020-07-19T23:57:36
rtlbmp_gen,2020-07-20,2020-07-20T23:57:50
rtlbmp_gen,2020-07-21,2020-07-21T23:57:56
rtlbmp_gen,2020-07-22,2020-07-22T23:57:52
rtlbmp_gen,2020-07-23,2020-07-28T15:55:50
rtlbmp_gen,2020-07-24,2020-07-24T23:57:32
rtlbmp_gen,2020-07-25,2020-07-25T23:57:40
rtlbmp_gen,2020-07-26,2020-07-26T23:57:34
rtlbmp_gen,2020-07-27,2020-07-27T23:57:32
rtlbmp_gen,2020-07-28,2020-07-28T23:57:38
rtlbmp_gen,2020-07-29,2020-07-30T02:01:46
rtlbmp_gen,2020-07-30,2020-07-30T23:57:42
rtlbmp_gen,2020-07-31,2020-07-31T23:57:46
rtlbmp_gen,2020-08-01,2020-08-01T23:57:36
rtlbmp_gen,2020-08-02,2020-08-02T23:57:30
rtlbmp_gen,2020-08-03,2020-08-06T13:55:38
rtlbmp_gen,2020-08-04,2020-08-07T13:58:34
rtlbmp_gen,2020-08-05,2020-08-05T23:57:36
rtlbmp_gen,2020-08-06,2020-08-06T23:57:46
rtlbmp_gen,2020-08-07,2020-08-07T23:57:52
rtlbmp_gen,2020-08-08,2020-08-08T23:57:32
rtlbmp_gen,2020-08-09,2020-08-09T23:57:32
rtlbmp_gen,2020-08-10,2020-08-10T23:57:50
rtlbmp_gen,2020-08-11,2020-08-11T23:57:48
rtlbmp_gen,2020-08-12,2020-08-12T23:57:46
rtlbmp_gen,2020-08-13,2020-08-13T23:57:50
rtlbmp_gen,2020-08-14,2020-08-14T23:57:50
rtlbmp_gen,2020-08-15,2020-08-15T23:57:30
rtlbmp_gen,2020-08-16,2020-08-16T23:57:32
rtlbmp_gen,2020-08-17,2020-08-17T23:57:44
rtlbmp_gen,2020-08-18,2020-08-18T23:57:42
rtlbmp_gen,2020-08-19,2020-08-19T23:57:42
rtlbmp_gen,2020-08-20,2020-08-20T23:57:54
rtlbmp_gen,2020-08-21,2020-08-21T23:57:46
rtlbmp_gen,2020-08-22,2020-08-22T23:57:28
rtlbmp_gen,2020-08-23,2020-08-23T23:57:32
rtlbmp_gen,2020-08-24,2020-08-24T23:57:44
rtlbmp_gen,2020-08-25,2020-08-25T23:57:46
rtlbmp_gen,2020-08-26,2020-08-26T23:57:40
rtlbmp_gen,2020-08-27,2020-08-27T23:57:32
rtlbmp_gen,2020-08-28,2020-08-28T23:57:38
rtlbmp_gen,2020-08-29,2020-08-29T23:57:34
rtlbmp_gen,2020-08-30,2020-08-30T23:57:28
rtlbmp_gen,2020-08-31,2020-08-31T23:57:46
rtlbmp_gen,2020-09-01,2020-09-01T23:57:52
rtlbmp_gen,2020-09-02,2020-09-02T23:57:52
rtlbmp_gen,2020-09-03,2020-09-03T23:57:46
rtlbmp_gen,2020-09-04,2020-09-04T23:57:46
rtlbmp_gen,2020-09-05,2020-09-05T23:57:36
rtlbmp_gen,2020-09-06,2020-09-06T23:57:32
rtlbmp_gen,2020-09-07,2020-09-07T23:57:48
rtlbmp_gen,2020-09-08,2020-09-08T23:57:44
rtlbmp_gen,2020-09-09,2020-09-09T23:57:50
rtlbmp_gen,2020-09-10,2020-09-10T23:57:50
rtlbmp_gen,2020-09-11,2020-09-11T23:57:52
rtlbmp_gen,2020-09-12,2020-09-12T23:57:30
rtlbmp_gen,2020-09-13,2020-09-13T23:57:30
rtlbmp_gen,2020-09-14,2020-09-14T23:57:54
rtlbmp_gen,2020-09-15,2020-09-15T23:57:40
rtlbmp_gen,2020-09-16,2020-09-16T23:57:22
rtlbmp_gen,2020-09-17,2020-09-17T23:57:24
rtlbmp_gen,2020-09-18,2020-09-18T23:57:22
rtlbmp_gen,2020-09-19,2020-09-19T23:57:22
rtlbmp_gen,2020-09-20,2020-09-20T23:57:22
rtlbmp_gen,2020-09-21,2020-09-21T23:57:22
rtlbmp_gen,2020-09-22,2020-09-22T23:57:26
rtlbmp_gen,2020-09-23,2020-09-23T23:57:26
rtlbmp_gen,2020-09-24,2020-09-24T23:57:22
rtlbmp_gen,2020-09-25,2020-09-25T23:57:22
rtlbmp_gen,2020-09-26,2020-09-26T23:57:20
rtlbmp_gen,2020-09-27,2020-09-27T23:57:24
rtlbmp_gen,2020-09-28,2020-09-28T23:57:22
rtlbmp_gen,2020-09-29,2020-09-29T23:57:22
rtlbmp_gen,2020-09-30,2020-09-30T23:57:24
rtlbmp_gen,2020-10-01,2020-10-01T23:57:20
rtlbmp_gen,2020-10-02,2020-10-02T23:57:20
rtlbmp_gen,2020-10-03,2020-10-03T23:57:22
rtlbmp_gen,2020-10-04,2020-10-04T23:57:20
rtlbmp_gen,2020-10-05,2020-10-05T23:57:20
rtlbmp_gen,2020-10-06,2020-10-06T23:57:24
rtlbmp_gen,2020-10-07,2020-10-07T23:57:22
rtlbmp_gen,2020-10-08,2020-10-13T12:55:28
rtlbmp_gen,2020-10-09,2020-10-09T23:57:22
rtlbmp_gen,2020-10-10,2020-10-10T23:57:22
rtlbmp_gen,2020-10-11,2020-10-11T23:57:22
rtlbmp_gen,2020-10-12,2020-10-12T23:57:24
rtlbmp_gen,2020-10-13,2020-10-13T23:57:22
rtlbmp_gen,2020-10-14,2020-10-14T23:57:20
rtlbmp_gen,2020-10-15,2020-10-15T23:57:20
rtlbmp_gen,2020-10-16,2020-10-17T02:01:22
rtlbmp_gen,2020-10-17,2020-10-17T23:57:20
rtlbmp_gen,2020-10-18,2020-10-18T23:57:20
rtlbmp_gen,2020-10-19,2020-10-19T23:57:22
rtlbmp_gen,2020-10-20,2020-10-23T15:55:28
rtlbmp_gen,2020-10-21,2020-10-21T23:57:20
rtlbmp_gen,2020-10-22,2020-10-22T23:57:22
rtlbmp_gen,2020-10-23,2020-10-23T23:57:20
rtlbmp_gen,2020-10-24,2020-10-24T23:57:20
rtlbmp_gen,2020-10-25,2020-10-25T23:57:22
rtlbmp_gen,2020-10-26,2020-10-26T23:57:20
rtlbmp_gen,2020-10-27,2020-10-27T23:57:20
rtlbmp_gen,2020-10-28,2020-10-28T23:57:20
rtlbmp_gen,2020-10-29,2020-10-29T23:57:20
rtlbmp_gen,2020-10-30,2020-10-30T23:57:22
rtlbmp_gen,2020-10-31,2020-10-31T23:57:22
rtlbmp_gen,2020-11-01,2020-11-01T23:57:22
rtlbmp_gen,2020-11-02,2020-11-03T00:02:26
rtlbmp_gen,2020-11-03,2020-11-03T23:57:20
rtlbmp_gen,2020-11-04,2020-11-04T23:57:20
rtlbmp_gen,2020-11-05,2020-11-05T23:57:22
rtlbmp_gen,2020-11-06,2020-11-06T23:57:18
rtlbmp_gen,2020-11-07,2020-11-07T23:57:20
rtlbmp_gen,2020-11-08,2020-11-08T23:57:20
rtlbmp_gen,2020-11-09,2020-11-09T23:57:20
rtlbmp_gen,2020-11-10,2020-11-10T23:57:20
rtlbmp_gen,2020-11-11,2020-11-11T23:57:22
rtlbmp_gen,2020-11-12,2020-11-12T23:57:20
rtlbmp_gen,2020-11-13,2020-11-13T23:57:20
rtlbmp_gen,2020-11-14,2020-11-14T23:58:18
rtlbmp_gen,2020-11-15,2020-11-15T23:57:22
rtlbmp_gen,2020-11-16,2020-11-16T23:57:22
rtlbmp_gen,2020-11-17,2020-11-17T23:57:20
rtlbmp_gen,2020-11-18,2020-11-18T23:57:20
rtlbmp_gen,2020-11-19,2020-11-19T23:57:24
rtlbmp_gen,2020-11-20,2020-11-20T23:57:24
rtlbmp_gen,2020-11-21,2020-11-21T23:57:20
rtlbmp_gen,2020-11-22,2020-11-22T23:57:20
rtlbmp_gen,2020-11-23,2020-11-23T23:57:22
rtlbmp_gen,2020-11-24,2020-11-24T23:57:22
rtlbmp_gen,2020-11-25,2020-11-25T23:57:20
rtlbmp_gen,2020-11-26,2020-11-27T00:55:22
rtlbmp_gen,2020-11-27,2020-11-27T23:57:22
rtlbmp_gen,2020-11-28,2020-11-28T23:57:20
rtlbmp_gen,2020-11-29,2020-11-29T23:57:24
rtlbmp_gen,2020-11-30,2020-11-30T23:57:24
rtlbmp_gen,2020-12-01,2020-12-01T23:57:22
rtlbmp_gen,2020-12-02,2020-12-02T23:57:20
rtlbmp_gen,2020-12-03,2020-12-03T23:57:22
rtlbmp_gen,2020-12-04,2020-12-04T23:57:20
rtlbmp_gen,2020-12-05,2020-12-05T23:57:22
rtlbmp_gen,2020-12-06,2020-12-06T23:57:22
rtlbmp_gen,2020-12-07,2020-12-07T23:57:22
rtlbmp_gen,2020-12-08,2020-12-08T23:57:20
rtlbmp_gen,2020-12-09,2020-12-09T23:57:22
rtlbmp_gen,2020-12-10,2020-12-10T23:57:22
rtlbmp_gen,2020-12-11,2020-12-11T23:57:22
rtlbmp_gen,2020-12-12,2020-12-12T23:57:22
rtlbmp_gen,2020-12-13,2020-12-13T23:57:22
rtlbmp_gen,2020-12-14,2020-12-14T23:57:20
rtlbmp_gen,2020-12-15,2020-12-16T11:55:28
rtlbmp_gen,2020-12-16,2020-12-16T23:57:22
rtlbmp_gen,2020-12-17,2020-12-17T23:57:22
rtlbmp_gen,2020-12-18,2020-12-18T23:57:20
rtlbmp_gen,2020-12-19,2020-12-19T23:57:20
rtlbmp_gen,2020-12-20,2020-12-20T23:57:20
rtlbmp_gen,2020-12-21,2020-12-22T00:02:28
rtlbmp_gen,2020-12-22,2020-12-23T00:02:30
rtlbmp_gen,2020-12-23,2020-12-23T23:57:24
rtlbmp_gen,2020-12-24,2020-12-24T23:57:24
rtlbmp_gen,2020-12-25,2020-12-25T23:57:22
rtlbmp_gen,2020-12-26,2020-12-26T23:57:22
rtlbmp_gen,2020-12-27,2020-12-27T23:57:24
rtlbmp_gen,2020-12-28,2020-12-28T23:57:22
rtlbmp_gen,2020-12-29,2020-12-29T23:57:24
rtlbmp_gen,2020-12-30,2020-12-30T23:57:24
rtlbmp_gen,2020-12-31,2020-12-31T23:57:22
rtlbmp_gen,2021-01-01,2021-01-01T23:57:22
rtlbmp_gen,2021-01-02,2021-01-02T23:57:20
rtlbmp_gen,2021-01-03,2021-01-03T23:57:22
rtlbmp_gen,2021-01-04,2021-01-04T23:57:24
rtlbmp_gen,2021-01-05,2021-01-05T23:57:22
rtlbmp_gen,2021-01-06,2021-01-06T23:57:20
rtlbmp_gen,2021-01-07,2021-01-07T23:57:22
rtlbmp_gen,2021-01-08,2021-01-08T23:57:20
rtlbmp_gen,2021-01-09,2021-01-09T23:57:22
rtlbmp_gen,2021-01-10,2021-01-10T23:57:22
rtlbmp_gen,2021-01-11,2021-01-11T23:57:24
rtlbmp_gen,2021-01-12,2021-01-12T23:57:22
rtlbmp_gen,2021-01-13,2021-01-13T23:57:22
rtlbmp_gen,2021-01-14,2021-01-14T23:57:22
rtlbmp_gen,2021-01-15,2021-01-15T23:57:20
rtlbmp_gen,2021-01-16,2021-01-16T23:57:28
rtlbmp_gen,2021-01-17,2021-01-17T23:57:24
rtlbmp_gen,2021-01-18,2021-01-18T23:57:22
rtlbmp_gen,2021-01-19,2021-01-19T23:57:24
rtlbmp_gen,2021-01-20,2021-01-20T23:57:22
rtlbmp_gen,2021-01-21,2021-01-21T23:57:22
rtlbmp_gen,2021-01-22,2021-01-22T23:57:22
rtlbmp_gen,2021-01-23,2021-01-23T23:57:22
rtlbmp_gen,2021-01-24,2021-01-24T23:57:22
rtlbmp_gen,2021-01-25,2021-01-25T23:57:22
rtlbmp_gen,2021-01-26,2021-01-26T23:57:22
rtlbmp_gen,2021-01-27,2021-01-27T23:57:20
rtlbmp_gen,2021-01-28,2021-01-28T23:57:24
rtlbmp_gen,2021-01-29,2021-01-29T23:57:24
rtlbmp_gen,2021-01-30,2021-01-30T23:57:24
rtlbmp_gen,2021-01-31,2021-01-31T23:57:22
rtlbmp_gen,2021-02-01,2021-02-01T23:57:24
rtlbmp_gen,2021-02-02,2021-02-02T23:57:24
rtlbmp_gen,2021-02-03,2021-02-03T23:57:26
rtlbmp_gen,2021-02-04,2021-02-04T23:57:26
rtlbmp_gen,2021-02-05,2021-02-05T23:57:20
rtlbmp_gen,2021-02-06,2021-02-06T23:57:20
rtlbmp_gen,2021-02-07,2021-02-07T23:57:24
rtlbmp_gen,2021-02-08,2021-02-08T23:57:26
rtlbmp_gen,2021-02-09,2021-02-12T14:07:32
rtlbmp_gen,2021-02-10,2021-02-10T23:57:22
rtlbmp_gen,2021-02-11,2021-02-11T23:57:22
rtlbmp_gen,2021-02-12,2021-02-12T23:57:22
rtlbmp_gen,2021-02-13,2021-02-13T23:57:24
rtlbmp_gen,2021-02-14,2021-02-14T23:57:28
rtlbmp_gen,2021-02-15,2021-02-15T23:57:26
rtlbmp_gen,2021-02-16,2021-02-16T23:57:26
rtlbmp_gen,2021-02-17,2021-02-17T23:57:24
rtlbmp_gen,2021-02-18,2021-02-18T23:57:22
rtlbmp_gen,2021-02-19,2021-02-20T00:05:50
rtlbmp_gen,2021-02-20,2021-02-20T23:57:26
rtlbmp_gen,2021-02-21,2021-02-21T23:57:22
rtlbmp_gen,2021-02-22,2021-02-22T23:57:24
rtlbmp_gen,2021-02-23,2021-02-23T23:57:22
rtlbmp_gen,2021-02-24,2021-02-24T23:57:26
rtlbmp_gen,2021-02-25,2021-02-26T00:03:36
rtlbmp_gen,2021-02-26,2021-02-26T23:57:22
rtlbmp_gen,2021-02-27,2021-02-27T23:57:24
rtlbmp_gen,2021-02-28,2021-02-28T23:57:24
rtlbmp_gen,2021-03-01,2021-03-01T23:57:22
rtlbmp_gen,2021-03-02,2021-03-02T23:57:22
rtlbmp_gen,2021-03-03,2021-03-04T00:02:30
rtlbmp_gen,2021-03-04,2021-03-04T23:57:24
rtlbmp_gen,2021-03-05,2021-03-05T23:57:22
rtlbmp_gen,2021-03-06,2021-03-06T23:57:22
rtlbmp_gen,2021-03-07,2021-03-07T23:57:22
rtlbmp_gen,2021-03-08,2021-03-08T23:57:22
rtlbmp_gen,2021-03-09,2021-03-09T23:57:24
rtlbmp_gen,2021-03-10,2021-03-10T23:57:24
rtlbmp_gen,2021-03-11,2021-03-11T23:57:24
rtlbmp_gen,2021-03-12,2021-03-12T23:57:22
rtlbmp_gen,2021-03-13,2021-03-13T23:57:24
rtlbmp_gen,2021-03-14,2021-03-14T23:57:22
rtlbmp_gen,2021-03-15,2021-03-15T23:57:24
rtlbmp_gen,2021-03-16,2021-03-16T23:57:20
rtlbmp_gen,2021-03-17,2021-03-17T23:57:22
rtlbmp_gen,2021-03-18,2021-03-18T23:57:24
rtlbmp_gen,2021-03-19,2021-03-19T23:57:24
rtlbmp_gen,2021-03-20,2021-03-20T23:57:22
rtlbmp_gen,2021-03-21,2021-03-21T23:57:24
rtlbmp_gen,2021-03-22,2021-03-22T23:57:26
rtlbmp_gen,2021-03-23,2021-03-23T23:57:26
rtlbmp_gen,2021-03-24,2021-03-24T23:57:26
rtlbmp_gen,2021-03-25,2021-03-25T23:57:24
rtlbmp_gen,2021-03-26,2021-03-26T23:57:24
rtlbmp_gen,2021-03-27,2021-03-27T23:57:22
rtlbmp_gen,2021-03-28,2021-03-28T23:57:22
rtlbmp_gen,2021-03-29,2021-03-29T23:57:26
rtlbmp_gen,2021-03-30,2021-03-30T23:57:24
rtlbmp_gen,2021-03-31,2021-03-31T23:57:26
rtlbmp_gen,2021-04-01,2021-04-01T23:57:24
rtlbmp_gen,2021-04-02,2021-04-02T23:57:26
rtlbmp_gen,2021-04-03,2021-04-07T13:55:28
rtlbmp_gen,2021-04-04,2021-04-04T23:57:20
rtlbmp_gen,2021-04-05,2021-04-05T23:57:24
rtlbmp_gen,2021-04-06,2021-04-06T23:57:24
rtlbmp_gen,2021-04-07,2021-04-07T23:57:24
rtlbmp_gen,2021-04-08,2021-04-08T23:57:26
rtlbmp_gen,2021-04-09,2021-04-09T23:57:26
rtlbmp_gen,2021-04-10,2021-04-10T23:57:22
rtlbmp_gen,2021-04-11,2021-04-11T23:57:22
rtlbmp_gen,2021-04-12,2021-04-12T23:57:24
rtlbmp_gen,2021-04-13,2021-04-13T23:57:24
rtlbmp_gen,2021-04-14,2021-04-14T23:57:22
rtlbmp_gen,2021-04-15,2021-04-15T23:57:32
rtlbmp_gen,2021-04-16,2021-04-16T23:57:26
rtlbmp_gen,2021-04-17,2021-04-17T23:57:24
rtlbmp_gen,2021-04-18,2021-04-18T23:57:22
rtlbmp_gen,2021-04-19,2021-04-19T23:57:22
rtlbmp_gen,2021-04-20,2021-04-23T15:55:30
rtlbmp_gen,2021-04-21,2021-04-21T23:57:26
rtlbmp_gen,2021-04-22,2021-04-23T00:02:28
rtlbmp_gen,2021-04-23,2021-04-23T23:57:24
rtlbmp_gen,2021-04-24,2021-04-24T23:57:22
rtlbmp_gen,2021-04-25,2021-04-25T23:57:22
rtlbmp_gen,2021-04-26,2021-04-26T23:57:22
rtlbmp_gen,2021-04-27,2021-04-27T23:57:22
rtlbmp_gen,2021-04-28,2021-04-28T23:57:20
rtlbmp_gen,2021-04-29,2021-04-29T23:57:26
rtlbmp_gen,2021-04-30,2021-04-30T23:57:22
rtlbmp_gen,2021-05-01,2021-05-01T23:57:20
rtlbmp_gen,2021-05-02,2021-05-02T23:57:22
rtlbmp_gen,2021-05-03,2021-05-03T23:57:20
rtlbmp_gen,2021-05-04,2021-05-04T23:57:22
rtlbmp_gen,2021-05-05,2021-05-07T15:57:30
rtlbmp_gen,2021-05-06,2021-05-06T23:57:22
rtlbmp_gen,2021-05-07,2021-05-07T23:57:20
rtlbmp_gen,2021-05-08,2021-05-08T23:57:20
rtlbmp_gen,2021-05-09,2021-05-09T23:57:22
rtlbmp_gen,2021-05-10,2021-05-10T23:57:22
rtlbmp_gen,2021-05-11,2021-05-11T23:57:28
rtlbmp_gen,2021-05-12,2021-05-12T23:57:24
rtlbmp_gen,2021-05-13,2021-05-13T23:57:24
rtlbmp_gen,2021-05-14,2021-05-14T23:57:26
rtlbmp_gen,2021-05-15,2021-05-15T23:57:22
rtlbmp_gen,2021-05-16,2021-05-16T23:57:22
rtlbmp_gen,2021-05-17,2021-05-17T23:57:30
rtlbmp_gen,2021-05-18,2021-05-18T23:57:24
rtlbmp_gen,2021-05-19,2021-05-19T23:57:22
rtlbmp_gen,2021-05-20,2021-05-20T23:57:24
rtlbmp_gen,2021-05-21,2021-05-21T23:57:24
rtlbmp_gen,2021-05-22,2021-05-23T00:03:26
rtlbmp_gen,2021-05-23,2021-05-23T23:57:24
rtlbmp_gen,2021-05-24,2021-05-24T23:57:24
rtlbmp_gen,2021-05-25,2021-05-25T23:57:24
rtlbmp_gen,2021-05-26,2021-05-26T23:57:24
rtlbmp_gen,2021-05-27,2021-05-27T23:57:24
rtlbmp_gen,2021-05-28,2021-05-28T23:57:22
rtlbmp_gen,2021-05-29,2021-05-29T23:57:22
rtlbmp_gen,2021-05-30,2021-05-30T23:57:22
rtlbmp_gen,2021-05-31,2021-05-31T23:57:22
rtlbmp_gen,2021-06-01,2021-06-01T23:57:22
rtlbmp_gen,2021-06-02,2021-06-02T23:57:22
rtlbmp_gen,2021-06-03,2021-06-03T23:57:22
rtlbmp_gen,2021-06-04,2021-06-04T23:57:22
rtlbmp_gen,2021-06-05,2021-06-05T23:57:20
rtlbmp_gen,2021-06-06,2021-06-06T23:57:20
rtlbmp_gen,2021-06-07,2021-06-07T23:57:28
rtlbmp_gen,2021-06-08,2021-06-08T23:57:26
rtlbmp_gen,2021-06-09,2021-06-09T23:57:26
rtlbmp_gen,2021-06-10,2021-06-10T23:57:26
rtlbmp_gen,2021-06-11,2021-06-11T23:57:24
rtlbmp_gen,2021-06-12,2021-06-12T23:57:20
rtlbmp_gen,2021-06-13,2021-06-13T23:57:26
rtlbmp_gen,2021-06-14,2021-06-14T23:57:26
rtlbmp_gen,2021-06-15,2021-06-15T23:57:28
rtlbmp_gen,2021-06-16,2021-06-16T23:57:24
rtlbmp_gen,2021-06-17,2021-06-17T23:57:24
rtlbmp_gen,2021-06-18,2021-06-18T23:57:20
rtlbmp_gen,2021-06-19,2021-06-19T23:57:20
rtlbmp_gen,2021-06-20,2021-06-20T23:57:22
rtlbmp_gen,2021-06-21,2021-06-21T23:57:26
rtlbmp_gen,2021-06-22,2021-06-22T23:57:22
rtlbmp_gen,2021-06-23,2021-06-23T23:57:22
rtlbmp_gen,2021-06-24,2021-06-24T23:57:26
rtlbmp_gen,2021-06-25,2021-06-25T23:57:28
rtlbmp_gen,2021-06-26,2021-06-27T02:01:26
rtlbmp_gen,2021-06-27,2021-06-27T23:57:26
rtlbmp_gen,2021-06-28,2021-06-28T23:57:26
rtlbmp_gen,2021-06-29,2021-06-29T23:57:28
rtlbmp_gen,2021-06-30,2021-06-30T23:57:26
rtlbmp_gen,2021-07-01,2021-07-01T23:57:22
rtlbmp_gen,2021-07-02,2021-07-02T23:57:20
rtlbmp_gen,2021-07-03,2021-07-03T23:57:20
rtlbmp_gen,2021-07-04,2021-07-04T23:57:20
rtlbmp_gen,2021-07-05,2021-07-05T23:57:22
rtlbmp_gen,2021-07-06,2021-07-06T23:57:22
rtlbmp_gen,2021-07-07,2021-07-12T14:55:30
rtlbmp_gen,2021-07-08,2021-07-08T23:57:24
rtlbmp_gen,2021-07-09,2021-07-09T23:57:20
rtlbmp_gen,2021-07-10,2021-07-10T23:57:20
rtlbmp_gen,2021-07-11,2021-07-11T23:57:22
rtlbmp_gen,2021-07-12,2021-07-12T23:57:20
rtlbmp_gen,2021-07-13,2021-07-13T23:57:22
rtlbmp_gen,2021-07-14,2021-07-14T23:57:24
rtlbmp_gen,2021-07-15,2021-07-15T23:57:24
rtlbmp_gen,2021-07-16,2021-07-16T23:57:28
rtlbmp_gen,2021-07-17,2021-07-17T23:57:22
rtlbmp_gen,2021-07-18,2021-07-18T23:57:22
rtlbmp_gen,2021-07-19,2021-07-19T23:57:22
rtlbmp_gen,2021-07-20,2021-07-20T23:57:24
rtlbmp_gen,2021-07-21,2021-07-21T23:57:22
rtlbmp_gen,2021-07-22,2021-07-22T23:57:26
rtlbmp_gen,2021-07-23,2021-07-23T23:57:22
rtlbmp_gen,2021-07-24,2021-07-24T23:57:22
rtlbmp_gen,2021-07-25,2021-07-25T23:57:22
rtlbmp_gen,2021-07-26,2021-07-26T23:57:24
rtlbmp_gen,2021-07-27,2021-07-27T23:57:26
rtlbmp_gen,2021-07-28,2021-07-28T23:57:24
rtlbmp_gen,2021-07-29,2021-07-29T23:57:26
rtlbmp_gen,2021-07-30,2021-07-30T23:57:24
rtlbmp_gen,2021-07-31,2021-07-31T23:57:22
rtlbmp_gen,2021-08-01,2021-08-01T23:57:22
rtlbmp_gen,2021-08-02,2021-08-02T23:57:24
rtlbmp_gen,2021-08-03,2021-08-03T23:57:22
rtlbmp_gen,2021-08-04,2021-08-04T23:57:24
rtlbmp_gen,2021-08-05,2021-08-05T23:57:22
rtlbmp_gen,2021-08-06,2021-08-11T09:55:34
rtlbmp_gen,2021-08-07,2021-08-07T23:57:22
rtlbmp_gen,2021-08-08,2021-08-08T23:57:24
rtlbmp_gen,2021-08-09,2021-08-09T23:57:24
rtlbmp_gen,2021-08-10,2021-08-10T23:57:26
rtlbmp_gen,2021-08-11,2021-08-11T23:57:24
rtlbmp_gen,2021-08-12,2021-08-12T23:57:24
rtlbmp_gen,2021-08-13,2021-08-13T23:57:20
rtlbmp_gen,2021-08-14,2021-08-14T23:57:26
rtlbmp_gen,2021-08-15,2021-08-15T23:57:22
rtlbmp_gen,2021-08-16,2021-08-16T23:57:26
rtlbmp_gen,2021-08-17,2021-08-17T23:57:26
rtlbmp_gen,2021-08-18,2021-08-19T02:01:24
rtlbmp_gen,2021-08-19,2021-08-19T23:57:22
rtlbmp_gen,2021-08-20,2021-08-24T15:58:24
rtlbmp_gen,2021-08-21,2021-08-21T23:57:22
rtlbmp_gen,2021-08-22,2021-08-22T23:57:24
rtlbmp_gen,2021-08-23,2021-08-23T23:57:22
rtlbmp_gen,2021-08-24,2021-08-24T23:57:24
rtlbmp_gen,2021-08-25,2021-08-25T23:57:24
rtlbmp_gen,2021-08-26,2021-08-31T16:55:30
rtlbmp_gen,2021-08-27,2021-08-27T23:57:24
rtlbmp_gen,2021-08-28,2021-08-28T23:57:24
rtlbmp_gen,2021-08-29,2021-08-29T23:57:22
rtlbmp_gen,2021-08-30,2021-08-30T23:57:28
rtlbmp_gen,2021-08-31,2021-08-31T23:57:22
rtlbmp_gen,2021-09-01,2021-09-01T23:57:26
rtlbmp_gen,2021-09-02,2021-09-02T23:57:22
rtlbmp_gen,2021-09-03,2021-09-03T23:57:22
rtlbmp_gen,2021-09-04,2021-09-04T23:57:20
rtlbmp_gen,2021-09-05,2021-09-05T23:57:22
rtlbmp_gen,2021-09-06,2021-09-06T23:57:22
rtlbmp_gen,2021-09-07,2021-09-07T23:57:26
rtlbmp_gen,2021-09-08,2021-09-08T23:57:30
rtlbmp_gen,2021-09-09,2021-09-09T23:57:24
rtlbmp_gen,2021-09-10,2021-09-10T23:57:26
rtlbmp_gen,2021-09-11,2021-09-11T23:57:24
rtlbmp_gen,2021-09-12,2021-09-12T23:57:26
rtlbmp_gen,2021-09-13,2021-09-13T23:57:22
rtlbmp_gen,2021-09-14,2021-09-14T23:57:20
rtlbmp_gen,2021-09-15,2021-09-15T23:57:24
rtlbmp_gen,2021-09-16,2021-09-16T23:57:22
rtlbmp_gen,2021-09-17,2021-09-17T23:57:22
rtlbmp_gen,2021-09-18,2021-09-18T23:57:20
rtlbmp_gen,2021-09-19,2021-09-19T23:57:22
rtlbmp_gen,2021-09-20,2021-09-20T23:57:26
rtlbmp_gen,2021-09-21,2021-09-21T23:57:24
rtlbmp_gen,2021-09-22,2021-09-22T23:57:22
rtlbmp_gen,2021-09-23,2021-09-23T23:57:28
rtlbmp_gen,2021-09-24,2021-09-24T23:57:24
rtlbmp_gen,2021-09-25,2021-09-25T23:57:24
rtlbmp_gen,2021-09-26,2021-09-26T23:57:22
rtlbmp_gen,2021-09-27,2021-09-27T23:57:22
rtlbmp_gen,2021-09-28,2021-09-28T23:57:26
rtlbmp_gen,2021-09-29,2021-09-30T02:01:24
rtlbmp_gen,2021-09-30,2021-09-30T23:57:24
rtlbmp_gen,2021-10-01,2021-10-01T23:57:26
rtlbmp_gen,2021-10-02,2021-10-02T23:57:24
rtlbmp_gen,2021-10-03,2021-10-03T23:57:24
rtlbmp_gen,2021-10-04,2021-10-04T23:57:26
rtlbmp_gen,2021-10-05,2021-10-05T23:57:24
rtlbmp_gen,2021-10-06,2021-10-06T23:57:24
rtlbmp_gen,2021-10-07,2021-10-07T23:57:22
rtlbmp_gen,2021-10-08,2021-10-08T23:57:22
rtlbmp_gen,2021-10-09,2021-10-09T23:57:20
rtlbmp_gen,2021-10-10,2021-10-10T23:57:20
rtlbmp_gen,2021-10-11,2021-10-11T23:57:22
rtlbmp_gen,2021-10-12,2021-10-12T23:57:26
rtlbmp_gen,2021-10-13,2021-10-13T23:57:24
rtlbmp_gen,2021-10-14,2021-10-14T23:57:24
rtlbmp_gen,2021-10-15,2021-10-15T23:57:22
rtlbmp_gen,2021-10-16,2021-10-16T23:57:22
rtlbmp_gen,2021-10-17,2021-10-17T23:57:22
rtlbmp_gen,2021-10-18,2021-10-18T23:57:26
rtlbmp_gen,2021-10-19,2021-10-19T23:57:28
rtlbmp_gen,2021-10-20,2021-10-20T23:57:22
rtlbmp_gen,2021-10-21,2021-10-21T23:57:22
rtlbmp_gen,2021-10-22,2021-10-22T23:57:22
rtlbmp_gen,2021-10-23,2021-10-23T23:57:20
rtlbmp_gen,2021-10-24,2021-10-24T23:57:22
rtlbmp_gen,2021-10-25,2021-10-25T23:57:22
rtlbmp_gen,2021-10-26,2021-10-26T23:57:24
rtlbmp_gen,2021-10-27,2021-10-27T23:57:24
rtlbmp_gen,2021-10-28,2021-10-28T23:57:22
rtlbmp_gen,2021-10-29,2021-10-29T23:57:22
rtlbmp_gen,2021-10-30,2021-10-30T23:57:22
rtlbmp_gen,2021-10-31,2021-10-31T23:57:22
rtlbmp_gen,2021-11-01,2021-11-01T23:57:24
rtlbmp_gen,2021-11-02,2021-11-02T23:57:22
rtlbmp_gen,2021-11-03,2021-11-03T23:57:22
rtlbmp_gen,2021-11-04,2021-11-04T23:57:20
rtlbmp_gen,2021-11-05,2021-11-05T23:57:22
rtlbmp_gen,2021-11-06,2021-11-06T23:57:24
rtlbmp_gen,2021-11-07,2021-11-07T23:57:20
rtlbmp_gen,2021-11-08,2021-11-08T23:57:24
rtlbmp_gen,2021-11-09,2021-11-09T23:57:22
rtlbmp_gen,2021-11-10,2021-11-10T23:57:30
rtlbmp_gen,2021-11-11,2021-11-11T23:57:20
rtlbmp_gen,2021-11-12,2021-11-12T23:57:20
rtlbmp_gen,2021-11-13,2021-11-13T23:57:20
rtlbmp_gen,2021-11-14,2021-11-14T23:57:22
rtlbmp_gen,2021-11-15,2021-11-15T23:57:22
rtlbmp_gen,2021-11-16,2021-11-16T23:57:22
rtlbmp_gen,2021-11-17,2021-11-22T13:55:28
rtlbmp_gen,2021-11-18,2021-11-18T23:57:26
rtlbmp_gen,2021-11-19,2021-11-19T23:57:24
rtlbmp_gen,2021-11-20,2021-11-20T23:57:22
rtlbmp_gen,2021-11-21,2021-11-21T23:57:20
rtlbmp_gen,2021-11-22,2021-11-22T23:57:22
rtlbmp_gen,2021-11-23,2021-11-23T23:57:20
rtlbmp_gen,2021-11-24,2021-11-24T23:57:20
rtlbmp_gen,2021-11-25,2021-11-25T23:57:22
rtlbmp_gen,2021-11-26,2021-11-26T23:57:20
rtlbmp_gen,2021-11-27,2021-11-27T23:57:20
rtlbmp_gen,2021-11-28,2021-11-28T23:57:22
rtlbmp_gen,2021-11-29,2021-11-29T23:57:24
rtlbmp_gen,2021-11-30,2021-11-30T23:57:22
rtlbmp_gen,2021-12-01,2021-12-01T23:57:22
rtlbmp_gen,2021-12-02,2021-12-02T23:57:22
rtlbmp_gen,2021-12-03,2021-12-03T23:57:22
rtlbmp_gen,2021-12-04,2021-12-04T23:59:18
rtlbmp_gen,2021-12-05,2021-12-05T23:57:18
rtlbmp_gen,2021-12-06,2021-12-06T23:57:22
rtlbmp_gen,2021-12-07,2021-12-07T23:57:20
rtlbmp_gen,2021-12-08,2021-12-08T23:57:22
rtlbmp_gen,2021-12-09,2021-12-09T23:57:20
rtlbmp_gen,2021-12-10,2021-12-10T23:57:24
rtlbmp_gen,2021-12-11,2021-12-11T23:57:22
rtlbmp_gen,2021-12-12,2021-12-12T23:57:22
rtlbmp_gen,2021-12-13,2021-12-13T23:57:24
rtlbmp_gen,2021-12-14,2021-12-14T23:57:24
rtlbmp_gen,2021-12-15,2021-12-15T23:57:22
rtlbmp_gen,2021-12-16,2021-12-16T23:57:20
rtlbmp_gen,2021-12-17,2021-12-17T23:57:22
rtlbmp_gen,2021-12-18,2021-12-18T23:57:20
rtlbmp_gen,2021-12-19,2021-12-19T23:57:22
rtlbmp_gen,2021-12-20,2021-12-20T23:57:22
rtlbmp_gen,2021-12-21,2021-12-21T23:57:22
rtlbmp_gen,2021-12-22,2021-12-22T23:57:26
rtlbmp_gen,2021-12-23,2021-12-23T23:57:24
rtlbmp_gen,2021-12-24,2021-12-24T23:57:22
rtlbmp_gen,2021-12-25,2021-12-25T23:57:20
rtlbmp_gen,2021-12-26,2021-12-26T23:57:20
rtlbmp_gen,2021-12-27,2021-12-27T23:57:24
rtlbmp_gen,2021-12-28,2021-12-28T23:57:26
rtlbmp_gen,2021-12-29,2021-12-29T23:57:20
rtlbmp_gen,2021-12-30,2021-12-30T23:57:20
rtlbmp_gen,2021-12-31,2021-12-31T23:57:20
rtlbmp_gen,2022-01-01,2022-01-01T23:57:20
rtlbmp_gen,2022-01-02,2022-01-02T23:57:18
rtlbmp_gen,2022-01-03,2022-01-03T23:57:20
rtlbmp_gen,2022-01-04,2022-01-04T23:57:22
rtlbmp_gen,2022-01-05,2022-01-05T23:57:24
rtlbmp_gen,2022-01-06,2022-01-06T23:57:22
rtlbmp_gen,2022-01-07,2022-01-07T23:57:22
rtlbmp_gen,2022-01-08,2022-01-08T23:57:20
rtlbmp_gen,2022-01-09,2022-01-09T23:57:22
rtlbmp_gen,2022-01-10,2022-01-10T23:57:20
rtlbmp_gen,2022-01-11,2022-01-11T23:57:20
rtlbmp_gen,2022-01-12,2022-01-12T23:57:22
rtlbmp_gen,2022-01-13,2022-01-13T23:57:22
rtlbmp_gen,2022-01-14,2022-01-14T23:57:22
rtlbmp_gen,2022-01-15,2022-01-15T23:57:20
rtlbmp_gen,2022-01-16,2022-01-20T15:59:18
rtlbmp_gen,2022-01-17,2022-01-17T23:57:22
rtlbmp_gen,2022-01-18,2022-01-18T23:57:22
rtlbmp_gen,2022-01-19,2022-01-19T23:57:22
rtlbmp_gen,2022-01-20,2022-01-20T23:57:24
rtlbmp_gen,2022-01-21,2022-01-21T23:57:22
rtlbmp_gen,2022-01-22,2022-01-22T23:57:20
rtlbmp_gen,2022-01-23,2022-01-23T23:57:20
rtlbmp_gen,2022-01-24,2022-01-24T23:57:22
rtlbmp_gen,2022-01-25,2022-01-25T23:57:20
rtlbmp_gen,2022-01-26,2022-01-27T00:02:30
rtlbmp_gen,2022-01-27,2022-01-27T23:57:22
rtlbmp_gen,2022-01-28,2022-01-28T23:57:24
rtlbmp_gen,2022-01-29,2022-01-29T23:57:22
rtlbmp_gen,2022-01-30,2022-01-30T23:57:20
rtlbmp_gen,2022-01-31,2022-01-31T23:57:20
rtlbmp_gen,2022-02-01,2022-02-01T23:57:22
rtlbmp_gen,2022-02-02,2022-02-02T23:57:24
rtlbmp_gen,2022-02-03,2022-02-03T23:57:22
rtlbmp_gen,2022-02-04,2022-02-04T23:57:22
rtlbmp_gen,2022-02-05,2022-02-05T23:57:18
rtlbmp_gen,2022-02-06,2022-02-06T23:57:22
rtlbmp_gen,2022-02-07,2022-02-07T23:57:22
rtlbmp_gen,2022-02-08,2022-02-08T23:57:20
rtlbmp_gen,2022-02-09,2022-02-09T23:57:24
rtlbmp_gen,2022-02-10,2022-02-10T23:57:24
rtlbmp_gen,2022-02-11,2022-02-11T23:57:22
rtlbmp_gen,2022-02-12,2022-02-12T23:57:20
rtlbmp_gen,2022-02-13,2022-02-13T23:57:22
rtlbmp_gen,2022-02-14,2022-02-14T23:57:22
rtlbmp_gen,2022-02-15,2022-02-17T16:55:36
rtlbmp_gen,2022-02-16,2022-02-17T02:01:20
rtlbmp_gen,2022-02-17,2022-02-17T23:57:22
rtlbmp_gen,2022-02-18,2022-02-18T23:57:20
rtlbmp_gen,2022-02-19,2022-02-19T23:57:22
rtlbmp_gen,2022-02-20,2022-02-20T23:57:22
rtlbmp_gen,2022-02-21,2022-02-21T23:57:24
rtlbmp_gen,2022-02-22,2022-02-22T23:57:20
rtlbmp_gen,2022-02-23,2022-02-23T23:57:20
rtlbmp_gen,2022-02-24,2022-02-24T23:57:22
rtlbmp_gen,2022-02-25,2022-02-25T23:57:24
rtlbmp_gen,2022-02-26,2022-02-26T23:57:24
rtlbmp_gen,2022-02-27,2022-02-27T23:57:22
rtlbmp_gen,2022-02-28,2022-02-28T23:57:22
rtlbmp_gen,2022-03-01,2022-03-03T16:55:44
rtlbmp_gen,2022-03-02,2022-03-02T23:57:24
rtlbmp_gen,2022-03-03,2022-03-03T23:59:22
rtlbmp_gen,2022-03-04,2022-03-04T23:57:20
rtlbmp_gen,2022-03-05,2022-03-05T23:57:18
rtlbmp_gen,2022-03-06,2022-03-06T23:57:20
rtlbmp_gen,2022-03-07,2022-03-07T23:57:18
rtlbmp_gen,2022-03-08,2022-03-08T23:57:28
rtlbmp_gen,2022-03-09,2022-03-09T23:57:22
rtlbmp_gen,2022-03-10,2022-03-10T23:57:20
rtlbmp_gen,2022-03-11,2022-03-11T23:57:22
rtlbmp_gen,2022-03-12,2022-03-12T23:57:20
rtlbmp_gen,2022-03-13,2022-03-16T12:55:26
rtlbmp_gen,2022-03-14,2022-03-14T23:57:26
rtlbmp_gen,2022-03-15,2022-03-15T23:57:18
rtlbmp_gen,2022-03-16,2022-03-16T23:57:18
rtlbmp_gen,2022-03-17,2022-03-17T23:57:16
rtlbmp_gen,2022-03-18,2022-03-18T23:57:14
rtlbmp_gen,2022-03-19,2022-03-19T23:57:20
rtlbmp_gen,2022-03-20,2022-03-20T23:57:20
rtlbmp_gen,2022-03-21,2022-03-22T00:02:26
rtlbmp_gen,2022-03-22,2022-03-22T23:57:18
rtlbmp_gen,2022-03-23,2022-03-23T23:57:18
rtlbmp_gen,2022-03-24,2022-03-24T23:57:18
rtlbmp_gen,2022-03-25,2022-03-25T23:57:22
rtlbmp_gen,2022-03-26,2022-03-26T23:57:16
rtlbmp_gen,2022-03-27,2022-03-27T23:57:16
rtlbmp_gen,2022-03-28,2022-03-28T23:57:22
rtlbmp_gen,2022-03-29,2022-03-29T23:57:20
rtlbmp_gen,2022-03-30,2022-03-30T23:57:20
rtlbmp_gen,2022-03-31,2022-03-31T23:57:22
rtlbmp_gen,2022-04-01,2022-04-01T23:57:16
rtlbmp_gen,2022-04-02,2022-04-02T23:57:14
rtlbmp_gen,2022-04-03,2022-04-03T23:57:18
rtlbmp_gen,2022-04-04,2022-04-04T23:57:16
rtlbmp_gen,2022-04-05,2022-04-05T23:57:20
rtlbmp_gen,2022-04-06,2022-04-06T23:57:20
rtlbmp_gen,2022-04-07,2022-04-07T23:57:18
rtlbmp_gen,2022-04-08,2022-04-08T23:57:18
rtlbmp_gen,2022-04-09,2022-04-09T23:57:16
rtlbmp_gen,2022-04-10,2022-04-10T23:57:18
rtlbmp_gen,2022-04-11,2022-04-11T23:57:16
rtlbmp_gen,2022-04-12,2022-04-12T23:57:18
rtlbmp_gen,2022-04-13,2022-04-13T23:57:18
rtlbmp_gen,2022-04-14,2022-04-14T23:57:18
rtlbmp_gen,2022-04-15,2022-04-15T23:57:18
rtlbmp_gen,2022-04-16,2022-04-16T23:57:16
rtlbmp_gen,2022-04-17,2022-04-17T23:57:20
rtlbmp_gen,2022-04-18,2022-04-18T23:57:18
rtlbmp_gen,2022-04-19,2022-04-22T16:08:20
rtlbmp_gen,2022-04-20,2022-04-20T23:57:22
rtlbmp_gen,2022-04-21,2022-04-21T23:57:20
rtlbmp_gen,2022-04-22,2022-04-22T23:57:20
rtlbmp_gen,2022-04-23,2022-04-23T23:57:20
rtlbmp_gen,2022-04-24,2022-04-25T00:07:18
rtlbmp_gen,2022-04-25,2022-04-25T23:57:18
rtlbmp_gen,2022-04-26,2022-04-26T23:57:18
rtlbmp_gen,2022-04-27,2022-04-27T23:57:20
rtlbmp_gen,2022-04-28,2022-04-28T23:57:18
rtlbmp_gen,2022-04-29,2022-04-29T23:57:16
rtlbmp_gen,2022-04-30,2022-04-30T23:57:20
rtlbmp_gen,2022-05-01,2022-05-01T23:57:16
rtlbmp_gen,2022-05-02,2022-05-02T23:57:18
rtlbmp_gen,2022-05-03,2022-05-03T23:57:18
rtlbmp_gen,2022-05-04,2022-05-04T23:57:18
rtlbmp_gen,2022-05-05,2022-05-09T12:57:24
rtlbmp_gen,2022-05-06,2022-05-06T23:57:16
rtlbmp_gen,2022-05-07,2022-05-07T23:57:16
rtlbmp_gen,2022-05-08,2022-05-08T23:57:16
rtlbmp_gen,2022-05-09,2022-05-09T23:57:18
rtlbmp_gen,2022-05-10,2022-05-10T23:57:20
rtlbmp_gen,2022-05-11,2022-05-11T23:57:20
rtlbmp_gen,2022-05-12,2022-05-12T23:57:18
rtlbmp_gen,2022-05-13,2022-05-13T23:57:18
rtlbmp_gen,2022-05-14,2022-05-14T23:57:18
rtlbmp_gen,2022-05-15,2022-05-15T23:57:18
rtlbmp_gen,2022-05-16,2022-05-16T23:57:20
rtlbmp_gen,2022-05-17,2022-05-17T23:57:22
rtlbmp_gen,2022-05-18,2022-05-18T23:57:16
rtlbmp_gen,2022-05-19,2022-05-19T23:57:18
rtlbmp_gen,2022-05-20,2022-05-20T23:57:22
rtlbmp_gen,2022-05-21,2022-05-21T23:57:18
rtlbmp_gen,2022-05-22,2022-05-22T23:57:20
rtlbmp_gen,2022-05-23,2022-05-23T23:57:20
rtlbmp_gen,2022-05-24,2022-05-24T23:57:20
rtlbmp_gen,2022-05-25,2022-05-25T23:57:22
rtlbmp_gen,2022-05-26,2022-05-26T23:57:18
rtlbmp_gen,2022-05-27,2022-05-27T23:57:20
rtlbmp_gen,2022-05-28,2022-05-28T23:57:20
rtlbmp_gen,2022-05-29,2022-05-29T23:57:18
rtlbmp_gen,2022-05-30,2022-05-30T23:57:18
rtlbmp_gen,2022-05-31,2022-05-31T23:57:20
rtlbmp_gen,2022-06-01,2022-06-01T23:57:16
rtlbmp_gen,2022-06-02,2022-06-02T23:57:18
rtlbmp_gen,2022-06-03,2022-06-03T23:57:20
rtlbmp_gen,2022-06-04,2022-06-04T23:57:18
rtlbmp_gen,2022-06-05,2022-06-05T23:57:20
rtlbmp_gen,2022-06-06,2022-06-06T23:57:18
rtlbmp_gen,2022-06-07,2022-06-07T23:57:22
rtlbmp_gen,2022-06-08,2022-06-08T23:57:18
rtlbmp_gen,2022-06-09,2022-06-09T23:57:18
rtlbmp_gen,2022-06-10,2022-06-11T00:02:28
rtlbmp_gen,2022-06-11,2022-06-11T23:57:18
rtlbmp_gen,2022-06-12,2022-06-12T23:57:16
rtlbmp_gen,2022-06-13,2022-06-14T00:02:22
rtlbmp_gen,2022-06-14,2022-06-14T23:57:20
rtlbmp_gen,2022-06-15,2022-06-15T23:57:20
rtlbmp_gen,2022-06-16,2022-06-16T23:57:18
rtlbmp_gen,2022-06-17,2022-06-17T23:57:22
rtlbmp_gen,2022-06-18,2022-06-18T23:57:18
rtlbmp_gen,2022-06-19,2022-06-19T23:57:20
rtlbmp_gen,2022-06-20,2022-06-20T23:57:20
rtlbmp_gen,2022-06-21,2022-06-21T23:57:16
rtlbmp_gen,2022-06-22,2022-06-22T23:57:20
rtlbmp_gen,2022-06-23,2022-06-23T23:57:20
rtlbmp_gen,2022-06-24,2022-06-24T23:57:18
rtlbmp_gen,2022-06-25,2022-06-25T23:57:20
rtlbmp_gen,2022-06-26,2022-06-26T23:57:18
rtlbmp_gen,2022-06-27,2022-06-27T23:57:18
rtlbmp_gen,2022-06-28,2022-06-28T23:57:18
rtlbmp_gen,2022-06-29,2022-06-29T23:57:24
rtlbmp_gen,2022-06-30,2022-06-30T23:57:20
rtlbmp_gen,2022-07-01,2022-07-01T23:57:18
rtlbmp_gen,2022-07-02,2022-07-03T02:01:20
rtlbmp_gen,2022-07-03,2022-07-03T23:57:16
rtlbmp_gen,2022-07-04,2022-07-04T23:57:20
rtlbmp_gen,2022-07-05,2022-07-05T23:57:16
rtlbmp_gen,2022-07-06,2022-07-06T23:57:22
rtlbmp_gen,2022-07-07,2022-07-07T23:57:18
rtlbmp_gen,2022-07-08,2022-07-08T23:57:20
rtlbmp_gen,2022-07-09,2022-07-09T23:57:18
rtlbmp_gen,2022-07-10,2022-07-10T23:57:16
rtlbmp_gen,2022-07-11,2022-07-11T23:57:16
rtlbmp_gen,2022-07-12,2022-07-12T23:57:20
rtlbmp_gen,2022-07-13,2022-07-13T23:57:20
rtlbmp_gen,2022-07-14,2022-07-14T23:57:16
rtlbmp_gen,2022-07-15,2022-07-15T23:57:18
rtlbmp_gen,2022-07-16,2022-07-16T23:57:18
rtlbmp_gen,2022-07-17,2022-07-17T23:57:20
rtlbmp_gen,2022-07-18,2022-07-18T23:57:20
rtlbmp_gen,2022-07-19,2022-07-19T23:57:18
rtlbmp_gen,2022-07-20,2022-07-25T17:02:36
rtlbmp_gen,2022-07-21,2022-07-21T23:57:18
rtlbmp_gen,2022-07-22,2022-07-22T23:57:20
rtlbmp_gen,2022-07-23,2022-07-23T23:57:20
rtlbmp_gen,2022-07-24,2022-07-24T23:57:20
rtlbmp_gen,2022-07-25,2022-07-25T23:57:18
rtlbmp_gen,2022-07-26,2022-07-27T00:02:32
rtlbmp_gen,2022-07-27,2022-07-27T23:57:24
rtlbmp_gen,2022-07-28,2022-07-28T23:57:20
rtlbmp_gen,2022-07-29,2022-07-30T02:01:22
rtlbmp_gen,2022-07-30,2022-08-02T08:55:30
rtlbmp_gen,2022-07-31,2022-08-03T16:57:30
rtlbmp_gen,2022-08-01,2022-08-01T23:57:20
rtlbmp_gen,2022-08-02,2022-08-02T23:57:16
rtlbmp_gen,2022-08-03,2022-08-03T23:57:16
rtlbmp_gen,2022-08-04,2022-08-04T23:57:20
rtlbmp_gen,2022-08-05,2022-08-05T23:57:20
rtlbmp_gen,2022-08-06,2022-08-06T23:57:18
rtlbmp_gen,2022-08-07,2022-08-07T23:57:20
rtlbmp_gen,2022-08-08,2022-08-08T23:57:20
rtlbmp_gen,2022-08-09,2022-08-12T14:07:28
rtlbmp_gen,2022-08-10,2022-08-15T11:08:16
rtlbmp_gen,2022-08-11,2022-08-11T23:57:18
rtlbmp_gen,2022-08-12,2022-08-12T23:57:20
rtlbmp_gen,2022-08-13,2022-08-14T00:00:30
rtlbmp_gen,2022-08-14,2022-08-14T23:57:18
rtlbmp_gen,2022-08-15,2022-08-18T16:55:28
rtlbmp_gen,2022-08-16,2022-08-16T23:57:18
rtlbmp_gen,2022-08-17,2022-08-17T23:57:16
rtlbmp_gen,2022-08-18,2022-08-18T23:57:16
rtlbmp_gen,2022-08-19,2022-08-19T23:57:20
rtlbmp_gen,2022-08-20,2022-08-20T23:57:20
rtlbmp_gen,2022-08-21,2022-08-21T23:57:16
rtlbmp_gen,2022-08-22,2022-08-22T23:57:18
rtlbmp_gen,2022-08-23,2022-08-23T23:57:18
rtlbmp_gen,2022-08-24,2022-08-24T23:57:20
rtlbmp_gen,2022-08-25,2022-08-25T23:57:20
rtlbmp_gen,2022-08-26,2022-08-26T23:57:18
rtlbmp_gen,2022-08-27,2022-08-27T23:57:18
rtlbmp_gen,2022-08-28,2022-08-28T23:57:20
rtlbmp_gen,2022-08-29,2022-08-29T23:57:20
rtlbmp_gen,2022-08-30,2022-08-30T23:57:20
rtlbmp_gen,2022-08-31,2022-09-02T16:09:22
rtlbmp_gen,2022-09-01,2022-09-01T23:57:20
rtlbmp_gen,2022-09-02,2022-09-02T23:57:16
rtlbmp_gen,2022-09-03,2022-09-03T23:57:16
rtlbmp_gen,2022-09-04,2022-09-04T23:57:16
rtlbmp_gen,2022-09-05,2022-09-05T23:57:14
rtlbmp_gen,2022-09-06,2022-09-06T23:57:16
rtlbmp_gen,2022-09-07,2022-09-07T23:57:16
rtlbmp_gen,2022-09-08,2022-09-08T23:57:18
rtlbmp_gen,2022-09-09,2022-09-09T23:57:18
rtlbmp_gen,2022-09-10,2022-09-10T23:57:18
rtlbmp_gen,2022-09-11,2022-09-11T23:57:20
rtlbmp_gen,2022-09-12,2022-09-13T00:02:26
rtlbmp_gen,2022-09-13,2022-09-13T23:57:18
rtlbmp_gen,2022-09-14,2022-09-14T23:57:18
rtlbmp_gen,2022-09-15,2022-09-15T23:57:18
rtlbmp_gen,2022-09-16,2022-09-16T23:57:18
rtlbmp_gen,2022-09-17,2022-09-17T23:57:16
rtlbmp_gen,2022-09-18,2022-09-18T23:57:18
rtlbmp_gen,2022-09-19,2022-09-19T23:57:18
rtlbmp_gen,2022-09-20,2022-09-20T23:57:18
rtlbmp_gen,2022-09-21,2022-09-21T23:57:20
rtlbmp_gen,2022-09-22,2022-09-22T23:57:20
rtlbmp_gen,2022-09-23,2022-09-23T23:57:18
rtlbmp_gen,2022-09-24,2022-09-24T23:57:18
rtlbmp_gen,2022-09-25,2022-09-25T23:57:16
rtlbmp_gen,2022-09-26,2022-09-26T23:57:16
rtlbmp_gen,2022-09-27,2022-09-27T23:57:16
rtlbmp_gen,2022-09-28,2022-09-28T23:57:16
rtlbmp_gen,2022-09-29,2022-09-30T02:01:18
rtlbmp_gen,2022-09-30,2022-09-30T23:57:18
rtlbmp_gen,2022-10-01,2022-10-01T23:57:18
rtlbmp_gen,2022-10-02,2022-10-02T23:57:16
rtlbmp_gen,2022-10-03,2022-10-03T23:57:16
rtlbmp_gen,2022-10-04,2022-10-04T23:57:24
rtlbmp_gen,2022-10-05,2022-10-05T23:57:18
rtlbmp_gen,2022-10-06,2022-10-06T23:57:16
rtlbmp_gen,2022-10-07,2022-10-07T23:57:16
rtlbmp_gen,2022-10-08,2022-10-08T23:57:18
rtlbmp_gen,2022-10-09,2022-10-09T23:57:16
rtlbmp_gen,2022-10-10,2022-10-10T23:57:18
rtlbmp_gen,2022-10-11,2022-10-11T23:57:16
rtlbmp_gen,2022-10-12,2022-10-12T23:57:18
rtlbmp_gen,2022-10-13,2022-10-13T23:57:18
rtlbmp_gen,2022-10-14,2022-10-14T23:57:16
rtlbmp_gen,2022-10-15,2022-10-15T23:57:16
rtlbmp_gen,2022-10-16,2022-10-16T23:57:14
rtlbmp_gen,2022-10-17,2022-10-17T23:57:16
rtlbmp_gen,2022-10-18,2022-10-18T23:57:16
rtlbmp_gen,2022-10-19,2022-10-19T23:57:16
rtlbmp_gen,2022-10-20,2022-10-20T23:57:14
rtlbmp_gen,2022-10-21,2022-10-21T23:57:18
rtlbmp_gen,2022-10-22,2022-10-22T23:57:16
rtlbmp_gen,2022-10-23,2022-10-23T23:57:16
rtlbmp_gen,2022-10-24,2022-10-24T23:57:18
rtlbmp_gen,2022-10-25,2022-10-25T23:57:18
rtlbmp_gen,2022-10-26,2022-10-26T23:57:16
rtlbmp_gen,2022-10-27,2022-10-27T23:57:16
rtlbmp_gen,2022-10-28,2022-10-28T23:57:16
rtlbmp_gen,2022-10-29,2022-10-29T23:57:16
rtlbmp_gen,2022-10-30,2022-10-30T23:57:16
rtlbmp_gen,2022-10-31,2022-10-31T23:57:16
rtlbmp_gen,2022-11-01,2022-11-01T23:57:16
rtlbmp_gen,2022-11-02,2022-11-02T23:57:14
rtlbmp_gen,2022-11-03,2022-11-03T23:57:16
rtlbmp_gen,2022-11-04,2022-11-04T23:57:14
rtlbmp_gen,2022-11-05,2022-11-05T23:57:16
rtlbmp_gen,2022-11-06,2022-11-07T02:01:18
rtlbmp_gen,2022-11-07,2022-11-07T23:57:22
rtlbmp_gen,2022-11-08,2022-11-08T23:57:16
rtlbmp_gen,2022-11-09,2022-11-09T23:57:16
rtlbmp_gen,2022-11-10,2022-11-10T23:57:16
rtlbmp_gen,2022-11-11,2022-11-11T23:57:16
rtlbmp_gen,2022-11-12,2022-11-12T23:57:14
rtlbmp_gen,2022-11-13,2022-11-13T23:57:16
rtlbmp_gen,2022-11-14,2022-11-14T23:57:14
rtlbmp_gen,2022-11-15,2022-11-15T23:57:16
rtlbmp_gen,2022-11-16,2022-11-16T23:57:16
rtlbmp_gen,2022-11-17,2022-11-17T23:57:18
rtlbmp_gen,2022-11-18,2022-11-18T23:57:18
rtlbmp_gen,2022-11-19,2022-11-20T00:02:20
rtlbmp_gen,2022-11-20,2022-11-20T23:57:16
rtlbmp_gen,2022-11-21,2022-11-21T23:57:18
rtlbmp_gen,2022-11-22,2022-11-22T23:57:16
rtlbmp_gen,2022-11-23,2022-11-23T23:57:16
rtlbmp_gen,2022-11-24,2022-11-24T23:57:18
rtlbmp_gen,2022-11-25,2022-11-25T23:57:16
rtlbmp_gen,2022-11-26,2022-11-26T23:57:16
rtlbmp_gen,2022-11-27,2022-11-27T23:57:16
rtlbmp_gen,2022-11-28,2022-11-28T23:57:18
rtlbmp_gen,2022-11-29,2022-11-29T23:57:16
rtlbmp_gen,2022-11-30,2022-11-30T23:57:16
rtlbmp_gen,2022-12-01,2022-12-01T23:57:16
rtlbmp_gen,2022-12-02,2022-12-02T23:57:16
rtlbmp_gen,2022-12-03,2022-12-03T23:57:14
rtlbmp_gen,2022-12-04,2022-12-04T23:57:14
rtlbmp_gen,2022-12-05,2022-12-08T16:55:28
rtlbmp_gen,2022-12-06,2022-12-06T23:57:18
rtlbmp_gen,2022-12-07,2022-12-07T23:57:16
rtlbmp_gen,2022-12-08,2022-12-08T23:57:18
rtlbmp_gen,2022-12-09,2022-12-09T23:57:16
rtlbmp_gen,2022-12-10,2022-12-10T23:57:16
rtlbmp_gen,2022-12-11,2022-12-11T23:57:16
rtlbmp_gen,2022-12-12,2022-12-12T23:57:20
rtlbmp_gen,2022-12-13,2022-12-13T23:57:16
rtlbmp_gen,2022-12-14,2022-12-14T23:57:18
rtlbmp_gen,2022-12-15,2022-12-15T23:57:18
rtlbmp_gen,2022-12-16,2022-12-16T23:57:24
rtlbmp_gen,2022-12-17,2022-12-17T23:57:16
rtlbmp_gen,2022-12-18,2022-12-18T23:57:18
rtlbmp_gen,2022-12-19,2022-12-19T23:57:16
rtlbmp_gen,2022-12-20,2022-12-20T23:57:18
rtlbmp_gen,2022-12-21,2022-12-21T23:57:16
rtlbmp_gen,2022-12-22,2022-12-22T23:57:18
rtlbmp_gen,2022-12-23,2022-12-23T23:57:18
rtlbmp_gen,2022-12-24,2022-12-24T23:57:20
rtlbmp_gen,2022-12-25,2022-12-25T23:57:18
rtlbmp_gen,2022-12-26,2022-12-26T23:57:16
rtlbmp_gen,2022-12-27,2022-12-27T23:57:18
rtlbmp_gen,2022-12-28,2022-12-28T23:57:18
rtlbmp_gen,2022-12-29,2022-12-29T23:57:16
rtlbmp_gen,2022-12-30,2022-12-30T23:57:18
rtlbmp_gen,2022-12-31,2022-12-31T23:57:18
rtlbmp_gen,2023-01-01,2023-01-01T23:57:16
rtlbmp_gen,2023-01-02,2023-01-02T23:57:16
rtlbmp_gen,2023-01-03,2023-01-03T23:57:14
rtlbmp_gen,2023-01-04,2023-01-04T23:57:16
rtlbmp_gen,2023-01-05,2023-01-05T23:57:16
rtlbmp_gen,2023-01-06,2023-01-06T23:57:16
rtlbmp_gen,2023-01-07,2023-01-07T23:57:14
rtlbmp_gen,2023-01-08,2023-01-08T23:57:16
rtlbmp_gen,2023-01-09,2023-01-09T23:57:16
rtlbmp_gen,2023-01-10,2023-01-13T17:55:32
rtlbmp_gen,2023-01-11,2023-01-11T23:57:18
rtlbmp_gen,2023-01-12,2023-01-12T23:57:18
rtlbmp_gen,2023-01-13,2023-01-13T23:57:16
rtlbmp_gen,2023-01-14,2023-01-14T23:57:16
rtlbmp_gen,2023-01-15,2023-01-15T23:57:16
rtlbmp_gen,2023-01-16,2023-01-16T23:57:16
rtlbmp_gen,2023-01-17,2023-01-17T23:57:18
rtlbmp_gen,2023-01-18,2023-01-19T00:02:22
rtlbmp_gen,2023-01-19,2023-01-19T23:57:16
rtlbmp_gen,2023-01-20,2023-01-20T23:57:14
rtlbmp_gen,2023-01-21,2023-01-21T23:57:18
rtlbmp_gen,2023-01-22,2023-01-22T23:57:14
rtlbmp_gen,2023-01-23,2023-01-23T23:57:14
rtlbmp_gen,2023-01-24,2023-01-24T23:57:16
rtlbmp_gen,2023-01-25,2023-01-25T23:57:16
rtlbmp_gen,2023-01-26,2023-01-26T23:57:16
rtlbmp_gen,2023-01-27,2023-01-27T23:57:18
rtlbmp_gen,2023-01-28,2023-01-28T23:57:16
rtlbmp_gen,2023-01-29,2023-01-29T23:57:18
rtlbmp_gen,2023-01-30,2023-01-30T23:57:14
rtlbmp_gen,2023-01-31,2023-01-31T23:57:16
rtlbmp_gen,2023-02-01,2023-02-01T23:57:16
rtlbmp_gen,2023-02-02,2023-02-02T23:57:20
rtlbmp_gen,2023-02-03,2023-02-03T23:57:16
rtlbmp_gen,2023-02-04,2023-02-04T23:57:18
rtlbmp_gen,2023-02-05,2023-02-05T23:57:16
rtlbmp_gen,2023-02-06,2023-02-06T23:57:16
rtlbmp_gen,2023-02-07,2023-02-07T23:57:18
rtlbmp_gen,2023-02-08,2023-02-08T23:57:16
rtlbmp_gen,2023-02-09,2023-02-09T23:57:16
rtlbmp_gen,2023-02-10,2023-02-10T23:57:16
rtlbmp_gen,2023-02-11,2023-02-11T23:57:16
rtlbmp_gen,2023-02-12,2023-02-12T23:57:16
rtlbmp_gen,2023-02-13,2023-02-13T23:57:16
rtlbmp_gen,2023-02-14,2023-02-14T23:57:16
rtlbmp_gen,2023-02-15,2023-02-15T23:57:14
rtlbmp_gen,2023-02-16,2023-02-16T23:57:16
rtlbmp_gen,2023-02-17,2023-02-18T02:01:18
rtlbmp_gen,2023-02-18,2023-02-18T23:57:16
rtlbmp_gen,2023-02-19,2023-02-19T23:57:16
rtlbmp_gen,2023-02-20,2023-02-20T23:57:16
rtlbmp_gen,2023-02-21,2023-02-21T23:57:16
rtlbmp_gen,2023-02-22,2023-02-22T23:57:16
rtlbmp_gen,2023-02-23,2023-02-23T23:57:14
rtlbmp_gen,2023-02-24,2023-02-24T23:57:18
rtlbmp_gen,2023-02-25,2023-02-25T23:57:16
rtlbmp_gen,2023-02-26,2023-02-26T23:57:16
rtlbmp_gen,2023-02-27,2023-02-27T23:57:18
rtlbmp_gen,2023-02-28,2023-02-28T23:57:18
rtlbmp_gen,2023-03-01,2023-03-01T23:57:16
rtlbmp_gen,2023-03-02,2023-03-02T23:57:16
rtlbmp_gen,2023-03-03,2023-03-03T23:57:16
rtlbmp_gen,2023-03-04,2023-03-04T23:57:18
rtlbmp_gen,2023-03-05,2023-03-05T23:57:16
rtlbmp_gen,2023-03-06,2023-03-06T23:57:20
rtlbmp_gen,2023-03-07,2023-03-07T23:57:14
rtlbmp_gen,2023-03-08,2023-03-08T23:57:16
rtlbmp_gen,2023-03-09,2023-03-09T23:57:16
rtlbmp_gen,2023-03-10,2023-03-10T23:57:16
rtlbmp_gen,2023-03-11,2023-03-11T23:57:18
rtlbmp_gen,2023-03-12,2023-03-12T23:57:16
rtlbmp_gen,2023-03-13,2023-03-13T23:57:16
rtlbmp_gen,2023-03-14,2023-03-14T23:57:22
rtlbmp_gen,2023-03-15,2023-03-17T16:55:30
rtlbmp_gen,2023-03-16,2023-03-16T23:57:16
rtlbmp_gen,2023-03-17,2023-03-17T23:57:16
rtlbmp_gen,2023-03-18,2023-03-18T23:57:16
rtlbmp_gen,2023-03-19,2023-03-19T23:57:16
rtlbmp_gen,2023-03-20,2023-03-20T23:57:18
rtlbmp_gen,2023-03-21,2023-03-21T23:57:18
rtlbmp_gen,2023-03-22,2023-03-22T23:57:16
rtlbmp_gen,2023-03-23,2023-03-23T23:57:20
rtlbmp_gen,2023-03-24,2023-03-24T23:57:16
rtlbmp_gen,2023-03-25,2023-03-25T23:57:16
rtlbmp_gen,2023-03-26,2023-03-26T23:57:16
rtlbmp_gen,2023-03-27,2023-03-27T23:57:18
rtlbmp_gen,2023-03-28,2023-03-28T23:57:16
rtlbmp_gen,2023-03-29,2023-03-29T23:57:18
rtlbmp_gen,2023-03-30,2023-03-30T23:57:18
rtlbmp_gen,2023-03-31,2023-03-31T23:57:16
rtlbmp_gen,2023-04-01,2023-04-01T23:57:14
rtlbmp_gen,2023-04-02,2023-04-02T23:57:16
rtlbmp_gen,2023-04-03,2023-04-03T23:57:14
rtlbmp_gen,2023-04-04,2023-04-04T23:57:18
rtlbmp_gen,2023-04-05,2023-04-05T23:57:16
rtlbmp_gen,2023-04-06,2023-04-07T02:01:18
rtlbmp_gen,2023-04-07,2023-04-07T23:57:16
rtlbmp_gen,2023-04-08,2023-04-08T23:57:16
rtlbmp_gen,2023-04-09,2023-04-09T23:57:16
rtlbmp_gen,2023-04-10,2023-04-10T23:57:16
rtlbmp_gen,2023-04-11,2023-04-11T23:57:16
rtlbmp_gen,2023-04-12,2023-04-12T23:57:16
rtlbmp_gen,2023-04-13,2023-04-13T23:57:18
rtlbmp_gen,2023-04-14,2023-04-18T16:55:30
rtlbmp_gen,2023-04-15,2023-04-15T23:57:16
rtlbmp_gen,2023-04-16,2023-04-16T23:57:16
rtlbmp_gen,2023-04-17,2023-04-17T23:57:18
rtlbmp_gen,2023-04-18,2023-04-18T23:57:16
rtlbmp_gen,2023-04-19,2023-04-20T02:01:18
rtlbmp_gen,2023-04-20,2023-04-20T23:57:10
rtlbmp_gen,2023-04-21,2023-04-21T23:57:10
rtlbmp_gen,2023-04-22,2023-04-22T23:57:08
rtlbmp_gen,2023-04-23,2023-04-23T23:57:10
rtlbmp_gen,2023-04-24,2023-04-24T23:57:10
rtlbmp_gen,2023-04-25,2023-04-25T23:57:10
rtlbmp_gen,2023-04-26,2023-04-26T23:57:10
rtlbmp_gen,2023-04-27,2023-04-27T23:57:10
rtlbmp_gen,2023-04-28,2023-04-28T23:57:10
rtlbmp_gen,2023-04-29,2023-04-29T23:57:10
rtlbmp_gen,2023-04-30,2023-04-30T23:57:14
rtlbmp_gen,2023-05-01,2023-05-01T23:57:10
rtlbmp_gen,2023-05-02,2023-05-02T23:57:10
rtlbmp_gen,2023-05-03,2023-05-04T17:46:32
rtlbmp_gen,2023-05-04,2023-05-04T23:57:08
rtlbmp_gen,2023-05-05,2023-05-05T23:57:08
rtlbmp_gen,2023-05-06,2023-05-06T23:57:10
rtlbmp_gen,2023-05-07,2023-05-07T23:57:10
rtlbmp_gen,2023-05-08,2023-05-08T23:57:08
rtlbmp_gen,2023-05-09,2023-05-09T23:57:08
rtlbmp_gen,2023-05-10,2023-05-10T23:57:08
rtlbmp_gen,2023-05-11,2023-05-11T23:57:08
rtlbmp_gen,2023-05-12,2023-05-12T23:57:10
rtlbmp_gen,2023-05-13,2023-05-16T16:55:18
rtlbmp_gen,2023-05-14,2023-05-14T23:57:10
rtlbmp_gen,2023-05-15,2023-05-15T23:57:08
rtlbmp_gen,2023-05-16,2023-05-16T23:57:14
rtlbmp_gen,2023-05-17,2023-05-17T23:57:08
rtlbmp_gen,2023-05-18,2023-05-18T23:57:08
rtlbmp_gen,2023-05-19,2023-05-19T23:57:10
rtlbmp_gen,2023-05-20,2023-05-20T23:57:10
rtlbmp_gen,2023-05-21,2023-05-22T15:08:56
rtlbmp_gen,2023-05-22,2023-05-22T23:57:08
rtlbmp_gen,2023-05-23,2023-05-23T23:57:10
rtlbmp_gen,2023-05-24,2023-05-24T23:57:10
rtlbmp_gen,2023-05-25,2023-05-25T23:57:10
rtlbmp_gen,2023-05-26,2023-05-26T23:57:10
rtlbmp_gen,2023-05-27,2023-05-27T23:57:10
rtlbmp_gen,2023-05-28,2023-05-28T23:57:08
rtlbmp_gen,2023-05-29,2023-05-29T23:57:08
rtlbmp_gen,2023-05-30,2023-05-30T23:57:10
rtlbmp_gen,2023-05-31,2023-05-31T23:57:08
rtlbmp_gen,2023-06-01,2023-06-01T23:57:08
rtlbmp_gen,2023-06-02,2023-06-03T02:01:08
rtlbmp_gen,2023-06-03,2023-06-03T23:57:08
rtlbmp_gen,2023-06-04,2023-06-04T23:57:08
rtlbmp_gen,2023-06-05,2023-06-05T23:57:10
rtlbmp_gen,2023-06-06,2023-06-07T01:55:12
rtlbmp_gen,2023-06-07,2023-06-07T23:57:08
rtlbmp_gen,2023-06-08,2023-06-08T23:57:08
rtlbmp_gen,2023-06-09,2023-06-09T23:57:10
rtlbmp_gen,2023-06-10,2023-06-10T23:57:08
rtlbmp_gen,2023-06-11,2023-06-14T16:03:12
rtlbmp_gen,2023-06-12,2023-06-12T23:57:10
rtlbmp_gen,2023-06-13,2023-06-13T23:57:08
rtlbmp_gen,2023-06-14,2023-06-14T23:57:10
rtlbmp_gen,2023-06-15,2023-06-15T23:57:12
rtlbmp_gen,2023-06-16,2023-06-16T23:57:10
rtlbmp_gen,2023-06-17,2023-06-17T23:57:10
rtlbmp_gen,2023-06-18,2023-06-18T23:57:10
rtlbmp_gen,2023-06-19,2023-06-19T23:57:10
rtlbmp_gen,2023-06-20,2023-06-20T23:57:10
rtlbmp_gen,2023-06-21,2023-06-21T23:57:10
rtlbmp_gen,2023-06-22,2023-06-22T23:57:10
rtlbmp_gen,2023-06-23,2023-06-23T23:57:10
rtlbmp_gen,2023-06-24,2023-06-24T23:57:10
rtlbmp_gen,2023-06-25,2023-06-25T23:57:12
rtlbmp_gen,2023-06-26,2023-06-26T23:57:10
rtlbmp_gen,2023-06-27,2023-06-27T23:57:12
rtlbmp_gen,2023-06-28,2023-06-28T23:57:10
rtlbmp_gen,2023-06-29,2023-06-29T23:57:10
rtlbmp_gen,2023-06-30,2023-06-30T23:57:08
rtlbmp_gen,2023-07-01,2023-07-01T23:57:08
rtlbmp_gen,2023-07-02,2023-07-02T23:57:22
rtlbmp_gen,2023-07-03,2023-07-03T23:57:16
rtlbmp_gen,2023-07-04,2023-07-04T23:57:12
rtlbmp_gen,2023-07-05,2023-07-05T23:57:08
rtlbmp_gen,2023-07-06,2023-07-06T23:57:08
rtlbmp_gen,2023-07-07,2023-07-07T23:57:24
rtlbmp_gen,2023-07-08,2023-07-08T23:57:12
rtlbmp_gen,2023-07-09,2023-07-09T23:57:08
rtlbmp_gen,2023-07-10,2023-07-10T23:57:10
rtlbmp_gen,2023-07-11,2023-07-11T23:57:12
rtlbmp_gen,2023-07-12,2023-07-12T23:57:10
rtlbmp_gen,2023-07-13,2023-07-13T23:57:08
rtlbmp_gen,2023-07-14,2023-07-14T23:57:10
rtlbmp_gen,2023-07-15,2023-07-15T23:57:10
rtlbmp_gen,2023-07-16,2023-07-16T23:57:08
rtlbmp_gen,2023-07-17,2023-07-17T23:57:10
rtlbmp_gen,2023-07-18,2023-07-18T23:57:10
rtlbmp_gen,2023-07-19,2023-07-19T23:57:12
rtlbmp_gen,2023-07-20,2023-07-20T23:57:08
rtlbmp_gen,2023-07-21,2023-07-21T23:57:10
rtlbmp_gen,2023-07-22,2023-07-22T23:57:10
rtlbmp_gen,2023-07-23,2023-07-23T23:57:10
rtlbmp_gen,2023-07-24,2023-07-24T23:57:10
rtlbmp_gen,2023-07-25,2023-07-25T23:57:10
rtlbmp_gen,2023-07-26,2023-07-26T23:57:10
rtlbmp_gen,2023-07-27,2023-07-27T23:57:10
rtlbmp_gen,2023-07-28,2023-07-28T23:57:12
rtlbmp_gen,2023-07-29,2023-07-29T23:57:10
rtlbmp_gen,2023-07-30,2023-07-30T23:57:10
rtlbmp_gen,2023-07-31,2023-07-31T23:57:12
rtlbmp_gen,2023-08-01,2023-08-01T23:57:08
rtlbmp_gen,2023-08-02,2023-08-02T23:57:08
rtlbmp_gen,2023-08-03,2023-08-03T23:57:08
rtlbmp_gen,2023-08-04,2023-08-04T23:57:08
rtlbmp_gen,2023-08-05,2023-08-05T23:57:10
rtlbmp_gen,2023-08-06,2023-08-06T23:57:08
rtlbmp_gen,2023-08-07,2023-08-07T23:57:10
rtlbmp_gen,2023-08-08,2023-08-08T23:57:10
rtlbmp_gen,2023-08-09,2023-08-09T23:57:10
rtlbmp_gen,2023-08-10,2023-08-10T23:57:10
rtlbmp_gen,2023-08-11,2023-08-11T23:57:10
rtlbmp_gen,2023-08-12,2023-08-12T23:57:08
rtlbmp_gen,2023-08-13,2023-08-13T23:57:08
rtlbmp_gen,2023-08-14,2023-08-14T23:57:10
rtlbmp_gen,2023-08-15,2023-08-15T23:57:08
rtlbmp_gen,2023-08-16,2023-08-16T23:57:10
rtlbmp_gen,2023-08-17,2023-08-17T23:57:10
rtlbmp_gen,2023-08-18,2023-08-23T16:55:12
rtlbmp_gen,2023-08-19,2023-08-19T23:57:10
rtlbmp_gen,2023-08-20,2023-08-20T23:57:10
rtlbmp_gen,2023-08-21,2023-08-21T23:57:10
rtlbmp_gen,2023-08-22,2023-08-22T23:57:10
rtlbmp_gen,2023-08-23,2023-08-24T02:01:16
rtlbmp_gen,2023-08-24,2023-08-24T23:57:10
rtlbmp_gen,2023-08-25,2023-08-25T23:57:10
rtlbmp_gen,2023-08-26,2023-08-26T23:57:10
rtlbmp_gen,2023-08-27,2023-08-27T23:57:10
rtlbmp_gen,2023-08-28,2023-08-28T23:57:10
rtlbmp_gen,2023-08-29,2023-08-29T23:57:10
rtlbmp_gen,2023-08-30,2023-08-30T23:57:08
rtlbmp_gen,2023-08-31,2023-08-31T23:57:12
rtlbmp_gen,2023-09-01,2023-09-02T00:55:12
rtlbmp_gen,2023-09-02,2023-09-02T23:57:08
rtlbmp_gen,2023-09-03,2023-09-03T23:57:10
rtlbmp_gen,2023-09-04,2023-09-04T23:57:10
rtlbmp_gen,2023-09-05,2023-09-05T23:57:08
rtlbmp_gen,2023-09-06,2023-09-06T23:57:08
rtlbmp_gen,2023-09-07,2023-09-08T00:02:18
rtlbmp_gen,2023-09-08,2023-09-08T23:57:08
rtlbmp_gen,2023-09-09,2023-09-09T23:57:10
rtlbmp_gen,2023-09-10,2023-09-10T23:57:10
rtlbmp_gen,2023-09-11,2023-09-11T23:57:08
rtlbmp_gen,2023-09-12,2023-09-12T23:57:10
rtlbmp_gen,2023-09-13,2023-09-13T23:57:12
rtlbmp_gen,2023-09-14,2023-09-14T23:57:10
rtlbmp_gen,2023-09-15,2023-09-15T23:57:10
rtlbmp_gen,2023-09-16,2023-09-16T23:57:10
rtlbmp_gen,2023-09-17,2023-09-17T23:57:08
rtlbmp_gen,2023-09-18,2023-09-18T23:57:08
rtlbmp_gen,2023-09-19,2023-09-19T23:57:10
rtlbmp_gen,2023-09-20,2023-09-20T23:57:10
rtlbmp_gen,2023-09-21,2023-09-21T23:57:10
rtlbmp_gen,2023-09-22,2023-09-22T23:57:10
rtlbmp_gen,2023-09-23,2023-09-23T23:57:08
rtlbmp_gen,2023-09-24,2023-09-24T23:57:10
rtlbmp_gen,2023-09-25,2023-09-25T23:57:10
rtlbmp_gen,2023-09-26,2023-09-26T23:57:12
rtlbmp_gen,2023-09-27,2023-09-27T23:57:10
rtlbmp_gen,2023-09-28,2023-09-28T23:57:10
rtlbmp_gen,2023-09-29,2023-09-29T23:57:10
rtlbmp_gen,2023-09-30,2023-09-30T23:57:14
rtlbmp_gen,2023-10-01,2023-10-01T23:57:10
rtlbmp_gen,2023-10-02,2023-10-02T23:57:08
rtlbmp_gen,2023-10-03,2023-10-03T23:57:08
rtlbmp_gen,2023-10-04,2023-10-04T23:57:10
rtlbmp_gen,2023-10-05,2023-10-05T23:57:14
rtlbmp_gen,2023-10-06,2023-10-06T23:57:08
rtlbmp_gen,2023-10-07,2023-10-07T23:57:08
rtlbmp_gen,2023-10-08,2023-10-09T00:00:16
rtlbmp_gen,2023-10-09,2023-10-12T17:17:14
rtlbmp_gen,2023-10-10,2023-10-10T23:57:08
rtlbmp_gen,2023-10-11,2023-10-11T23:57:08
rtlbmp_gen,2023-10-12,2023-10-12T23:57:08
rtlbmp_gen,2023-10-13,2023-10-13T23:57:12
rtlbmp_gen,2023-10-14,2023-10-14T23:57:12
rtlbmp_gen,2023-10-15,2023-10-15T23:57:10
rtlbmp_gen,2023-10-16,2023-10-16T23:57:14
rtlbmp_gen,2023-10-17,2023-10-17T23:57:10
rtlbmp_gen,2023-10-18,2023-10-18T23:57:10
rtlbmp_gen,2023-10-19,2023-10-19T23:57:10
rtlbmp_gen,2023-10-20,2023-10-20T23:57:10
rtlbmp_gen,2023-10-21,2023-10-21T23:57:12
rtlbmp_gen,2023-10-22,2023-10-22T23:57:10
rtlbmp_gen,2023-10-23,2023-10-23T23:57:10
rtlbmp_gen,2023-10-24,2023-10-24T23:57:10
rtlbmp_gen,2023-10-25,2023-10-25T23:57:12
rtlbmp_gen,2023-10-26,2023-10-26T23:57:10
rtlbmp_gen,2023-10-27,2023-10-27T23:57:10
rtlbmp_gen,2023-10-28,2023-10-29T00:55:14
rtlbmp_gen,2023-10-29,2023-10-29T23:57:10
rtlbmp_gen,2023-10-30,2023-10-30T23:57:10
rtlbmp_gen,2023-10-31,2023-10-31T23:57:12
rtlbmp_gen,2023-11-01,2023-11-01T23:57:14
rtlbmp_gen,2023-11-02,2023-11-02T23:57:10
rtlbmp_gen,2023-11-03,2023-11-03T23:57:10
rtlbmp_gen,2023-11-04,2023-11-04T23:57:08
rtlbmp_gen,2023-11-05,2023-11-05T23:57:10
rtlbmp_gen,2023-11-06,2023-11-06T23:57:10
rtlbmp_gen,2023-11-07,2023-11-07T23:57:08
rtlbmp_gen,2023-11-08,2023-11-08T23:57:08
rtlbmp_gen,2023-11-09,2023-11-09T23:57:10
rtlbmp_gen,2023-11-10,2023-11-10T23:57:10
rtlbmp_gen,2023-11-11,2023-11-11T23:57:10
rtlbmp_gen,2023-11-12,2023-11-12T23:57:08
rtlbmp_gen,2023-11-13,2023-11-13T23:57:08
rtlbmp_gen,2023-11-14,2023-11-17T18:22:38
rtlbmp_gen,2023-11-15,2023-11-15T23:57:10
rtlbmp_gen,2023-11-16,2023-11-21T19:55:18
rtlbmp_gen,2023-11-17,2023-11-17T23:57:12
rtlbmp_gen,2023-11-18,2023-11-18T23:57:12
rtlbmp_gen,2023-11-19,2023-11-19T23:57:10
rtlbmp_gen,2023-11-20,2023-11-20T23:57:10
rtlbmp_gen,2023-11-21,2023-11-21T23:57:10
rtlbmp_gen,2023-11-22,2023-11-22T23:57:10
rtlbmp_gen,2023-11-23,2023-11-23T23:57:10
rtlbmp_gen,2023-11-24,2023-11-24T23:57:10
rtlbmp_gen,2023-11-25,2023-11-25T23:57:10
rtlbmp_gen,2023-11-26,2023-11-26T23:57:10
rtlbmp_gen,2023-11-27,2023-11-27T23:57:16
rtlbmp_gen,2023-11-28,2023-11-28T23:57:10
rtlbmp_gen,2023-11-29,2023-12-04T13:08:10
rtlbmp_gen,2023-11-30,2023-11-30T23:57:10
rtlbmp_gen,2023-12-01,2023-12-01T23:57:08
rtlbmp_gen,2023-12-02,2023-12-02T23:57:08
rtlbmp_gen,2023-12-03,2023-12-03T23:57:08
rtlbmp_gen,2023-12-04,2023-12-04T23:57:08
rtlbmp_gen,2023-12-05,2023-12-05T23:57:08
rtlbmp_gen,2023-12-06,2023-12-06T23:57:10
rtlbmp_gen,2023-12-07,2023-12-11T17:00:14
rtlbmp_gen,2023-12-08,2023-12-08T23:57:10
rtlbmp_gen,2023-12-09,2023-12-09T23:57:08
rtlbmp_gen,2023-12-10,2023-12-10T23:57:10
rtlbmp_gen,2023-12-11,2023-12-11T23:57:08
rtlbmp_gen,2023-12-12,2023-12-12T23:57:10
rtlbmp_gen,2023-12-13,2023-12-13T23:57:10
rtlbmp_gen,2023-12-14,2023-12-15T00:02:10
rtlbmp_gen,2023-12-15,2023-12-15T23:57:10
rtlbmp_gen,2023-12-16,2023-12-16T23:57:08
rtlbmp_gen,2023-12-17,2023-12-17T23:57:08
rtlbmp_gen,2023-12-18,2023-12-18T23:57:08
rtlbmp_gen,2023-12-19,2023-12-19T23:57:10
rtlbmp_gen,2023-12-20,2023-12-20T23:57:12
rtlbmp_gen,2023-12-21,2023-12-21T23:57:10
rtlbmp_gen,2023-12-22,2023-12-22T23:57:10
rtlbmp_gen,2023-12-23,2023-12-23T23:57:08
rtlbmp_gen,2023-12-24,2023-12-24T23:57:10
rtlbmp_gen,2023-12-25,2023-12-25T23:57:12
rtlbmp_gen,2023-12-26,2023-12-26T23:57:10
rtlbmp_gen,2023-12-27,2023-12-27T23:57:10
rtlbmp_gen,2023-12-28,2024-01-03T12:31:12
rtlbmp_gen,2023-12-29,2023-12-29T23:57:10
rtlbmp_gen,2023-12-30,2023-12-30T23:57:10
rtlbmp_gen,2023-12-31,2023-12-31T23:57:10
rtlbmp_gen,2024-01-01,2024-01-01T23:57:08
rtlbmp_gen,2024-01-02,2024-01-02T23:57:08
rtlbmp_gen,2024-01-03,2024-01-03T23:57:08
rtlbmp_gen,2024-01-04,2024-01-04T23:57:08
rtlbmp_gen,2024-01-05,2024-01-05T23:57:10
rtlbmp_gen,2024-01-06,2024-01-06T23:57:08
rtlbmp_gen,2024-01-07,2024-01-07T23:57:10
rtlbmp_gen,2024-01-08,2024-01-08T23:57:12
rtlbmp_gen,2024-01-09,2024-01-09T23:57:10
rtlbmp_gen,2024-01-10,2024-01-10T23:57:08
rtlbmp_gen,2024-01-11,2024-01-11T23:57:08
rtlbmp_gen,2024-01-12,2024-01-12T23:57:10
rtlbmp_gen,2024-01-13,2024-01-13T23:57:10
rtlbmp_gen,2024-01-14,2024-01-14T23:57:10
rtlbmp_gen,2024-01-15,2024-01-15T23:57:10
rtlbmp_gen,2024-01-16,2024-01-16T23:57:10
rtlbmp_gen,2024-01-17,2024-01-17T23:57:08
rtlbmp_gen,2024-01-18,2024-01-18T23:57:08
rtlbmp_gen,2024-01-19,2024-01-19T23:57:12
rtlbmp_gen,2024-01-20,2024-01-20T23:57:10
rtlbmp_gen,2024-01-21,2024-01-21T23:57:08
rtlbmp_gen,2024-01-22,2024-01-25T15:55:20
rtlbmp_gen,2024-01-23,2024-01-23T23:57:10
rtlbmp_gen,2024-01-24,2024-01-24T23:57:10
rtlbmp_gen,2024-01-25,2024-01-25T23:57:10
rtlbmp_gen,2024-01-26,2024-01-26T23:57:10
rtlbmp_gen,2024-01-27,2024-01-27T23:57:10
rtlbmp_gen,2024-01-28,2024-01-28T23:57:14
rtlbmp_gen,2024-01-29,2024-01-29T23:57:10
rtlbmp_gen,2024-01-30,2024-01-30T23:57:10
rtlbmp_gen,2024-01-31,2024-01-31T23:57:10
rtlbmp_gen,2024-02-01,2024-02-01T23:57:10
rtlbmp_gen,2024-02-02,2024-02-02T23:57:10
rtlbmp_gen,2024-02-03,2024-02-03T23:57:10
rtlbmp_gen,2024-02-04,2024-02-04T23:57:08
rtlbmp_gen,2024-02-05,2024-02-05T23:57:08
rtlbmp_gen,2024-02-06,2024-02-06T23:57:10
rtlbmp_gen,2024-02-07,2024-02-07T23:57:10
rtlbmp_gen,2024-02-08,2024-02-08T23:57:10
rtlbmp_gen,2024-02-09,2024-02-09T23:57:08
rtlbmp_gen,2024-02-10,2024-02-11T11:01:46
rtlbmp_gen,2024-02-11,2024-02-11T23:57:10
rtlbmp_gen,2024-02-12,2024-02-12T23:57:10
rtlbmp_gen,2024-02-13,2024-02-13T23:57:10
rtlbmp_gen,2024-02-14,2024-02-14T23:57:10
rtlbmp_gen,2024-02-15,2024-02-15T23:57:10
rtlbmp_gen,2024-02-16,2024-02-16T23:57:10
rtlbmp_gen,2024-02-17,2024-02-17T23:57:10
rtlbmp_gen,2024-02-18,2024-02-18T23:57:10
rtlbmp_gen,2024-02-19,2024-02-19T23:57:08
rtlbmp_gen,2024-02-20,2024-02-20T23:57:10
rtlbmp_gen,2024-02-21,2024-02-23T18:31:40
rtlbmp_gen,2024-02-22,2024-02-22T23:57:10
rtlbmp_gen,2024-02-23,2024-02-23T23:57:10
rtlbmp_gen,2024-02-24,2024-02-25T00:08:14
rtlbmp_gen,2024-02-25,2024-02-25T23:57:10
rtlbmp_gen,2024-02-26,2024-02-26T23:57:12
rtlbmp_gen,2024-02-27,2024-02-27T23:57:10
rtlbmp_gen,2024-02-28,2024-02-28T23:57:10
rtlbmp_gen,2024-02-29,2024-02-29T23:57:10
rtlbmp_gen,2024-03-01,2024-03-01T23:57:08
rtlbmp_gen,2024-03-02,2024-03-02T23:57:08
rtlbmp_gen,2024-03-03,2024-03-03T23:57:10
rtlbmp_gen,2024-03-04,2024-03-04T23:57:10
rtlbmp_gen,2024-03-05,2024-03-05T23:57:08
rtlbmp_gen,2024-03-06,2024-03-06T23:57:08
rtlbmp_gen,2024-03-07,2024-03-07T23:57:10
rtlbmp_gen,2024-03-08,2024-03-08T23:57:08
rtlbmp_gen,2024-03-09,2024-03-09T23:57:10
rtlbmp_gen,2024-03-10,2024-03-10T23:57:10
rtlbmp_gen,2024-03-11,2024-03-11T23:57:10
rtlbmp_gen,2024-03-12,2024-03-12T23:57:08
rtlbmp_gen,2024-03-13,2024-03-13T23:57:10
rtlbmp_gen,2024-03-14,2024-03-14T23:57:10
rtlbmp_gen,2024-03-15,2024-03-15T23:57:10
rtlbmp_gen,2024-03-16,2024-03-16T23:57:10
rtlbmp_gen,2024-03-17,2024-03-17T23:57:10
rtlbmp_gen,2024-03-18,2024-03-18T23:57:10
rtlbmp_gen,2024-03-19,2024-03-19T23:57:10
rtlbmp_gen,2024-03-20,2024-03-20T23:57:10
rtlbmp_gen,2024-03-21,2024-03-21T23:57:10
rtlbmp_gen,2024-03-22,2024-03-22T23:57:08
rtlbmp_gen,2024-03-23,2024-03-23T23:57:10
rtlbmp_gen,2024-03-24,2024-03-24T23:57:10
rtlbmp_gen,2024-03-25,2024-03-25T23:57:10
rtlbmp_gen,2024-03-26,2024-03-26T23:57:10
rtlbmp_gen,2024-03-27,2024-03-27T23:57:10
rtlbmp_gen,2024-03-28,2024-03-28T23:57:10
rtlbmp_gen,2024-03-29,2024-03-29T23:57:12
rtlbmp_gen,2024-03-30,2024-03-30T23:57:18
rtlbmp_gen,2024-03-31,2024-03-31T23:57:12
rtlbmp_gen,2024-04-01,2024-04-01T23:57:10
rtlbmp_gen,2024-04-02,2024-04-02T23:57:10
rtlbmp_gen,2024-04-03,2024-04-03T23:57:10
rtlbmp_gen,2024-04-04,2024-04-04T23:57:10
rtlbmp_gen,2024-04-05,2024-04-05T23:57:10
rtlbmp_gen,2024-04-06,2024-04-06T23:57:10
rtlbmp_gen,2024-04-07,2024-04-07T23:57:08
rtlbmp_gen,2024-04-08,2024-04-08T23:57:10
rtlbmp_gen,2024-04-09,2024-04-09T23:57:10
rtlbmp_gen,2024-04-10,2024-04-10T23:57:10
rtlbmp_gen,2024-04-11,2024-04-11T23:57:10
rtlbmp_gen,2024-04-12,2024-04-12T23:57:08
rtlbmp_gen,2024-04-13,2024-04-13T23:57:10
rtlbmp_gen,2024-04-14,2024-04-14T23:57:10
rtlbmp_gen,2024-04-15,2024-04-15T23:57:10
rtlbmp_gen,2024-04-16,2024-04-16T23:57:10
rtlbmp_gen,2024-04-17,2024-04-17T23:57:10
rtlbmp_gen,2024-04-18,2024-04-18T23:57:08
rtlbmp_gen,2024-04-19,2024-04-19T23:57:10
rtlbmp_gen,2024-04-20,2024-04-20T23:57:10
rtlbmp_gen,2024-04-21,2024-04-21T23:57:12
rtlbmp_gen,2024-04-22,2024-04-22T23:57:08
rtlbmp_gen,2024-04-23,2024-04-23T23:57:10
rtlbmp_gen,2024-04-24,2024-04-24T23:57:10
rtlbmp_gen,2024-04-25,2024-04-25T23:57:10
rtlbmp_gen,2024-04-26,2024-04-26T23:57:10
rtlbmp_gen,2024-04-27,2024-04-27T23:57:10
rtlbmp_gen,2024-04-28,2024-04-28T23:57:10
rtlbmp_gen,2024-04-29,2024-04-29T23:57:10
rtlbmp_gen,2024-04-30,2024-04-30T23:57:10
rtlbmp_gen,2024-05-01,2024-05-01T23:57:10
rtlbmp_gen,2024-05-02,2024-05-02T23:57:10
rtlbmp_gen,2024-05-03,2024-05-03T23:57:10
rtlbmp_gen,2024-05-04,2024-05-04T23:57:12
rtlbmp_gen,2024-05-05,2024-05-05T23:57:10
rtlbmp_gen,2024-05-06,2024-05-06T23:57:08
rtlbmp_gen,2024-05-07,2024-05-07T23:57:10
rtlbmp_gen,2024-05-08,2024-05-08T23:57:10
rtlbmp_gen,2024-05-09,2024-05-09T23:57:10
rtlbmp_gen,2024-05-10,2024-05-10T23:57:08
rtlbmp_gen,2024-05-11,2024-05-11T23:57:10
rtlbmp_gen,2024-05-12,2024-05-12T23:57:08
rtlbmp_gen,2024-05-13,2024-05-13T23:57:10
rtlbmp_gen,2024-05-14,2024-05-14T23:57:10
rtlbmp_gen,2024-05-15,2024-05-15T23:57:10
rtlbmp_gen,2024-05-16,2024-05-16T23:57:10
rtlbmp_gen,2024-05-17,2024-05-17T23:57:10
rtlbmp_gen,2024-05-18,2024-05-18T23:57:12
rtlbmp_gen,2024-05-19,2024-05-19T23:57:10
rtlbmp_gen,2024-05-20,2024-05-20T23:57:10
rtlbmp_gen,2024-05-21,2024-05-21T23:57:08
rtlbmp_gen,2024-05-22,2024-05-22T23:57:10
rtlbmp_gen,2024-05-23,2024-05-23T23:57:10
rtlbmp_gen,2024-05-24,2024-05-24T23:57:10
rtlbmp_gen,2024-05-25,2024-05-25T23:57:10
rtlbmp_gen,2024-05-26,2024-05-26T23:57:10
rtlbmp_gen,2024-05-27,2024-05-27T23:57:10
rtlbmp_gen,2024-05-28,2024-05-28T23:57:10
rtlbmp_gen,2024-05-29,2024-05-29T23:57:10
rtlbmp_gen,2024-05-30,2024-05-30T23:57:10
rtlbmp_gen,2024-05-31,2024-05-31T23:57:12
rtlbmp_gen,2024-06-01,2024-06-01T23:57:08
rtlbmp_gen,2024-06-02,2024-06-02T23:57:10
rtlbmp_gen,2024-06-03,2024-06-03T23:57:08
rtlbmp_gen,2024-06-04,2024-06-04T23:57:10
rtlbmp_gen,2024-06-05,2024-06-05T23:57:10
rtlbmp_gen,2024-06-06,2024-06-06T23:57:10
rtlbmp_gen,2024-06-07,2024-06-07T23:57:10
rtlbmp_gen,2024-06-08,2024-06-08T23:57:10
rtlbmp_gen,2024-06-09,2024-06-09T23:57:08
rtlbmp_gen,2024-06-10,2024-06-10T23:57:10
rtlbmp_gen,2024-06-11,2024-06-11T23:57:10
rtlbmp_gen,2024-06-12,2024-06-12T23:57:12
rtlbmp_gen,2024-06-13,2024-06-13T23:57:10
rtlbmp_gen,2024-06-14,2024-06-14T23:57:10
rtlbmp_gen,2024-06-15,2024-06-15T23:57:10
rtlbmp_gen,2024-06-16,2024-06-16T23:57:12
rtlbmp_gen,2024-06-17,2024-06-17T23:57:10
rtlbmp_gen,2024-06-18,2024-06-18T23:57:10
rtlbmp_gen,2024-06-19,2024-06-19T23:57:10
rtlbmp_gen,2024-06-20,2024-06-20T23:57:12
rtlbmp_gen,2024-06-21,2024-06-21T23:57:10
rtlbmp_gen,2024-06-22,2024-06-22T23:57:12
rtlbmp_gen,2024-06-23,2024-06-23T23:57:12
rtlbmp_gen,2024-06-24,2024-06-24T23:57:10
rtlbmp_gen,2024-06-25,2024-06-25T23:57:12
rtlbmp_gen,2024-06-26,2024-06-26T23:57:12
rtlbmp_gen,2024-06-27,2024-06-27T23:57:10
rtlbmp_gen,2024-06-28,2024-06-28T23:57:12
rtlbmp_gen,2024-06-29,2024-06-29T23:57:12
rtlbmp_gen,2024-06-30,2024-06-30T23:57:12
rtlbmp_gen,2024-07-01,2024-07-01T23:57:10
rtlbmp_gen,2024-07-02,2024-07-02T23:57:10
rtlbmp_gen,2024-07-03,2024-07-03T23:57:14
rtlbmp_gen,2024-07-04,2024-07-05T02:01:12
rtlbmp_gen,2024-07-05,2024-07-05T23:57:10
rtlbmp_gen,2024-07-06,2024-07-06T23:57:08
rtlbmp_gen,2024-07-07,2024-07-07T23:57:10
rtlbmp_gen,2024-07-08,2024-07-09T00:07:10
rtlbmp_gen,2024-07-09,2024-07-09T23:57:10
rtlbmp_gen,2024-07-10,2024-07-10T23:57:10
rtlbmp_gen,2024-07-11,2024-07-11T23:57:10
rtlbmp_gen,2024-07-12,2024-07-12T23:57:10
rtlbmp_gen,2024-07-13,2024-07-13T23:57:10
rtlbmp_gen,2024-07-14,2024-07-14T23:57:10
rtlbmp_gen,2024-07-15,2024-07-15T23:57:12
rtlbmp_gen,2024-07-16,2024-07-16T23:57:10
rtlbmp_gen,2024-07-17,2024-07-17T23:57:12
rtlbmp_gen,2024-07-18,2024-07-18T23:57:10
rtlbmp_gen,2024-07-19,2024-07-19T23:57:10
rtlbmp_gen,2024-07-20,2024-07-20T23:57:10
rtlbmp_gen,2024-07-21,2024-07-21T23:57:10
rtlbmp_gen,2024-07-22,2024-07-22T23:57:10
rtlbmp_gen,2024-07-23,2024-07-23T23:57:12
rtlbmp_gen,2024-07-24,2024-07-24T23:57:12
rtlbmp_gen,2024-07-25,2024-07-25T23:57:12
rtlbmp_gen,2024-07-26,2024-07-26T23:57:10
rtlbmp_gen,2024-07-27,2024-07-27T23:57:10
rtlbmp_gen,2024-07-28,2024-07-28T23:57:10
rtlbmp_gen,2024-07-29,2024-07-29T23:57:12
rtlbmp_gen,2024-07-30,2024-07-30T23:57:10
rtlbmp_gen,2024-07-31,2024-07-31T23:57:12
rtlbmp_gen,2024-08-01,2024-08-01T23:57:10
rtlbmp_gen,2024-08-02,2024-08-02T23:57:12
rtlbmp_gen,2024-08-03,2024-08-03T23:57:10
rtlbmp_gen,2024-08-04,2024-08-04T23:57:10
rtlbmp_gen,2024-08-05,2024-08-05T23:57:08
rtlbmp_gen,2024-08-06,2024-08-06T23:57:10
rtlbmp_gen,2024-08-07,2024-08-07T23:57:08
rtlbmp_gen,2024-08-08,2024-08-08T23:57:10
rtlbmp_gen,2024-08-09,2024-08-09T23:57:10
rtlbmp_gen,2024-08-10,2024-08-10T23:57:08
rtlbmp_gen,2024-08-11,2024-08-11T23:57:10
rtlbmp_gen,2024-08-12,2024-08-12T23:57:10
rtlbmp_gen,2024-08-13,2024-08-13T23:57:10
rtlbmp_gen,2024-08-14,2024-08-14T23:57:10
rtlbmp_gen,2024-08-15,2024-08-15T23:57:10
rtlbmp_gen,2024-08-16,2024-08-16T23:57:10
rtlbmp_gen,2024-08-17,2024-08-17T23:57:10
rtlbmp_gen,2024-08-18,2024-08-18T23:57:12
rtlbmp_gen,2024-08-19,2024-08-19T23:57:10
rtlbmp_gen,2024-08-20,2024-08-20T23:57:12
rtlbmp_gen,2024-08-21,2024-08-21T23:57:10
rtlbmp_gen,2024-08-22,2024-08-22T23:57:12
rtlbmp_gen,2024-08-23,2024-08-28T10:55:20
rtlbmp_gen,2024-08-24,2024-08-24T23:57:10
rtlbmp_gen,2024-08-25,2024-08-25T23:57:10
rtlbmp_gen,2024-08-26,2024-08-26T23:57:10
rtlbmp_gen,2024-08-27,2024-08-27T23:57:10
rtlbmp_gen,2024-08-28,2024-08-28T23:57:12
rtlbmp_gen,2024-08-29,2024-08-29T23:57:10
rtlbmp_gen,2024-08-30,2024-08-30T23:57:10
rtlbmp_gen,2024-08-31,2024-08-31T23:57:10
rtlbmp_gen,2024-09-01,2024-09-01T23:57:10
rtlbmp_gen,2024-09-02,2024-09-02T23:57:10
rtlbmp_gen,2024-09-03,2024-09-03T23:57:10
rtlbmp_gen,2024-09-04,2024-09-04T23:57:10
rtlbmp_gen,2024-09-05,2024-09-05T23:57:10
rtlbmp_gen,2024-09-06,2024-09-06T23:57:08
rtlbmp_gen,2024-09-07,2024-09-07T23:57:08
rtlbmp_gen,2024-09-08,2024-09-08T23:57:10
rtlbmp_gen,2024-09-09,2024-09-09T23:57:10
rtlbmp_gen,2024-09-10,2024-09-10T23:57:10
rtlbmp_gen,2024-09-11,2024-09-12T00:02:12
rtlbmp_gen,2024-09-12,2024-09-12T23:57:10
rtlbmp_gen,2024-09-13,2024-09-13T23:57:12
rtlbmp_gen,2024-09-14,2024-09-14T23:57:10
rtlbmp_gen,2024-09-15,2024-09-15T23:57:10
rtlbmp_gen,2024-09-16,2024-09-16T23:57:10
rtlbmp_gen,2024-09-17,2024-09-20T16:55:18
rtlbmp_gen,2024-09-18,2024-09-18T23:57:10
rtlbmp_gen,2024-09-19,2024-09-19T23:57:10
rtlbmp_gen,2024-09-20,2024-09-20T23:57:10
rtlbmp_gen,2024-09-21,2024-09-21T23:57:16
rtlbmp_gen,2024-09-22,2024-09-22T23:57:10
rtlbmp_gen,2024-09-23,2024-09-23T23:57:10
rtlbmp_gen,2024-09-24,2024-09-24T23:57:12
rtlbmp_gen,2024-09-25,2024-09-26T00:02:14
rtlbmp_gen,2024-09-26,2024-09-26T23:57:10
rtlbmp_gen,2024-09-27,2024-09-27T23:57:12
rtlbmp_gen,2024-09-28,2024-09-28T23:57:10
rtlbmp_gen,2024-09-29,2024-09-29T23:57:12
rtlbmp_gen,2024-09-30,2024-09-30T23:57:12
rtlbmp_gen,2024-10-01,2024-10-01T23:57:10
rtlbmp_gen,2024-10-02,2024-10-02T23:57:12
rtlbmp_gen,2024-10-03,2024-10-03T23:57:10
rtlbmp_gen,2024-10-04,2024-10-04T23:57:10
rtlbmp_gen,2024-10-05,2024-10-05T23:57:10
rtlbmp_gen,2024-10-06,2024-10-06T23:57:10
rtlbmp_gen,2024-10-07,2024-10-07T23:57:08
rtlbmp_gen,2024-10-08,2024-10-11T12:57:18
rtlbmp_gen,2024-10-09,2024-10-10T02:01:10
rtlbmp_gen,2024-10-10,2024-10-10T23:57:10
rtlbmp_gen,2024-10-11,2024-10-11T23:57:10
rtlbmp_gen,2024-10-12,2024-10-12T23:57:10
rtlbmp_gen,2024-10-13,2024-10-13T23:57:10
rtlbmp_gen,2024-10-14,2024-10-17T15:55:14
rtlbmp_gen,2024-10-15,2024-10-15T23:57:10
rtlbmp_gen,2024-10-16,2024-10-18T16:55:14
rtlbmp_gen,2024-10-17,2024-10-17T23:57:10
rtlbmp_gen,2024-10-18,2024-10-18T23:57:12
rtlbmp_gen,2024-10-19,2024-10-19T23:57:10
rtlbmp_gen,2024-10-20,2024-10-20T23:57:10
rtlbmp_gen,2024-10-21,2024-10-21T23:57:10
rtlbmp_gen,2024-10-22,2024-10-22T23:57:10
rtlbmp_gen,2024-10-23,2024-10-23T23:57:12
rtlbmp_gen,2024-10-24,2024-10-24T23:57:10
rtlbmp_gen,2024-10-25,2024-10-25T23:57:12
rtlbmp_gen,2024-10-26,2024-10-26T23:57:12
rtlbmp_gen,2024-10-27,2024-10-27T23:57:10
rtlbmp_gen,2024-10-28,2024-10-28T23:57:10
rtlbmp_gen,2024-10-29,2024-10-29T23:57:10
rtlbmp_gen,2024-10-30,2024-10-30T23:57:12
rtlbmp_gen,2024-10-31,2024-10-31T23:57:10
rtlbmp_gen,2024-11-01,2024-11-01T23:57:08
rtlbmp_gen,2024-11-02,2024-11-02T23:57:10
rtlbmp_gen,2024-11-03,2024-11-03T23:57:14
rtlbmp_gen,2024-11-04,2024-11-04T23:57:08
rtlbmp_gen,2024-11-05,2024-11-05T23:57:10
rtlbmp_gen,2024-11-06,2024-11-06T23:57:10
rtlbmp_gen,2024-11-07,2024-11-07T23:57:10
rtlbmp_gen,2024-11-08,2024-11-08T23:57:10
rtlbmp_gen,2024-11-09,2024-11-09T23:57:10
rtlbmp_gen,2024-11-10,2024-11-10T23:57:10
rtlbmp_gen,2024-11-11,2024-11-11T23:57:12
rtlbmp_gen,2024-11-12,2024-11-12T23:57:10
rtlbmp_gen,2024-11-13,2024-11-13T23:57:10
rtlbmp_gen,2024-11-14,2024-11-14T23:57:10
rtlbmp_gen,2024-11-15,2024-11-15T23:57:10
rtlbmp_gen,2024-11-16,2024-11-16T23:57:10
rtlbmp_gen,2024-11-17,2024-11-17T23:57:12
rtlbmp_gen,2024-11-18,2024-11-18T23:57:12
rtlbmp_gen,2024-11-19,2024-11-19T23:57:10
rtlbmp_gen,2024-11-20,2024-11-20T23:57:10
rtlbmp_gen,2024-11-21,2024-11-21T23:57:10
rtlbmp_gen,2024-11-22,2024-11-22T23:57:12
rtlbmp_gen,2024-11-23,2024-11-23T23:57:10
rtlbmp_gen,2024-11-24,2024-11-24T23:57:10
rtlbmp_gen,2024-11-25,2024-11-25T23:57:12
rtlbmp_gen,2024-11-26,2024-11-26T23:57:10
rtlbmp_gen,2024-11-27,2024-11-27T23:57:10
rtlbmp_gen,2024-11-28,2024-11-28T23:57:10
rtlbmp_gen,2024-11-29,2024-11-29T23:57:12
rtlbmp_gen,2024-11-30,2024-11-30T23:57:10
rtlbmp_gen,2024-12-01,2024-12-01T23:57:08
rtlbmp_gen,2024-12-02,2024-12-02T23:57:10
rtlbmp_gen,2024-12-03,2024-12-03T23:57:08
rtlbmp_gen,2024-12-04,2024-12-04T23:57:08
rtlbmp_gen,2024-12-05,2024-12-05T23:57:10
rtlbmp_gen,2024-12-06,2024-12-06T23:57:10
rtlbmp_gen,2024-12-07,2024-12-07T23:57:10
rtlbmp_gen,2024-12-08,2024-12-08T23:57:10
rtlbmp_gen,2024-12-09,2024-12-09T23:57:10
rtlbmp_gen,2024-12-10,2024-12-10T23:57:10
rtlbmp_gen,2024-12-11,2024-12-11T23:57:10
rtlbmp_gen,2024-12-12,2024-12-12T23:57:10
rtlbmp_gen,2024-12-13,2024-12-13T23:57:10
rtlbmp_gen,2024-12-14,2024-12-14T23:57:08
rtlbmp_gen,2024-12-15,2024-12-15T23:57:12
rtlbmp_gen,2024-12-16,2024-12-16T23:57:10
rtlbmp_gen,2024-12-17,2024-12-17T23:57:10
rtlbmp_gen,2024-12-18,2024-12-18T23:57:10
rtlbmp_gen,2024-12-19,2024-12-19T23:57:10
rtlbmp_gen,2024-12-20,2024-12-20T23:57:10
rtlbmp_gen,2024-12-21,2024-12-22T00:04:10
rtlbmp_gen,2024-12-22,2024-12-22T23:57:12
rtlbmp_gen,2024-12-23,2024-12-27T15:55:16
rtlbmp_gen,2024-12-24,2024-12-24T23:57:10
rtlbmp_gen,2024-12-25,2024-12-25T23:57:10
rtlbmp_gen,2024-12-26,2024-12-26T23:57:10
rtlbmp_gen,2024-12-27,2024-12-27T23:57:10
rtlbmp_gen,2024-12-28,2024-12-28T23:57:10
rtlbmp_gen,2024-12-29,2024-12-30T00:02:18
rtlbmp_gen,2024-12-30,2024-12-30T23:57:10
rtlbmp_gen,2024-12-31,2024-12-31T23:57:10
rtlbmp_gen,2025-01-01,2025-01-01T23:57:08
rtlbmp_gen,2025-01-02,2025-01-02T23:57:08
rtlbmp_gen,2025-01-03,2025-01-03T23:57:08
rtlbmp_gen,2025-01-04,2025-01-08T17:55:16
rtlbmp_gen,2025-01-05,2025-01-05T23:57:10
rtlbmp_gen,2025-01-06,2025-01-06T23:57:10
rtlbmp_gen,2025-01-07,2025-01-07T23:57:10
rtlbmp_gen,2025-01-08,2025-01-08T23:57:08
rtlbmp_gen,2025-01-09,2025-01-09T23:57:10
rtlbmp_gen,2025-01-10,2025-01-10T23:57:10
rtlbmp_gen,2025-01-11,2025-01-11T23:57:10
rtlbmp_gen,2025-01-12,2025-01-12T23:57:10
rtlbmp_gen,2025-01-13,2025-01-13T23:57:10
rtlbmp_gen,2025-01-14,2025-01-14T23:57:10
rtlbmp_gen,2025-01-15,2025-01-15T23:57:10
rtlbmp_gen,2025-01-16,2025-01-16T23:57:10
rtlbmp_gen,2025-01-17,2025-01-17T23:57:10
rtlbmp_gen,2025-01-18,2025-01-18T23:57:10
rtlbmp_gen,2025-01-19,2025-01-19T23:57:10
rtlbmp_gen,2025-01-20,2025-01-20T23:57:10
rtlbmp_gen,2025-01-21,2025-01-21T23:57:10
rtlbmp_gen,2025-01-22,2025-01-22T23:57:10
rtlbmp_gen,2025-01-23,2025-01-23T23:57:10
rtlbmp_gen,2025-01-24,2025-01-24T23:57:12
rtlbmp_gen,2025-01-25,2025-01-25T23:57:10
rtlbmp_gen,2025-01-26,2025-01-26T23:57:14
rtlbmp_gen,2025-01-27,2025-01-27T23:57:10
rtlbmp_gen,2025-01-28,2025-01-28T23:57:10
rtlbmp_gen,2025-01-29,2025-01-29T23:57:12
rtlbmp_gen,2025-01-30,2025-01-30T23:57:10
rtlbmp_gen,2025-01-31,2025-01-31T23:57:12
rtlbmp_gen,2025-02-01,2025-02-01T23:57:08
rtlbmp_gen,2025-02-02,2025-02-02T23:57:10
rtlbmp_gen,2025-02-03,2025-02-03T23:57:10
rtlbmp_gen,2025-02-04,2025-02-04T23:57:10
rtlbmp_gen,2025-02-05,2025-02-05T23:57:10
rtlbmp_gen,2025-02-06,2025-02-06T23:57:10
rtlbmp_gen,2025-02-07,2025-02-07T23:57:10
rtlbmp_gen,2025-02-08,2025-02-08T23:57:10
rtlbmp_gen,2025-02-09,2025-02-09T23:57:08
rtlbmp_gen,2025-02-10,2025-02-10T23:57:10
rtlbmp_gen,2025-02-11,2025-02-11T23:57:10
rtlbmp_gen,2025-02-12,2025-02-12T23:57:10
rtlbmp_gen,2025-02-13,2025-02-13T23:57:10
rtlbmp_gen,2025-02-14,2025-02-15T00:02:14
rtlbmp_gen,2025-02-15,2025-02-15T23:57:10
rtlbmp_gen,2025-02-16,2025-02-16T23:57:10
rtlbmp_gen,2025-02-17,2025-02-17T23:57:10
rtlbmp_gen,2025-02-18,2025-02-18T23:57:10
rtlbmp_gen,2025-02-19,2025-02-19T23:57:12
rtlbmp_gen,2025-02-20,2025-02-20T23:57:10
rtlbmp_gen,2025-02-21,2025-02-21T23:57:10
rtlbmp_gen,2025-02-22,2025-02-22T23:57:10
rtlbmp_gen,2025-02-23,2025-02-23T23:57:12
rtlbmp_gen,2025-02-24,2025-02-24T23:57:12
rtlbmp_gen,2025-02-25,2025-02-25T23:57:10
rtlbmp_gen,2025-02-26,2025-02-26T23:57:10
rtlbmp_gen,2025-02-27,2025-02-27T23:57:12
rtlbmp_gen,2025-02-28,2025-02-28T23:57:10
rtlbmp_gen,2025-03-01,2025-03-01T23:57:10
rtlbmp_gen,2025-03-02,2025-03-02T23:57:08
rtlbmp_gen,2025-03-03,2025-03-03T23:57:10
rtlbmp_gen,2025-03-04,2025-03-04T23:57:10
rtlbmp_gen,2025-03-05,2025-03-05T23:57:10
rtlbmp_gen,2025-03-06,2025-03-11T12:55:14
rtlbmp_gen,2025-03-07,2025-03-07T23:57:10
rtlbmp_gen,2025-03-08,2025-03-08T23:57:10
rtlbmp_gen,2025-03-09,2025-03-09T23:57:08
rtlbmp_gen,2025-03-10,2025-03-10T23:57:10
rtlbmp_gen,2025-03-11,2025-03-11T23:57:10
rtlbmp_gen,2025-03-12,2025-03-12T23:57:14
rtlbmp_gen,2025-03-13,2025-03-13T23:57:10
rtlbmp_gen,2025-03-14,2025-03-14T23:57:10
rtlbmp_gen,2025-03-15,2025-03-15T23:57:10
rtlbmp_gen,2025-03-16,2025-03-16T23:57:10
rtlbmp_gen,2025-03-17,2025-03-17T23:57:10
rtlbmp_gen,2025-03-18,2025-03-18T23:57:10
rtlbmp_gen,2025-03-19,2025-03-19T23:57:10
rtlbmp_gen,2025-03-20,2025-03-20T23:57:10
rtlbmp_gen,2025-03-21,2025-03-21T23:57:10
rtlbmp_gen,2025-03-22,2025-03-22T23:57:10
rtlbmp_gen,2025-03-23,2025-03-23T23:57:10
rtlbmp_gen,2025-03-24,2025-03-24T23:57:10
rtlbmp_gen,2025-03-25,2025-03-25T23:57:12
rtlbmp_gen,2025-03-26,2025-03-26T23:57:10
rtlbmp_gen,2025-03-27,2025-03-27T23:57:12
rtlbmp_gen,2025-03-28,2025-03-28T23:57:10
rtlbmp_gen,2025-03-29,2025-03-29T23:57:10
rtlbmp_gen,2025-03-30,2025-03-30T23:57:12
rtlbmp_gen,2025-03-31,2025-03-31T23:57:12
rtlbmp_gen,2025-04-01,2025-04-01T23:57:10
rtlbmp_gen,2025-04-02,2025-04-02T23:57:10
rtlbmp_gen,2025-04-03,2025-04-03T23:57:10
rtlbmp_gen,2025-04-04,2025-04-04T23:57:10
rtlbmp_gen,2025-04-05,2025-04-05T23:57:10
rtlbmp_gen,2025-04-06,2025-04-07T00:02:12
rtlbmp_gen,2025-04-07,2025-04-07T23:57:08
rtlbmp_gen,2025-04-08,2025-04-11T14:55:18
rtlbmp_gen,2025-04-09,2025-04-09T23:57:10
rtlbmp_gen,2025-04-10,2025-04-10T23:57:12
rtlbmp_gen,2025-04-11,2025-04-11T23:57:16
rtlbmp_gen,2025-04-12,2025-04-12T23:57:10
rtlbmp_gen,2025-04-13,2025-04-13T23:57:12
rtlbmp_gen,2025-04-14,2025-04-14T23:57:12
rtlbmp_gen,2025-04-15,2025-04-15T23:57:12
rtlbmp_gen,2025-04-16,2025-04-16T23:57:10
rtlbmp_gen,2025-04-17,2025-04-17T23:57:12
rtlbmp_gen,2025-04-18,2025-04-18T23:57:12
rtlbmp_gen,2025-04-19,2025-04-19T23:57:12
rtlbmp_gen,2025-04-20,2025-04-20T23:57:12
rtlbmp_gen,2025-04-21,2025-04-21T23:57:10
rtlbmp_gen,2025-04-22,2025-04-22T23:57:12
rtlbmp_gen,2025-04-23,2025-04-23T23:57:12
rtlbmp_gen,2025-04-24,2025-04-24T23:57:10
rtlbmp_gen,2025-04-25,2025-04-25T23:57:12
rtlbmp_gen,2025-04-26,2025-04-26T23:57:12
rtlbmp_gen,2025-04-27,2025-04-27T23:57:12
rtlbmp_gen,2025-04-28,2025-04-28T23:57:10
rtlbmp_gen,2025-04-29,2025-04-29T23:57:10
rtlbmp_gen,2025-04-30,2025-04-30T23:57:12
rtlbmp_gen,2025-05-01,2025-05-09T12:07:24
rtlbmp_gen,2025-05-02,2025-05-02T23:57:12
rtlbmp_gen,2025-05-03,2025-05-03T23:57:10
rtlbmp_gen,2025-05-04,2025-05-04T23:57:12
rtlbmp_gen,2025-05-05,2025-05-06T00:02:12
rtlbmp_gen,2025-05-06,2025-05-06T23:57:10
rtlbmp_gen,2025-05-07,2025-05-07T23:57:10
rtlbmp_gen,2025-05-08,2025-05-08T23:57:10
rtlbmp_gen,2025-05-09,2025-05-09T23:57:08
rtlbmp_gen,2025-05-10,2025-05-10T23:57:10
rtlbmp_gen,2025-05-11,2025-05-11T23:57:10
rtlbmp_gen,2025-05-12,2025-05-12T23:57:10
rtlbmp_gen,2025-05-13,2025-05-13T23:57:08
rtlbmp_gen,2025-05-14,2025-05-14T23:57:12
rtlbmp_gen,2025-05-15,2025-05-15T23:57:10
rtlbmp_gen,2025-05-16,2025-05-16T23:57:22
rtlbmp_gen,2025-05-17,2025-05-17T23:57:10
rtlbmp_gen,2025-05-18,2025-05-18T23:57:10
rtlbmp_gen,2025-05-19,2025-05-22T16:55:16
rtlbmp_gen,2025-05-20,2025-05-20T23:57:10
rtlbmp_gen,2025-05-21,2025-05-21T23:57:10
rtlbmp_gen,2025-05-22,2025-05-22T23:56:10
rtlbmp_gen,2025-05-23,2025-05-23T23:57:10
rtlbmp_gen,2025-05-24,2025-05-24T23:57:10
rtlbmp_gen,2025-05-25,2025-05-25T23:57:10
rtlbmp_gen,2025-05-26,2025-05-26T23:57:10
rtlbmp_gen,2025-05-27,2025-05-27T23:57:12
rtlbmp_gen,2025-05-28,2025-05-28T23:57:20
rtlbmp_gen,2025-05-29,2025-05-29T23:57:20
rtlbmp_gen,2025-05-30,2025-05-30T23:59:54
rtlbmp_gen,2025-05-31,2025-05-31T23:57:12
rtlbmp_gen,2025-06-01,2025-06-01T23:57:10
rtlbmp_gen,2025-06-02,2025-06-06T11:55:20
rtlbmp_gen,2025-06-03,2025-06-03T23:57:16
rtlbmp_gen,2025-06-04,2025-06-04T23:57:24
rtlbmp_gen,2025-06-05,2025-06-05T23:57:10
rtlbmp_gen,2025-06-06,2025-06-06T23:57:10
rtlbmp_gen,2025-06-07,2025-06-07T23:57:10
rtlbmp_gen,2025-06-08,2025-06-09T00:02:12
rtlbmp_gen,2025-06-09,2025-06-09T23:57:10
rtlbmp_gen,2025-06-10,2025-06-10T23:57:10
rtlbmp_gen,2025-06-11,2025-06-11T23:57:10
rtlbmp_gen,2025-06-12,2025-06-12T23:57:10
rtlbmp_gen,2025-06-13,2025-06-13T23:57:14
rtlbmp_gen,2025-06-14,2025-06-14T23:57:10
rtlbmp_gen,2025-06-15,2025-06-15T23:57:10
rtlbmp_gen,2025-06-16,2025-06-16T23:57:12
rtlbmp_gen,2025-06-17,2025-06-17T23:57:10
rtlbmp_gen,2025-06-18,2025-06-18T23:57:10
rtlbmp_gen,2025-06-19,2025-06-19T23:57:10
rtlbmp_gen,2025-06-20,2025-06-20T23:57:10
rtlbmp_gen,2025-06-21,2025-06-21T23:57:10
rtlbmp_gen,2025-06-22,2025-06-22T23:57:12
rtlbmp_gen,2025-06-23,2025-06-23T23:57:10
rtlbmp_gen,2025-06-24,2025-06-24T23:57:10
rtlbmp_gen,2025-06-25,2025-06-25T23:57:12
rtlbmp_gen,2025-06-26,2025-07-01T10:55:18
rtlbmp_gen,2025-06-27,2025-06-28T00:02:14
rtlbmp_gen,2025-06-28,2025-06-28T23:57:12
rtlbmp_gen,2025-06-29,2025-06-29T23:57:12
rtlbmp_gen,2025-06-30,2025-07-01T00:55:14
rtlbmp_gen,2025-07-01,2025-07-07T18:55:16
rtlbmp_gen,2025-07-02,2025-07-02T23:57:10
rtlbmp_gen,2025-07-03,2025-07-03T23:57:10
rtlbmp_gen,2025-07-04,2025-07-04T23:57:08
rtlbmp_gen,2025-07-05,2025-07-05T23:57:10
rtlbmp_gen,2025-07-06,2025-07-06T23:57:10
rtlbmp_gen,2025-07-07,2025-07-07T23:57:10
rtlbmp_gen,2025-07-08,2025-07-08T23:57:10
rtlbmp_gen,2025-07-09,2025-07-09T23:57:10
rtlbmp_gen,2025-07-10,2025-07-10T23:57:10
rtlbmp_gen,2025-07-11,2025-07-11T23:57:10
rtlbmp_gen,2025-07-12,2025-07-12T23:57:12
rtlbmp_gen,2025-07-13,2025-07-13T23:57:42
rtlbmp_gen,2025-07-14,2025-07-14T23:57:12
rtlbmp_gen,2025-07-15,2025-07-15T23:57:10
rtlbmp_gen,2025-07-16,2025-07-16T23:57:10
rtlbmp_gen,2025-07-17,2025-07-17T23:57:10
rtlbmp_gen,2025-07-18,2025-07-18T23:57:12
rtlbmp_gen,2025-07-19,2025-07-19T23:57:10
rtlbmp_gen,2025-07-20,2025-07-20T23:57:10
rtlbmp_gen,2025-07-21,2025-07-21T23:57:10
rtlbmp_gen,2025-07-22,2025-07-22T23:57:10
rtlbmp_gen,2025-07-23,2025-07-23T23:57:10
rtlbmp_gen,2025-07-24,2025-07-24T23:57:12
rtlbmp_gen,2025-07-25,2025-07-25T23:57:12
rtlbmp_gen,2025-07-26,2025-07-26T23:57:10
rtlbmp_gen,2025-07-27,2025-07-27T23:57:10
rtlbmp_gen,2025-07-28,2025-07-28T23:57:10
rtlbmp_gen,2025-07-29,2025-07-29T23:57:12
rtlbmp_gen,2025-07-30,2025-07-30T23:57:12
rtlbmp_gen,2025-07-31,2025-07-31T23:57:10
rtlbmp_gen,2025-08-01,2025-08-01T23:57:10
rtlbmp_gen,2025-08-02,2025-08-02T23:57:10
rtlbmp_gen,2025-08-03,2025-08-03T23:57:10
rtlbmp_gen,2025-08-04,2025-08-04T23:57:08
rtlbmp_gen,2025-08-05,2025-08-05T23:57:10
rtlbmp_gen,2025-08-06,2025-08-06T23:57:12
rtlbmp_gen,2025-08-07,2025-08-07T23:57:10
rtlbmp_gen,2025-08-08,2025-08-08T23:57:10
rtlbmp_gen,2025-08-09,2025-08-09T23:57:10
rtlbmp_gen,2025-08-10,2025-08-10T23:57:10
rtlbmp_gen,2025-08-11,2025-08-11T23:57:10
rtlbmp_gen,2025-08-12,2025-08-12T23:57:10
rtlbmp_gen,2025-08-13,2025-08-13T23:57:10
rtlbmp_gen,2025-08-14,2025-08-14T23:57:10
rtlbmp_gen,2025-08-15,2025-08-15T23:57:12
rtlbmp_gen,2025-08-16,2025-08-16T23:57:10
rtlbmp_gen,2025-08-17,2025-08-17T23:57:08
rtlbmp_gen,2025-08-18,2025-08-18T23:57:10
rtlbmp_gen,2025-08-19,2025-08-19T23:57:10
rtlbmp_gen,2025-08-20,2025-08-20T23:57:10
rtlbmp_gen,2025-08-21,2025-08-21T23:57:12
rtlbmp_gen,2025-08-22,2025-08-22T23:57:10
rtlbmp_gen,2025-08-23,2025-08-23T23:57:12
rtlbmp_gen,2025-08-24,2025-08-24T23:57:10
rtlbmp_gen,2025-08-25,2025-08-25T23:57:12
rtlbmp_gen,2025-08-26,2025-08-27T00:02:16
rtlbmp_gen,2025-08-27,2025-08-27T23:57:12
rtlbmp_gen,2025-08-28,2025-08-28T23:57:10
rtlbmp_gen,2025-08-29,2025-08-29T23:57:12
rtlbmp_gen,2025-08-30,2025-08-30T23:57:10
rtlbmp_gen,2025-08-31,2025-08-31T23:57:12
rtlbmp_gen,2025-09-01,2025-09-01T23:57:10
rtlbmp_gen,2025-09-02,2025-09-02T23:57:10
rtlbmp_gen,2025-09-03,2025-09-03T23:57:08
rtlbmp_gen,2025-09-04,2025-09-04T23:57:10
rtlbmp_gen,2025-09-05,2025-09-05T23:57:10
rtlbmp_gen,2025-09-06,2025-09-06T23:57:10
rtlbmp_gen,2025-09-07,2025-09-07T23:57:10
rtlbmp_gen,2025-09-08,2025-09-08T23:57:10
rtlbmp_gen,2025-09-09,2025-09-10T00:07:18
rtlbmp_gen,2025-09-10,2025-09-15T12:01:14
rtlbmp_gen,2025-09-11,2025-09-15T15:55:18
rtlbmp_gen,2025-09-12,2025-09-12T23:57:10
rtlbmp_gen,2025-09-13,2025-09-13T23:57:10
rtlbmp_gen,2025-09-14,2025-09-14T23:57:10
rtlbmp_gen,2025-09-15,2025-09-15T23:57:10
rtlbmp_gen,2025-09-16,2025-09-16T23:57:12
rtlbmp_gen,2025-09-17,2025-09-17T23:57:10
rtlbmp_gen,2025-09-18,2025-09-23T14:55:16
rtlbmp_gen,2025-09-19,2025-10-03T09:47:14
rtlbmp_gen,2025-09-20,2025-09-20T23:57:10
rtlbmp_gen,2025-09-21,2025-09-21T23:57:10
rtlbmp_gen,2025-09-22,2025-09-22T23:57:12
rtlbmp_gen,2025-09-23,2025-09-23T23:57:10
rtlbmp_gen,2025-09-24,2025-09-24T23:57:12
rtlbmp_gen,2025-09-25,2025-09-25T23:57:12
rtlbmp_gen,2025-09-26,2025-09-26T23:57:10
rtlbmp_gen,2025-09-27,2025-09-27T23:57:10
rtlbmp_gen,2025-09-28,2025-09-28T23:57:12
rtlbmp_gen,2025-09-29,2025-10-02T16:07:16
rtlbmp_gen,2025-09-30,2025-09-30T23:57:12
rtlbmp_gen,2025-10-01,2025-10-01T23:57:10
rtlbmp_gen,2025-10-02,2025-10-02T23:57:10
rtlbmp_gen,2025-10-03,2025-10-07T15:59:08
rtlbmp_gen,2025-10-04,2025-10-04T23:57:10
rtlbmp_gen,2025-10-05,2025-10-05T23:57:12
rtlbmp_gen,2025-10-06,2025-10-06T23:57:12
rtlbmp_gen,2025-10-07,2025-10-07T23:57:10
rtlbmp_gen,2025-10-08,2025-10-08T23:57:12
rtlbmp_gen,2025-10-09,2025-10-10T02:01:12
rtlbmp_gen,2025-10-10,2025-10-10T23:57:10
rtlbmp_gen,2025-10-11,2025-10-11T23:57:12
rtlbmp_gen,2025-10-12,2025-10-12T23:57:10
rtlbmp_gen,2025-10-13,2025-10-13T23:57:12
rtlbmp_gen,2025-10-14,2025-10-14T23:57:10
rtlbmp_gen,2025-10-15,2025-10-15T23:57:10
rtlbmp_gen,2025-10-16,2025-10-16T23:57:12
rtlbmp_gen,2025-10-17,2025-10-17T23:57:12
rtlbmp_gen,2025-10-18,2025-10-18T23:57:12
rtlbmp_gen,2025-10-19,2025-10-19T23:57:12
rtlbmp_gen,2025-10-20,2025-10-20T23:57:12
rtlbmp_gen,2025-10-21,2025-10-21T23:57:12
rtlbmp_gen,2025-10-22,2025-10-22T23:57:12
rtlbmp_gen,2025-10-23,2025-10-23T23:57:12
rtlbmp_gen,2025-10-24,2025-10-24T23:57:12
rtlbmp_gen,2025-10-25,2025-10-25T23:57:12
rtlbmp_gen,2025-10-26,2025-10-26T23:57:12
rtlbmp_gen,2025-10-27,2025-10-27T23:57:12
rtlbmp_gen,2025-10-28,2025-10-28T23:57:10
rtlbmp_gen,2025-10-29,2025-10-29T23:57:12
rtlbmp_gen,2025-10-30,2025-10-30T23:57:12
rtlbmp_gen,2025-10-31,2025-10-31T23:57:12
rtlbmp_gen,2025-11-01,2025-11-01T23:57:10
rtlbmp_gen,2025-11-02,2025-11-02T23:57:14
rtlbmp_gen,2025-11-03,2025-11-03T23:57:10
rtlbmp_gen,2025-11-04,2025-11-04T23:57:10
rtlbmp_gen,2025-11-05,2025-11-05T23:57:10
rtlbmp_gen,2025-11-06,2025-11-06T23:57:08
rtlbmp_gen,2025-11-07,2025-11-07T23:57:12
rtlbmp_gen,2025-11-08,2025-11-08T23:57:10
rtlbmp_gen,2025-11-09,2025-11-09T23:57:12
rtlbmp_gen,2025-11-10,2025-11-10T23:57:10
rtlbmp_gen,2025-11-11,2025-11-11T23:57:10
rtlbmp_gen,2025-11-12,2025-11-12T23:57:14
rtlbmp_gen,2025-11-13,2025-11-13T23:57:10
rtlbmp_gen,2025-11-14,2025-11-14T23:57:10
rtlbmp_gen,2025-11-15,2025-11-15T23:57:10
rtlbmp_gen,2025-11-16,2025-11-16T23:57:10
rtlbmp_gen,2025-11-17,2025-11-17T23:57:10
rtlbmp_gen,2025-11-18,2025-11-18T23:57:12
rtlbmp_gen,2025-11-19,2025-11-19T23:57:10
rtlbmp_gen,2025-11-20,2025-11-25T13:55:14
rtlbmp_gen,2025-11-21,2025-11-21T23:57:10
rtlbmp_gen,2025-11-22,2025-11-22T23:57:12
rtlbmp_gen,2025-11-23,2025-11-23T23:57:16
rtlbmp_gen,2025-11-24,2025-11-24T23:57:10
rtlbmp_gen,2025-11-25,2025-11-25T23:57:10
rtlbmp_gen,2025-11-26,2025-11-26T23:57:10
rtlbmp_gen,2025-11-27,2025-11-27T23:57:10
rtlbmp_gen,2025-11-28,2025-11-28T23:57:12
rtlbmp_gen,2025-11-29,2025-11-29T23:57:12
rtlbmp_gen,2025-11-30,2025-11-30T23:57:10
rtlbmp_gen,2025-12-01,2025-12-01T23:57:08
rtlbmp_gen,2025-12-02,2025-12-05T15:06:08
rtlbmp_gen,2025-12-03,2025-12-03T23:57:08
rtlbmp_gen,2025-12-04,2025-12-04T23:57:08
rtlbmp_gen,2025-12-05,2025-12-10T17:55:16
rtlbmp_gen,2025-12-06,2025-12-06T23:57:08
rtlbmp_gen,2025-12-07,2025-12-07T23:57:08
rtlbmp_gen,2025-12-08,2025-12-08T23:57:10
rtlbmp_gen,2025-12-09,2025-12-09T23:57:08
rtlbmp_gen,2025-12-10,2025-12-10T23:57:10
rtlbmp_gen,2025-12-11,2025-12-12T00:55:16
rtlbmp_gen,2025-12-12,2025-12-13T00:02:12
rtlbmp_gen,2025-12-13,2025-12-13T23:57:08
rtlbmp_gen,2025-12-14,2025-12-14T23:57:10
rtlbmp_gen,2025-12-15,2025-12-15T23:57:12
rtlbmp_gen,2025-12-16,2025-12-16T23:57:10
rtlbmp_gen,2025-12-17,2025-12-17T23:57:12
rtlbmp_gen,2025-12-18,2025-12-18T23:57:10
rtlbmp_gen,2025-12-19,2025-12-19T23:57:10
rtlbmp_gen,2025-12-20,2025-12-20T23:57:12
rtlbmp_gen,2025-12-21,2025-12-21T23:57:10
rtlbmp_gen,2025-12-22,2025-12-22T23:57:12
rtlbmp_gen,2025-12-23,2025-12-23T23:57:10
rtlbmp_gen,2025-12-24,2025-12-24T23:57:10
rtlbmp_gen,2025-12-25,2025-12-25T23:57:10
rtlbmp_gen,2025-12-26,2025-12-26T23:57:10
rtlbmp_gen,2025-12-27,2025-12-27T23:57:10
rtlbmp_gen,2025-12-28,2025-12-28T23:57:12
rtlbmp_gen,2025-12-29,2025-12-29T23:57:12
rtlbmp_gen,2025-12-30,2025-12-30T23:57:10
rtlbmp_gen,2025-12-31,2025-12-31T23:57:10
rtlbmp_gen,2026-01-01,2026-01-01T23:57:10
rtlbmp_gen,2026-01-02,2026-01-02T23:57:10
rtlbmp_gen,2026-01-03,2026-01-03T23:57:10
rtlbmp_gen,2026-01-04,2026-01-04T23:57:08
rtlbmp_gen,2026-01-05,2026-01-08T17:00:14
rtlbmp_gen,2026-01-06,2026-01-06T23:57:08
rtlbmp_gen,2026-01-07,2026-01-07T23:57:10
rtlbmp_gen,2026-01-08,2026-01-08T23:57:10
rtlbmp_gen,2026-01-09,2026-01-09T23:57:10
rtlbmp_gen,2026-01-10,2026-01-10T23:57:10
rtlbmp_gen,2026-01-11,2026-01-11T23:57:10
rtlbmp_gen,2026-01-12,2026-01-12T23:57:08
rtlbmp_gen,2026-01-13,2026-01-13T23:57:12
rtlbmp_gen,2026-01-14,2026-01-14T23:57:10
rtlbmp_gen,2026-01-15,2026-01-15T23:57:10
rtlbmp_gen,2026-01-16,2026-01-16T23:57:12
rtlbmp_gen,2026-01-17,2026-01-17T23:57:10
rtlbmp_gen,2026-01-18,2026-01-18T23:57:10
rtlbmp_gen,2026-01-19,2026-01-19T23:57:10
rtlbmp_gen,2026-01-20,2026-01-20T23:57:10
rtlbmp_gen,2026-01-21,2026-01-26T14:55:16
rtlbmp_gen,2026-01-22,2026-01-22T23:57:12
rtlbmp_gen,2026-01-23,2026-01-24T00:03:12
rtlbmp_gen,2026-01-24,2026-01-24T23:57:10
rtlbmp_gen,2026-01-25,2026-01-25T23:57:10
rtlbmp_gen,2026-01-26,2026-01-26T23:57:10
rtlbmp_gen,2026-01-27,2026-01-28T02:01:10
rtlbmp_gen,2026-01-28,2026-01-29T00:02:12
rtlbmp_gen,2026-01-29,2026-01-29T23:57:10
rtlbmp_gen,2026-01-30,2026-01-30T23:57:10
rtlbmp_gen,2026-01-31,2026-01-31T23:57:10
rtlbmp_gen,2026-02-01,2026-02-01T23:57:10
rtlbmp_gen,2026-02-02,2026-02-02T23:57:08
rtlbmp_gen,2026-02-03,2026-02-03T23:57:10
rtlbmp_gen,2026-02-04,2026-02-04T23:57:08
rtlbmp_gen,2026-02-05,2026-02-05T23:57:08
rtlbmp_gen,2026-02-06,2026-02-06T23:57:10
rtlbmp_gen,2026-02-07,2026-02-07T23:57:10
rtlbmp_gen,2026-02-08,2026-02-08T23:57:10
rtlbmp_gen,2026-02-09,2026-02-09T23:57:10
rtlbmp_gen,2026-02-10,2026-02-10T23:57:10
rtlbmp_gen,2026-02-11,2026-02-11T23:57:10
rtlbmp_gen,2026-02-12,2026-02-12T23:57:10
rtlbmp_gen,2026-02-13,2026-02-13T23:57:10
rtlbmp_gen,2026-02-14,2026-02-14T23:57:10
rtlbmp_gen,2026-02-15,2026-02-15T23:57:10
rtlbmp_gen,2026-02-16,2026-02-16T23:57:08
rtlbmp_gen,2026-02-17,2026-02-17T23:57:10
rtlbmp_gen,2026-02-18,2026-02-18T23:57:10
rtlbmp_gen,2026-02-19,2026-02-19T23:57:10
rtlbmp_gen,2026-02-20,2026-02-20T23:57:10
rtlbmp_gen,2026-02-21,2026-02-21T23:57:10
rtlbmp_gen,2026-02-22,2026-02-22T23:57:10
rtlbmp_gen,2026-02-23,2026-02-23T23:57:10
rtlbmp_gen,2026-02-24,2026-02-24T23:57:12
rtlbmp_gen,2026-02-25,2026-02-25T23:57:10
rtlbmp_gen,2026-02-26,2026-02-26T23:57:10
rtlbmp_gen,2026-02-27,2026-02-27T23:57:10
rtlbmp_gen,2026-02-28,2026-02-28T23:57:10
rtlbmp_gen,2026-03-01,2026-03-01T23:57:08
rtlbmp_gen,2026-03-02,2026-03-02T23:57:10
rtlbmp_gen,2026-03-03,2026-03-03T23:57:08
rtlbmp_gen,2026-03-04,2026-03-04T23:57:10
rtlbmp_gen,2026-03-05,2026-03-05T23:57:10
rtlbmp_gen,2026-03-06,2026-03-06T23:57:08
rtlbmp_gen,2026-03-07,2026-03-07T23:57:10
rtlbmp_gen,2026-03-08,2026-03-08T23:57:10
rtlbmp_gen,2026-03-09,2026-03-09T23:57:10
rtlbmp_gen,2026-03-10,2026-03-10T23:57:08
rtlbmp_gen,2026-03-11,2026-03-11T23:57:10
rtlbmp_gen,2026-03-12,2026-03-17T17:55:22
rtlbmp_gen,2026-03-13,2026-03-17T17:55:26
rtlbmp_gen,2026-03-14,2026-03-14T23:57:10
rtlbmp_gen,2026-03-15,2026-03-15T23:57:10
rtlbmp_gen,2026-03-16,2026-03-17T00:55:14
rtlbmp_gen,2026-03-17,2026-03-17T23:57:10
rtlbmp_gen,2026-03-18,2026-03-18T23:57:10
rtlbmp_gen,2026-03-19,2026-03-19T23:57:10
rtlbmp_gen,2026-03-20,2026-03-20T23:57:10
rtlbmp_gen,2026-03-21,2026-03-21T23:57:10
rtlbmp_gen,2026-03-22,2026-03-22T23:57:08
rtlbmp_gen,2026-03-23,2026-03-23T23:57:10
rtlbmp_gen,2026-03-24,2026-03-24T23:57:12
rtlbmp_gen,2026-03-25,2026-03-25T23:57:10
rtlbmp_gen,2026-03-26,2026-03-26T23:57:10
rtlbmp_gen,2026-03-27,2026-03-27T23:57:12
rtlbmp_gen,2026-03-28,2026-03-28T23:57:10
rtlbmp_gen,2026-03-29,2026-03-29T23:57:10
rtlbmp_gen,2026-03-30,2026-03-30T23:58:10
rtlbmp_gen,2026-03-31,2026-03-31T23:57:10
rtlbmp_gen,2026-04-01,2026-04-01T23:57:10
rtlbmp_gen,2026-04-02,2026-04-02T23:57:08
rtlbmp_gen,2026-04-03,2026-04-03T23:57:08
rtlbmp_gen,2026-04-04,2026-04-04T23:57:08
rtlbmp_gen,2026-04-05,2026-04-05T23:57:10
rtlbmp_gen,2026-04-06,2026-04-06T23:57:10
rtlbmp_gen,2026-04-07,2026-04-07T23:57:10
rtlbmp_gen,2026-04-08,2026-04-08T23:57:10
rtlbmp_gen,2026-04-09,2026-04-09T23:57:10
rtlbmp_gen,2026-04-10,2026-04-10T23:57:12
rtlbmp_gen,2026-04-11,2026-04-11T23:57:10
rtlbmp_gen,2026-04-12,2026-04-12T23:57:08
rtlbmp_gen,2026-04-13,2026-04-13T23:57:10
rtlbmp_gen,2026-04-14,2026-04-14T23:57:10
rtlbmp_gen,2026-04-15,2026-04-15T23:57:10
rtlbmp_gen,2026-04-16,2026-04-16T23:57:10
rtlbmp_gen,2026-04-17,2026-04-17T23:57:10
rtlbmp_gen,2026-04-18,2026-04-18T23:57:10
rtlbmp_gen,2026-04-19,2026-04-19T23:57:10
rtlbmp_gen,2026-04-20,2026-04-20T23:57:10
rtlbmp_gen,2026-04-21,2026-04-21T23:57:10
rtlbmp_gen,2026-04-22,2026-04-22T23:57:10
rtlbmp_gen,2026-04-23,2026-04-27T17:55:18
rtlbmp_gen,2026-04-24,2026-04-24T23:57:10
rtlbmp_gen,2026-04-25,2026-04-25T23:57:10
rtlbmp_gen,2026-04-26,2026-04-27T00:02:12
rtlbmp_gen,2026-04-27,2026-04-27T23:57:10
rtlbmp_gen,2026-04-28,2026-04-28T23:57:10
rtlbmp_gen,2026-04-29,2026-04-29T23:57:10
rtlbmp_gen,2026-04-30,2026-04-30T23:57:10
rtlbmp_gen,2026-05-01,2026-05-01T23:57:10
rtlbmp_gen,2026-05-02,2026-05-02T23:57:10
rtlbmp_gen,2026-05-03,2026-05-03T23:57:10
rtlbmp_gen,2026-05-04,2026-05-04T23:57:10
rtlbmp_gen,2026-05-05,2026-05-05T23:57:10
rtlbmp_gen,2026-05-06,2026-05-06T23:57:10
rtlbmp_gen,2026-05-07,2026-05-07T23:57:08
rtlbmp_gen,2026-05-08,2026-05-08T23:57:08
rtlbmp_gen,2026-05-09,2026-05-09T23:57:12
rtlbmp_gen,2026-05-10,2026-05-10T23:57:10
rtlbmp_gen,2026-05-11,2026-05-11T23:57:10
rtlbmp_gen,2026-05-12,2026-05-14T13:55:14
rtlbmp_gen,2026-05-13,2026-05-14T00:01:10
rtlbmp_gen,2026-05-14,2026-05-14T23:57:10
rtlbmp_gen,2026-05-15,2026-05-15T23:57:10
rtlbmp_gen,2026-05-16,2026-05-17T00:02:14
rtlbmp_gen,2026-05-17,2026-05-17T23:57:12
rtlbmp_gen,2026-05-18,2026-05-18T23:57:12
rtlbmp_gen,2026-05-19,2026-05-19T23:57:10
rtlbmp_gen,2026-05-20,2026-05-20T23:57:10
rtlbmp_gen,2026-05-21,2026-05-21T23:57:12
rtlbmp_gen,2026-05-22,2026-05-22T23:57:12
rtlbmp_gen,2026-05-23,2026-05-23T23:57:10
rtlbmp_gen,2026-05-24,2026-05-24T23:57:10
rtlbmp_gen,2026-05-25,2026-05-26T02:01:14
rtlbmp_gen,2026-05-26,2026-05-26T23:57:10
rtlbmp_gen,2026-05-27,2026-05-27T23:57:12
rtlbmp_gen,2026-05-28,2026-05-28T23:57:12
rtlbmp_gen,2026-05-29,2026-05-29T23:57:12
rtlbmp_gen,2026-05-30,2026-05-30T23:57:10
rtlbmp_gen,2026-05-31,2026-05-31T23:57:10
rtlbmp_gen,2026-06-01,2026-06-01T23:57:08
rtlbmp_gen,2026-06-02,2026-06-02T23:57:10
rtlbmp_gen,2026-06-03,2026-06-03T23:57:10
rtlbmp_gen,2026-06-04,2026-06-04T23:57:08
rtlbmp_gen,2026-06-05,2026-06-05T23:57:12
rtlbmp_gen,2026-06-06,2026-06-06T23:57:10
rtlbmp_gen,2026-06-07,2026-06-07T23:57:08
rtlbmp_gen,2026-06-08,2026-06-08T23:57:12
rtlbmp_gen,2026-06-09,2026-06-09T23:57:10
rtlbmp_gen,2026-06-10,2026-06-10T23:57:12
rtlbmp_gen,2026-06-11,2026-06-11T23:57:08
rtlbmp_gen,2026-06-12,2026-06-12T23:57:10
rtlbmp_gen,2026-06-13,2026-06-13T23:57:10
rtlbmp_gen,2026-06-14,2026-06-14T23:57:12
rtlbmp_gen,2026-06-15,2026-06-15T23:57:10
rtlbmp_gen,2026-06-16,2026-06-16T23:57:10
rtlbmp_gen,2026-06-17,2026-06-18T02:01:10
rtlbmp_gen,2026-06-18,2026-06-18T23:57:10
rtlbmp_gen,2026-06-19,2026-06-19T23:57:12
rtlbmp_gen,2026-06-20,2026-06-20T23:57:12
rtlbmp_gen,2026-06-21,2026-06-21T23:57:12
rtlbmp_gen,2026-06-22,2026-06-22T23:57:10
rtlbmp_gen,2026-06-23,2026-06-23T23:57:12
rtlbmp_gen,2026-06-24,2026-06-24T23:57:12
rtlbmp_gen,2026-06-25,2026-06-25T23:57:10
rtlbmp_gen,2026-06-26,2026-06-26T23:57:10
rtlbmp_gen,2026-06-27,2026-06-27T23:57:10
rtlbmp_gen,2026-06-28,2026-06-28T23:57:14
rtlbmp_gen,2026-06-29,2026-06-30T00:02:12
rtlbmp_gen,2026-06-30,2026-06-30T23:57:12
rtlbmp_gen,2026-07-01,2026-07-02T00:02:12
rtlbmp_gen,2026-07-02,2026-07-02T23:57:10
rtlbmp_gen,2026-07-03,2026-07-04T00:02:12
rtlbmp_gen,2026-07-04,2026-07-04T23:57:10
rtlbmp_gen,2026-07-05,2026-07-05T23:57:12
rtlbmp_gen,2026-07-06,2026-07-06T23:57:10
rtlbmp_gen,2026-07-07,2026-07-07T23:57:10
rtlbmp_gen,2026-07-08,2026-07-08T23:57:12
rtlbmp_gen,2026-07-09,2026-07-09T23:57:10
rtlbmp_gen,2026-07-10,2026-07-10T23:57:10
rtlbmp_gen,2026-07-11,2026-07-11T23:57:12
rtlbmp_gen,2026-07-12,2026-07-12T23:57:10
rtlbmp_gen,2026-07-13,2026-07-13T23:57:10
rtlbmp_gen,2026-07-14,2026-07-14T23:57:10
rtlbmp_gen,2026-07-15,2026-07-15T23:57:10
rtlbmp_gen,2026-07-16,2026-07-16T23:57:10
rtlbmp_gen,2026-07-17,2026-07-17T23:57:10
rtlbmp_gen,2026-07-18,2026-07-18T23:57:10
rtlbmp_gen,2026-07-19,2026-07-21T14:55:16
rtlbmp_gen,2026-07-20,2026-07-20T23:57:12
rtlbmp_gen,2026-07-21,2026-07-21T23:57:12
rtlbmp_gen,2026-07-22,2026-07-22T23:57:12
rtlbmp_gen,2026-07-23,2026-07-23T23:57:10
rtlbmp_gen,2026-07-24,2026-07-24T23:57:12
rtlbmp_gen,2026-07-25,2026-07-25T23:57:12
rtlbmp_gen,2026-07-26,2026-07-26T23:57:12
rtlbmp_gen,2026-07-27,2026-07-27T23:57:14
rtlbmp_gen,2026-07-28,2026-07-28T23:57:12
rtlbmp_gen,2026-07-29,2026-07-29T23:57:16
rtlbmp_gen,2026-07-30,2026-07-30T23:57:22
rtlbmp_gen,2026-07-31,2026-07-31T23:57:20
rtlbmp_gen,2026-08-01,2026-08-01T23:57:18
rtlbmp_gen,2026-08-02,2026-08-02T23:57:18
rtlbmp_gen,2026-08-03,2026-08-03T23:57:18
rtlbmp_gen,2026-08-04,2026-08-04T23:57:18
rtlbmp_gen,2026-08-05,2026-08-05T23:57:18
rtlbmp_gen,2026-08-06,2026-08-06T23:57:18
rtlbmp_gen,2026-08-07,2026-08-07T23:57:18
rtlbmp_gen,2026-08-08,2026-08-08T23:57:20
rtlbmp_gen,2026-08-09,2026-08-09T23:57:20
rtlbmp_gen,2026-08-10,2026-08-10T23:57:18
rtlbmp_gen,2026-08-11,2026-08-11T23:57:20
rtlbmp_gen,2026-08-12,2026-08-12T23:57:20
rtlbmp_gen,2026-08-13,2026-08-13T23:57:18
rtlbmp_gen,2026-08-14,2026-08-14T23:57:18
rtlbmp_gen,2026-08-15,2026-08-15T23:57:20
rtlbmp_gen,2026-08-16,2026-08-16T23:57:20
rtlbmp_gen,2026-08-17,2026-08-17T23:57:20
rtlbmp_gen,2026-08-18,2026-08-18T23:57:18
rtlbmp_gen,2026-08-19,2026-08-19T23:57:20
rtlbmp_gen,2026-08-20,2026-08-20T23:57:18
rtlbmp_gen,2026-08-21,2026-08-21T23:57:20
rtlbmp_gen,2026-08-22,2026-08-22T23:57:20
rtlbmp_gen,2026-08-23,2026-08-23T23:57:20
rtlbmp_gen,2026-08-24,2026-08-24T23:57:18
rtlbmp_gen,2026-08-25,2026-08-25T23:57:22
rtlbmp_gen,2026-08-26,2026-08-26T23:57:20
rtlbmp_gen,2026-08-27,2026-08-27T23:57:20
rtlbmp_gen,2026-08-28,2026-08-28T23:57:18
rtlbmp_gen,2026-08-29,2026-08-29T23:57:20
rtlbmp_gen,2026-08-30,2026-08-30T23:57:20
rtlbmp_gen,2026-08-31,2026-08-31T23:57:20
rtlbmp_gen,2026-09-01,2026-09-01T23:57:24
rtlbmp_gen,2026-09-02,2026-09-02T23:57:18
rtlbmp_gen,2026-09-03,2026-09-03T23:57:18
rtlbmp_gen,2026-09-04,2026-09-04T23:57:18
rtlbmp_gen,2026-09-05,2026-09-05T23:57:18
rtlbmp_gen,2026-09-06,2026-09-06T23:57:20
rtlbmp_gen,2026-09-07,2026-09-07T23:57:20
rtlbmp_gen,2026-09-08,2026-09-08T23:57:18
rtlbmp_gen,2026-09-09,2026-09-09T23:57:20
rtlbmp_gen,2026-09-10,2026-09-10T23:57:16
rtlbmp_gen,2026-09-11,2026-09-11T23:57:22
rtlbmp_gen,2026-09-12,2026-09-12T23:57:22
rtlbmp_gen,2026-09-13,2026-09-13T23:57:20
rtlbmp_gen,2026-09-14,2026-09-14T23:57:20
rtlbmp_gen,2026-09-15,2026-09-15T23:57:18
rtlbmp_gen,2026-09-16,2026-09-16T23:57:20
rtlbmp_gen,2026-09-17,2026-09-17T23:57:20
rtlbmp_gen,2026-09-18,2026-09-18T23:57:22
rtlbmp_gen,2026-09-19,2026-09-19T23:57:20
rtlbmp_gen,2026-09-20,2026-09-20T23:57:20
rtlbmp_gen,2026-09-21,2026-09-24T11:01:16
rtlbmp_gen,2026-09-22,2026-09-22T23:57:12
rtlbmp_gen,2026-09-23,2026-09-23T23:57:10
rtlbmp_gen,2026-09-24,2026-09-24T23:57:10
rtlbmp_gen,2026-09-25,2026-09-25T23:57:10
rtlbmp_gen,2026-09-26,2026-09-26T23:57:12
rtlbmp_gen,2026-09-27,2026-09-27T23:57:10
rtlbmp_gen,2026-09-28,2026-09-28T23:57:12
rtlbmp_gen,2026-09-29,2026-09-29T23:57:12
rtlbmp_gen,2026-09-30,2026-09-30T23:57:12
isolf,2020-01-01,2019-12-31T07:05:06
isolf,2020-01-02,2020-01-01T07:05:06
isolf,2020-01-03,2020-01-02T07:05:08
isolf,2020-01-04,2020-01-03T07:05:06
isolf,2020-01-05,2020-01-04T07:05:06
isolf,2020-01-06,2020-01-05T07:05:06
isolf,2020-01-07,2020-01-06T07:05:06
isolf,2020-01-08,2020-01-07T07:05:04
isolf,2020-01-09,2020-01-08T07:05:06
isolf,2020-01-10,2020-01-09T07:05:06
isolf,2020-01-11,2020-01-10T07:05:06
isolf,2020-01-12,2020-01-11T07:05:06
isolf,2020-01-13,2020-01-12T07:05:04
isolf,2020-01-14,2020-01-13T07:05:06
isolf,2020-01-15,2020-01-14T07:05:04
isolf,2020-01-16,2020-01-15T07:05:08
isolf,2020-01-17,2020-01-16T07:05:04
isolf,2020-01-18,2020-01-17T07:05:06
isolf,2020-01-19,2020-01-18T07:05:06
isolf,2020-01-20,2020-01-19T07:05:06
isolf,2020-01-21,2020-01-20T07:05:06
isolf,2020-01-22,2020-01-21T07:05:04
isolf,2020-01-23,2020-01-22T07:05:06
isolf,2020-01-24,2020-01-23T07:05:04
isolf,2020-01-25,2020-01-24T07:05:06
isolf,2020-01-26,2020-01-25T07:05:06
isolf,2020-01-27,2020-01-26T07:05:06
isolf,2020-01-28,2020-01-27T07:05:04
isolf,2020-01-29,2020-01-28T07:05:06
isolf,2020-01-30,2020-01-29T07:05:06
isolf,2020-01-31,2020-01-30T07:05:06
isolf,2020-02-01,2020-01-31T07:05:06
isolf,2020-02-02,2020-02-01T07:05:10
isolf,2020-02-03,2020-02-02T07:05:08
isolf,2020-02-04,2020-02-03T07:05:08
isolf,2020-02-05,2020-02-04T07:05:06
isolf,2020-02-06,2020-02-05T07:05:06
isolf,2020-02-07,2020-02-06T07:05:06
isolf,2020-02-08,2020-02-07T07:05:08
isolf,2020-02-09,2020-02-08T07:05:06
isolf,2020-02-10,2020-02-09T07:05:06
isolf,2020-02-11,2020-02-10T07:05:06
isolf,2020-02-12,2020-02-11T07:05:04
isolf,2020-02-13,2020-02-12T07:05:04
isolf,2020-02-14,2020-02-13T07:05:06
isolf,2020-02-15,2020-02-14T07:05:04
isolf,2020-02-16,2020-02-15T07:05:06
isolf,2020-02-17,2020-02-16T07:05:06
isolf,2020-02-18,2020-02-17T07:05:06
isolf,2020-02-19,2020-02-18T07:05:06
isolf,2020-02-20,2020-02-19T07:05:06
isolf,2020-02-21,2020-02-20T07:05:04
isolf,2020-02-22,2020-02-21T07:05:04
isolf,2020-02-23,2020-02-22T07:05:04
isolf,2020-02-24,2020-02-23T07:05:08
isolf,2020-02-25,2020-02-24T07:05:04
isolf,2020-02-26,2020-02-25T07:05:06
isolf,2020-02-27,2020-02-26T07:05:06
isolf,2020-02-28,2020-02-27T07:05:06
isolf,2020-02-29,2020-02-28T07:05:04
isolf,2020-03-01,2020-02-29T07:05:06
isolf,2020-03-02,2020-03-01T07:05:08
isolf,2020-03-03,2020-03-02T07:05:10
isolf,2020-03-04,2020-03-03T07:05:06
isolf,2020-03-05,2020-03-04T07:05:06
isolf,2020-03-06,2020-03-05T07:05:06
isolf,2020-03-07,2020-03-06T07:05:06
isolf,2020-03-08,2020-03-07T07:05:06
isolf,2020-03-09,2020-03-08T07:05:06
isolf,2020-03-10,2020-03-09T07:05:06
isolf,2020-03-11,2020-03-10T07:05:06
isolf,2020-03-12,2020-03-11T07:05:06
isolf,2020-03-13,2020-03-12T07:05:04
isolf,2020-03-14,2020-03-13T07:05:06
isolf,2020-03-15,2020-03-14T07:05:04
isolf,2020-03-16,2020-03-15T07:05:04
isolf,2020-03-17,2020-03-16T07:05:04
isolf,2020-03-18,2020-03-17T07:05:06
isolf,2020-03-19,2020-03-18T07:05:06
isolf,2020-03-20,2020-03-19T07:05:04
isolf,2020-03-21,2020-03-20T07:05:04
isolf,2020-03-22,2020-03-21T07:05:06
isolf,2020-03-23,2020-03-22T07:05:06
isolf,2020-03-24,2020-03-23T07:05:04
isolf,2020-03-25,2020-03-24T07:05:06
isolf,2020-03-26,2020-03-25T07:05:04
isolf,2020-03-27,2020-03-26T07:05:06
isolf,2020-03-28,2020-03-27T07:05:06
isolf,2020-03-29,2020-03-28T07:05:04
isolf,2020-03-30,2020-03-29T07:05:06
isolf,2020-03-31,2020-03-30T07:05:08
isolf,2020-04-01,2020-03-31T07:05:08
isolf,2020-04-02,2020-04-01T07:05:10
isolf,2020-04-03,2020-04-02T07:05:08
isolf,2020-04-04,2020-04-03T07:05:06
isolf,2020-04-05,2020-04-04T07:05:06
isolf,2020-04-06,2020-04-05T07:05:06
isolf,2020-04-07,2020-04-06T07:05:08
isolf,2020-04-08,2020-04-07T07:05:06
isolf,2020-04-09,2020-04-08T07:05:06
isolf,2020-04-10,2020-04-09T07:05:06
isolf,2020-04-11,2020-04-10T07:05:06
isolf,2020-04-12,2020-04-11T07:05:04
isolf,2020-04-13,2020-04-12T07:05:10
isolf,2020-04-14,2020-04-13T07:05:06
isolf,2020-04-15,2020-04-14T07:05:06
isolf,2020-04-16,2020-04-15T07:05:04
isolf,2020-04-17,2020-04-16T07:05:04
isolf,2020-04-18,2020-04-17T07:05:08
isolf,2020-04-19,2020-04-18T07:05:04
isolf,2020-04-20,2020-04-19T07:05:06
isolf,2020-04-21,2020-04-20T07:05:06
isolf,2020-04-22,2020-04-21T07:05:04
isolf,2020-04-23,2020-04-22T07:05:04
isolf,2020-04-24,2020-04-23T07:05:06
isolf,2020-04-25,2020-04-24T07:05:04
isolf,2020-04-26,2020-04-25T07:05:08
isolf,2020-04-27,2020-04-26T07:05:06
isolf,2020-04-28,2020-04-27T07:05:06
isolf,2020-04-29,2020-04-28T07:05:06
isolf,2020-04-30,2020-04-29T07:05:06
isolf,2020-05-01,2020-04-30T07:05:06
isolf,2020-05-02,2020-05-01T07:05:08
isolf,2020-05-03,2020-05-02T07:05:08
isolf,2020-05-04,2020-05-03T07:05:08
isolf,2020-05-05,2020-05-04T07:05:06
isolf,2020-05-06,2020-05-05T07:05:06
isolf,2020-05-07,2020-05-06T07:05:06
isolf,2020-05-08,2020-05-07T07:05:06
isolf,2020-05-09,2020-05-08T07:05:06
isolf,2020-05-10,2020-05-09T07:05:06
isolf,2020-05-11,2020-05-10T07:05:04
isolf,2020-05-12,2020-05-11T07:05:04
isolf,2020-05-13,2020-05-12T07:05:04
isolf,2020-05-14,2020-05-13T07:05:06
isolf,2020-05-15,2020-05-14T07:05:06
isolf,2020-05-16,2020-05-15T07:05:06
isolf,2020-05-17,2020-05-16T07:05:06
isolf,2020-05-18,2020-05-17T07:05:06
isolf,2020-05-19,2020-05-18T07:05:06
isolf,2020-05-20,2020-05-19T07:05:06
isolf,2020-05-21,2020-05-20T07:05:04
isolf,2020-05-22,2020-05-21T07:05:06
isolf,2020-05-23,2020-05-22T07:05:06
isolf,2020-05-24,2020-05-23T07:05:06
isolf,2020-05-25,2020-05-24T07:05:04
isolf,2020-05-26,2020-05-25T07:05:04
isolf,2020-05-27,2020-05-26T07:05:08
isolf,2020-05-28,2020-05-27T07:05:06
isolf,2020-05-29,2020-05-28T07:05:04
isolf,2020-05-30,2020-05-29T07:05:06
isolf,2020-05-31,2020-05-30T07:05:06
isolf,2020-06-01,2020-05-31T07:05:06
isolf,2020-06-02,2020-06-01T07:05:06
isolf,2020-06-03,2020-06-02T07:05:08
isolf,2020-06-04,2020-06-03T07:05:06
isolf,2020-06-05,2020-06-04T07:00:06
isolf,2020-06-06,2020-06-05T07:05:06
isolf,2020-06-07,2020-06-06T07:05:06
isolf,2020-06-08,2020-06-07T07:05:06
isolf,2020-06-09,2020-06-08T07:05:06
isolf,2020-06-10,2020-06-09T07:05:04
isolf,2020-06-11,2020-06-10T07:05:04
isolf,2020-06-12,2020-06-11T07:05:04
isolf,2020-06-13,2020-06-12T07:05:06
isolf,2020-06-14,2020-06-13T07:05:04
isolf,2020-06-15,2020-06-14T07:05:04
isolf,2020-06-16,2020-06-15T07:05:06
isolf,2020-06-17,2020-06-16T07:05:06
isolf,2020-06-18,2020-06-17T07:05:06
isolf,2020-06-19,2020-06-18T07:05:04
isolf,2020-06-20,2020-06-19T07:05:06
isolf,2020-06-21,2020-06-20T07:05:04
isolf,2020-06-22,2020-06-21T07:05:06
isolf,2020-06-23,2020-06-22T07:05:08
isolf,2020-06-24,2020-06-23T07:05:06
isolf,2020-06-25,2020-06-24T07:05:06
isolf,2020-06-26,2020-06-25T07:05:06
isolf,2020-06-27,2020-06-26T07:05:06
isolf,2020-06-28,2020-06-27T07:05:08
isolf,2020-06-29,2020-06-28T07:05:06
isolf,2020-06-30,2020-06-29T07:05:08
isolf,2020-07-01,2020-06-30T07:05:06
isolf,2020-07-02,2020-07-01T07:05:08
isolf,2020-07-03,2020-07-02T07:05:06
isolf,2020-07-04,2020-07-03T07:05:06
isolf,2020-07-05,2020-07-04T07:05:08
isolf,2020-07-06,2020-07-05T07:05:06
isolf,2020-07-07,2020-07-06T07:05:04
isolf,2020-07-08,2020-07-07T07:05:06
isolf,2020-07-09,2020-07-08T07:05:06
isolf,2020-07-10,2020-07-09T07:05:06
isolf,2020-07-11,2020-07-10T07:05:06
isolf,2020-07-12,2020-07-11T07:05:06
isolf,2020-07-13,2020-07-12T07:05:04
isolf,2020-07-14,2020-07-13T07:05:06
isolf,2020-07-15,2020-07-14T07:05:04
isolf,2020-07-16,2020-07-15T07:05:06
isolf,2020-07-17,2020-07-16T07:05:04
isolf,2020-07-18,2020-07-17T07:05:06
isolf,2020-07-19,2020-07-18T07:05:04
isolf,2020-07-20,2020-07-19T07:05:06
isolf,2020-07-21,2020-07-20T07:05:04
isolf,2020-07-22,2020-07-21T07:05:06
isolf,2020-07-23,2020-07-22T07:05:04
isolf,2020-07-24,2020-07-23T07:05:06
isolf,2020-07-25,2020-07-24T07:05:04
isolf,2020-07-26,2020-07-25T07:05:04
isolf,2020-07-27,2020-07-26T07:05:06
isolf,2020-07-28,2020-07-27T07:05:08
isolf,2020-07-29,2020-07-28T07:05:06
isolf,2020-07-30,2020-07-29T07:05:04
isolf,2020-07-31,2020-07-30T07:05:04
isolf,2020-08-01,2020-07-31T07:05:06
isolf,2020-08-02,2020-08-01T07:05:12
isolf,2020-08-03,2020-08-02T07:05:06
isolf,2020-08-04,2020-08-03T07:05:06
isolf,2020-08-05,2020-08-04T07:05:06
isolf,2020-08-06,2020-08-05T07:05:06
isolf,2020-08-07,2020-08-06T07:05:04
isolf,2020-08-08,2020-08-07T07:05:04
isolf,2020-08-09,2020-08-08T07:05:06
isolf,2020-08-10,2020-08-09T07:05:06
isolf,2020-08-11,2020-08-10T07:05:10
isolf,2020-08-12,2020-08-11T07:05:06
isolf,2020-08-13,2020-08-12T07:05:04
isolf,2020-08-14,2020-08-13T07:05:06
isolf,2020-08-15,2020-08-14T07:05:06
isolf,2020-08-16,2020-08-15T07:05:06
isolf,2020-08-17,2020-08-16T07:05:06
isolf,2020-08-18,2020-08-17T07:05:06
isolf,2020-08-19,2020-08-18T07:05:04
isolf,2020-08-20,2020-08-19T07:05:08
isolf,2020-08-21,2020-08-20T07:05:04
isolf,2020-08-22,2020-08-21T07:05:04
isolf,2020-08-23,2020-08-22T07:05:06
isolf,2020-08-24,2020-08-23T07:05:06
isolf,2020-08-25,2020-08-24T07:05:08
isolf,2020-08-26,2020-08-25T07:05:06
isolf,2020-08-27,2020-08-26T07:05:06
isolf,2020-08-28,2020-08-27T07:05:06
isolf,2020-08-29,2020-08-28T07:05:04
isolf,2020-08-30,2020-08-29T07:05:06
isolf,2020-08-31,2020-08-30T07:05:06
isolf,2020-09-01,2020-08-31T07:05:12
isolf,2020-09-02,2020-09-01T07:05:04
isolf,2020-09-03,2020-09-02T07:05:08
isolf,2020-09-04,2020-09-03T07:05:04
isolf,2020-09-05,2020-09-04T07:05:04
isolf,2020-09-06,2020-09-05T07:05:06
isolf,2020-09-07,2020-09-06T07:05:06
isolf,2020-09-08,2020-09-07T07:05:06
isolf,2020-09-09,2020-09-08T07:05:04
isolf,2020-09-10,2020-09-09T07:05:04
isolf,2020-09-11,2020-09-10T07:05:04
isolf,2020-09-12,2020-09-11T07:05:04
isolf,2020-09-13,2020-09-12T07:05:06
isolf,2020-09-14,2020-09-13T07:05:06
isolf,2020-09-15,2020-09-14T07:05:04
isolf,2020-09-16,2020-09-15T07:05:08
isolf,2020-09-17,2020-09-16T07:05:06
isolf,2020-09-18,2020-09-17T07:05:04
isolf,2020-09-19,2020-09-18T07:05:06
isolf,2020-09-20,2020-09-19T07:05:06
isolf,2020-09-21,2020-09-20T07:05:04
isolf,2020-09-22,2020-09-21T07:05:06
isolf,2020-09-23,2020-09-22T07:05:04
isolf,2020-09-24,2020-09-23T07:05:06
isolf,2020-09-25,2020-09-24T07:05:06
isolf,2020-09-26,2020-09-25T07:05:06
isolf,2020-09-27,2020-09-26T07:05:06
isolf,2020-09-28,2020-09-27T07:05:04
isolf,2020-09-29,2020-09-28T07:05:08
isolf,2020-09-30,2020-09-29T07:05:04
isolf,2020-10-01,2020-09-30T07:05:04
isolf,2020-10-02,2020-10-01T07:05:06
isolf,2020-10-03,2020-10-02T07:05:06
isolf,2020-10-04,2020-10-03T07:05:06
isolf,2020-10-05,2020-10-04T07:05:04
isolf,2020-10-06,2020-10-05T07:05:06
isolf,2020-10-07,2020-10-06T07:05:04
isolf,2020-10-08,2020-10-07T07:05:04
isolf,2020-10-09,2020-10-08T07:05:06
isolf,2020-10-10,2020-10-09T07:05:04
isolf,2020-10-11,2020-10-10T07:05:06
isolf,2020-10-12,2020-10-11T07:05:06
isolf,2020-10-13,2020-10-12T07:05:06
isolf,2020-10-14,2020-10-13T07:05:04
isolf,2020-10-15,2020-10-14T07:05:04
isolf,2020-10-16,2020-10-15T07:05:04
isolf,2020-10-17,2020-10-16T07:05:04
isolf,2020-10-18,2020-10-17T07:05:04
isolf,2020-10-19,2020-10-18T07:05:04
isolf,2020-10-20,2020-10-19T07:05:04
isolf,2020-10-21,2020-10-20T07:05:04
isolf,2020-10-22,2020-10-21T07:05:06
isolf,2020-10-23,2020-10-22T07:05:06
isolf,2020-10-24,2020-10-23T07:05:04
isolf,2020-10-25,2020-10-24T07:05:04
isolf,2020-10-26,2020-10-25T07:05:06
isolf,2020-10-27,2020-10-26T07:05:06
isolf,2020-10-28,2020-10-27T07:05:04
isolf,2020-10-29,2020-10-28T07:05:04
isolf,2020-10-30,2020-10-29T07:05:04
isolf,2020-10-31,2020-10-30T07:05:04
isolf,2020-11-01,2020-10-31T07:05:04
isolf,2020-11-02,2020-11-01T07:05:04
isolf,2020-11-03,2020-11-02T07:05:04
isolf,2020-11-04,2020-11-03T07:05:04
isolf,2020-11-05,2020-11-04T07:05:04
isolf,2020-11-06,2020-11-05T07:05:04
isolf,2020-11-07,2020-11-06T07:05:04
isolf,2020-11-08,2020-11-07T07:05:04
isolf,2020-11-09,2020-11-08T07:05:04
isolf,2020-11-10,2020-11-09T07:05:06
isolf,2020-11-11,2020-11-10T07:05:04
isolf,2020-11-12,2020-11-11T07:05:04
isolf,2020-11-13,2020-11-12T07:05:04
isolf,2020-11-14,2020-11-13T07:05:04
isolf,2020-11-15,2020-11-14T07:05:06
isolf,2020-11-16,2020-11-15T07:10:06
isolf,2020-11-17,2020-11-16T07:10:04
isolf,2020-11-18,2020-11-17T07:05:04
isolf,2020-11-19,2020-11-18T07:35:06
isolf,2020-11-20,2020-11-19T07:15:04
isolf,2020-11-21,2020-11-20T07:10:04
isolf,2020-11-22,2020-11-21T08:05:06
isolf,2020-11-23,2020-11-22T07:10:04
isolf,2020-11-24,2020-11-23T07:15:06
isolf,2020-11-25,2020-11-24T07:15:04
isolf,2020-11-26,2020-11-25T07:15:04
isolf,2020-11-27,2020-11-26T07:05:04
isolf,2020-11-28,2020-11-27T07:10:04
isolf,2020-11-29,2020-11-28T07:15:04
isolf,2020-11-30,2020-11-29T07:10:06
isolf,2020-12-01,2020-12-01T05:35:08
isolf,2020-12-02,2020-12-01T07:21:10
isolf,2020-12-03,2020-12-02T07:10:06
isolf,2020-12-04,2020-12-03T07:05:06
isolf,2020-12-05,2020-12-04T07:10:04
isolf,2020-12-06,2020-12-05T07:15:04
isolf,2020-12-07,2020-12-06T07:05:04
isolf,2020-12-08,2020-12-07T07:05:04
isolf,2020-12-09,2020-12-08T07:49:06
isolf,2020-12-10,2020-12-09T07:10:04
isolf,2020-12-11,2020-12-10T07:40:04
isolf,2020-12-12,2020-12-11T07:35:04
isolf,2020-12-13,2020-12-12T07:10:06
isolf,2020-12-14,2020-12-13T07:05:08
isolf,2020-12-15,2020-12-14T07:25:06
isolf,2020-12-16,2020-12-15T08:45:06
isolf,2020-12-17,2020-12-16T07:25:04
isolf,2020-12-18,2020-12-17T07:15:04
isolf,2020-12-19,2020-12-18T07:10:04
isolf,2020-12-20,2020-12-19T07:05:04
isolf,2020-12-21,2020-12-20T07:50:06
isolf,2020-12-22,2020-12-21T08:20:06
isolf,2020-12-23,2020-12-22T07:20:04
isolf,2020-12-24,2020-12-23T07:05:06
isolf,2020-12-25,2020-12-24T08:15:04
isolf,2020-12-26,2020-12-25T07:15:04
isolf,2020-12-27,2020-12-26T07:05:06
isolf,2020-12-28,2020-12-27T07:05:06
isolf,2020-12-29,2020-12-28T08:05:04
isolf,2020-12-30,2020-12-29T07:55:04
isolf,2020-12-31,2020-12-30T08:35:04
isolf,2021-01-01,2020-12-31T08:30:04
isolf,2021-01-02,2021-01-02T05:30:08
isolf,2021-01-03,2021-01-02T07:20:04
isolf,2021-01-04,2021-01-03T07:10:06
isolf,2021-01-05,2021-01-04T07:30:04
isolf,2021-01-06,2021-01-05T07:05:04
isolf,2021-01-07,2021-01-06T07:15:04
isolf,2021-01-08,2021-01-07T07:25:08
isolf,2021-01-09,2021-01-08T07:25:06
isolf,2021-01-10,2021-01-09T07:40:04
isolf,2021-01-11,2021-01-10T07:45:06
isolf,2021-01-12,2021-01-11T08:30:06
isolf,2021-01-13,2021-01-12T07:25:04
isolf,2021-01-14,2021-01-13T07:15:04
isolf,2021-01-15,2021-01-14T07:20:06
isolf,2021-01-16,2021-01-15T08:30:06
isolf,2021-01-17,2021-01-16T07:05:04
isolf,2021-01-18,2021-01-18T05:00:18
isolf,2021-01-19,2021-01-18T07:20:04
isolf,2021-01-20,2021-01-19T07:05:04
isolf,2021-01-21,2021-01-20T07:10:06
isolf,2021-01-22,2021-01-21T08:20:04
isolf,2021-01-23,2021-01-22T08:05:04
isolf,2021-01-24,2021-01-23T08:05:06
isolf,2021-01-25,2021-01-24T07:55:06
isolf,2021-01-26,2021-01-25T07:10:04
isolf,2021-01-27,2021-01-26T08:00:04
isolf,2021-01-28,2021-01-27T07:30:04
isolf,2021-01-29,2021-01-28T07:25:04
isolf,2021-01-30,2021-01-29T08:10:04
isolf,2021-01-31,2021-01-30T07:50:06
isolf,2021-02-01,2021-01-31T07:20:04
isolf,2021-02-02,2021-02-01T07:20:06
isolf,2021-02-03,2021-02-02T08:00:04
isolf,2021-02-04,2021-02-03T08:35:06
isolf,2021-02-05,2021-02-04T07:55:04
isolf,2021-02-06,2021-02-05T07:20:06
isolf,2021-02-07,2021-02-06T07:35:06
isolf,2021-02-08,2021-02-07T08:05:06
isolf,2021-02-09,2021-02-08T07:20:08
isolf,2021-02-10,2021-02-09T08:30:06
isolf,2021-02-11,2021-02-10T07:10:04
isolf,2021-02-12,2021-02-11T07:15:06
isolf,2021-02-13,2021-02-12T08:55:06
isolf,2021-02-14,2021-02-13T07:25:04
isolf,2021-02-15,2021-02-14T08:00:04
isolf,2021-02-16,2021-02-15T07:30:06
isolf,2021-02-17,2021-02-16T07:55:06
isolf,2021-02-18,2021-02-17T07:30:04
isolf,2021-02-19,2021-02-18T08:10:04
isolf,2021-02-20,2021-02-19T07:30:06
isolf,2021-02-21,2021-02-20T07:30:06
isolf,2021-02-22,2021-02-21T07:45:06
isolf,2021-02-23,2021-02-22T07:35:08
isolf,2021-02-24,2021-02-23T07:20:06
isolf,2021-02-25,2021-02-24T07:28:38
isolf,2021-02-26,2021-02-25T07:40:08
isolf,2021-02-27,2021-02-26T09:00:04
isolf,2021-02-28,2021-02-27T08:45:06
isolf,2021-03-01,2021-02-28T07:35:04
isolf,2021-03-02,2021-03-01T07:15:06
isolf,2021-03-03,2021-03-02T07:30:06
isolf,2021-03-04,2021-03-03T07:10:04
isolf,2021-03-05,2021-03-04T07:30:06
isolf,2021-03-06,2021-03-05T08:15:04
isolf,2021-03-07,2021-03-06T07:30:06
isolf,2021-03-08,2021-03-07T07:05:04
isolf,2021-03-09,2021-03-08T07:50:08
isolf,2021-03-10,2021-03-09T07:25:06
isolf,2021-03-11,2021-03-10T07:05:06
isolf,2021-03-12,2021-03-11T07:40:04
isolf,2021-03-13,2021-03-12T07:10:06
isolf,2021-03-14,2021-03-13T07:25:04
isolf,2021-03-15,2021-03-15T05:35:14
isolf,2021-03-16,2021-03-15T07:15:06
isolf,2021-03-17,2021-03-16T07:35:06
isolf,2021-03-18,2021-03-17T07:30:06
isolf,2021-03-19,2021-03-18T07:45:06
isolf,2021-03-20,2021-03-19T07:30:04
isolf,2021-03-21,2021-03-20T07:30:06
isolf,2021-03-22,2021-03-21T07:25:06
isolf,2021-03-23,2021-03-22T07:35:08
isolf,2021-03-24,2021-03-23T07:25:06
isolf,2021-03-25,2021-03-24T07:15:04
isolf,2021-03-26,2021-03-25T07:20:04
isolf,2021-03-27,2021-03-26T08:15:04
isolf,2021-03-28,2021-03-27T08:00:08
isolf,2021-03-29,2021-03-28T07:45:04
isolf,2021-03-30,2021-03-29T07:35:06
isolf,2021-03-31,2021-03-30T07:10:06
isolf,2021-04-01,2021-03-31T07:30:06
isolf,2021-04-02,2021-04-01T07:20:06
isolf,2021-04-03,2021-04-02T07:55:06
isolf,2021-04-04,2021-04-03T07:45:04
isolf,2021-04-05,2021-04-04T08:20:04
isolf,2021-04-06,2021-04-05T07:35:06
isolf,2021-04-07,2021-04-06T07:15:06
isolf,2021-04-08,2021-04-07T07:20:08
isolf,2021-04-09,2021-04-08T07:20:06
isolf,2021-04-10,2021-04-09T07:55:06
isolf,2021-04-11,2021-04-10T08:05:06
isolf,2021-04-12,2021-04-11T07:05:04
isolf,2021-04-13,2021-04-12T08:35:04
isolf,2021-04-14,2021-04-13T07:15:04
isolf,2021-04-15,2021-04-14T07:25:04
isolf,2021-04-16,2021-04-15T07:40:04
isolf,2021-04-17,2021-04-16T08:05:06
isolf,2021-04-18,2021-04-17T07:55:04
isolf,2021-04-19,2021-04-18T08:25:04
isolf,2021-04-20,2021-04-19T07:25:04
isolf,2021-04-21,2021-04-20T08:00:06
isolf,2021-04-22,2021-04-21T07:35:04
isolf,2021-04-23,2021-04-22T08:30:04
isolf,2021-04-24,2021-04-23T07:30:06
isolf,2021-04-25,2021-04-24T07:30:06
isolf,2021-04-26,2021-04-25T07:10:04
isolf,2021-04-27,2021-04-26T07:20:06
isolf,2021-04-28,2021-04-27T07:05:06
isolf,2021-04-29,2021-04-28T07:35:06
isolf,2021-04-30,2021-04-29T07:15:06
isolf,2021-05-01,2021-04-30T07:25:06
isolf,2021-05-02,2021-05-01T07:35:06
isolf,2021-05-03,2021-05-02T07:45:04
isolf,2021-05-04,2021-05-03T07:05:06
isolf,2021-05-05,2021-05-04T07:15:06
isolf,2021-05-06,2021-05-05T07:20:06
isolf,2021-05-07,2021-05-06T07:20:04
isolf,2021-05-08,2021-05-07T07:35:04
isolf,2021-05-09,2021-05-08T07:30:04
isolf,2021-05-10,2021-05-09T09:00:04
isolf,2021-05-11,2021-05-10T08:50:04
isolf,2021-05-12,2021-05-11T07:15:04
isolf,2021-05-13,2021-05-12T07:20:04
isolf,2021-05-14,2021-05-13T07:30:06
isolf,2021-05-15,2021-05-14T07:30:06
isolf,2021-05-16,2021-05-15T07:10:06
isolf,2021-05-17,2021-05-16T07:30:06
isolf,2021-05-18,2021-05-17T07:15:04
isolf,2021-05-19,2021-05-18T07:15:06
isolf,2021-05-20,2021-05-19T07:35:06
isolf,2021-05-21,2021-05-20T07:30:08
isolf,2021-05-22,2021-05-21T07:05:06
isolf,2021-05-23,2021-05-22T07:40:06
isolf,2021-05-24,2021-05-23T07:40:06
isolf,2021-05-25,2021-05-24T07:15:06
isolf,2021-05-26,2021-05-25T07:05:08
isolf,2021-05-27,2021-05-26T07:10:10
isolf,2021-05-28,2021-05-27T07:50:04
isolf,2021-05-29,2021-05-28T07:45:04
isolf,2021-05-30,2021-05-29T07:05:06
isolf,2021-05-31,2021-05-30T07:45:04
isolf,2021-06-01,2021-05-31T07:15:06
isolf,2021-06-02,2021-06-01T07:25:06
isolf,2021-06-03,2021-06-02T07:45:04
isolf,2021-06-04,2021-06-03T07:25:06
isolf,2021-06-05,2021-06-04T07:20:06
isolf,2021-06-06,2021-06-05T08:05:06
isolf,2021-06-07,2021-06-06T07:45:06
isolf,2021-06-08,2021-06-07T07:40:04
isolf,2021-06-09,2021-06-08T07:25:04
isolf,2021-06-10,2021-06-09T07:35:04
isolf,2021-06-11,2021-06-10T07:40:06
isolf,2021-06-12,2021-06-11T07:10:04
isolf,2021-06-13,2021-06-12T07:55:04
isolf,2021-06-14,2021-06-13T07:30:04
isolf,2021-06-15,2021-06-14T07:30:04
isolf,2021-06-16,2021-06-15T07:55:06
isolf,2021-06-17,2021-06-16T07:10:04
isolf,2021-06-18,2021-06-17T07:15:04
isolf,2021-06-19,2021-06-18T07:15:04
isolf,2021-06-20,2021-06-19T07:45:06
isolf,2021-06-21,2021-06-20T07:20:04
isolf,2021-06-22,2021-06-21T07:45:04
isolf,2021-06-23,2021-06-22T07:40:06
isolf,2021-06-24,2021-06-23T07:10:04
isolf,2021-06-25,2021-06-24T07:20:08
isolf,2021-06-26,2021-06-25T08:15:04
isolf,2021-06-27,2021-06-26T08:35:06
isolf,2021-06-28,2021-06-27T07:20:06
isolf,2021-06-29,2021-06-28T08:15:06
isolf,2021-06-30,2021-06-29T07:45:04
isolf,2021-07-01,2021-06-30T07:25:06
isolf,2021-07-02,2021-07-01T07:30:06
isolf,2021-07-03,2021-07-02T07:30:04
isolf,2021-07-04,2021-07-03T07:20:04
isolf,2021-07-05,2021-07-04T07:10:04
isolf,2021-07-06,2021-07-05T07:10:04
isolf,2021-07-07,2021-07-06T08:10:06
isolf,2021-07-08,2021-07-07T08:00:04
isolf,2021-07-09,2021-07-08T07:40:04
isolf,2021-07-10,2021-07-09T07:35:04
isolf,2021-07-11,2021-07-10T08:55:04
isolf,2021-07-12,2021-07-11T08:05:04
isolf,2021-07-13,2021-07-12T07:20:04
isolf,2021-07-14,2021-07-13T07:10:04
isolf,2021-07-15,2021-07-14T09:00:06
isolf,2021-07-16,2021-07-15T07:30:04
isolf,2021-07-17,2021-07-16T08:00:06
isolf,2021-07-18,2021-07-17T07:30:04
isolf,2021-07-19,2021-07-18T07:15:04
isolf,2021-07-20,2021-07-19T07:20:04
isolf,2021-07-21,2021-07-20T07:40:04
isolf,2021-07-22,2021-07-21T07:30:04
isolf,2021-07-23,2021-07-22T07:30:04
isolf,2021-07-24,2021-07-23T07:40:04
isolf,2021-07-25,2021-07-24T07:20:06
isolf,2021-07-26,2021-07-25T07:05:12
isolf,2021-07-27,2021-07-26T07:40:04
isolf,2021-07-28,2021-07-27T07:55:06
isolf,2021-07-29,2021-07-28T07:30:04
isolf,2021-07-30,2021-07-29T07:10:04
isolf,2021-07-31,2021-07-30T07:25:06
isolf,2021-08-01,2021-07-31T07:30:06
isolf,2021-08-02,2021-08-01T07:20:04
isolf,2021-08-03,2021-08-02T07:10:06
isolf,2021-08-04,2021-08-03T07:30:04
isolf,2021-08-05,2021-08-04T07:10:08
isolf,2021-08-06,2021-08-05T07:25:04
isolf,2021-08-07,2021-08-06T07:55:04
isolf,2021-08-08,2021-08-07T07:55:04
isolf,2021-08-09,2021-08-08T07:10:06
isolf,2021-08-10,2021-08-09T08:05:08
isolf,2021-08-11,2021-08-10T07:55:04
isolf,2021-08-12,2021-08-11T07:10:04
isolf,2021-08-13,2021-08-12T07:05:04
isolf,2021-08-14,2021-08-13T07:30:04
isolf,2021-08-15,2021-08-14T07:50:04
isolf,2021-08-16,2021-08-15T07:30:06
isolf,2021-08-17,2021-08-16T08:15:06
isolf,2021-08-18,2021-08-17T07:55:04
isolf,2021-08-19,2021-08-18T08:25:04
isolf,2021-08-20,2021-08-19T07:40:04
isolf,2021-08-21,2021-08-20T07:20:04
isolf,2021-08-22,2021-08-21T07:25:06
isolf,2021-08-23,2021-08-22T07:25:04
isolf,2021-08-24,2021-08-23T07:35:06
isolf,2021-08-25,2021-08-24T07:45:06
isolf,2021-08-26,2021-08-25T07:50:06
isolf,2021-08-27,2021-08-26T07:10:06
isolf,2021-08-28,2021-08-27T07:30:04
isolf,2021-08-29,2021-08-28T07:35:04
isolf,2021-08-30,2021-08-29T07:30:06
isolf,2021-08-31,2021-08-30T07:25:04
isolf,2021-09-01,2021-08-31T07:20:08
isolf,2021-09-02,2021-09-01T07:10:06
isolf,2021-09-03,2021-09-02T07:20:04
isolf,2021-09-04,2021-09-03T07:40:06
isolf,2021-09-05,2021-09-04T07:10:06
isolf,2021-09-06,2021-09-05T07:35:06
isolf,2021-09-07,2021-09-06T07:15:04
isolf,2021-09-08,2021-09-07T07:15:04
isolf,2021-09-09,2021-09-08T07:35:04
isolf,2021-09-10,2021-09-09T07:20:06
isolf,2021-09-11,2021-09-10T07:05:04
isolf,2021-09-12,2021-09-11T08:20:04
isolf,2021-09-13,2021-09-12T08:10:04
isolf,2021-09-14,2021-09-13T08:15:04
isolf,2021-09-15,2021-09-14T07:30:04
isolf,2021-09-16,2021-09-15T07:10:08
isolf,2021-09-17,2021-09-16T07:05:04
isolf,2021-09-18,2021-09-17T07:30:04
isolf,2021-09-19,2021-09-18T07:30:04
isolf,2021-09-20,2021-09-19T07:40:06
isolf,2021-09-21,2021-09-20T08:05:04
isolf,2021-09-22,2021-09-21T07:10:06
isolf,2021-09-23,2021-09-22T07:30:06
isolf,2021-09-24,2021-09-23T07:45:06
isolf,2021-09-25,2021-09-24T08:00:04
isolf,2021-09-26,2021-09-25T07:20:04
isolf,2021-09-27,2021-09-26T07:30:04
isolf,2021-09-28,2021-09-27T07:20:06
isolf,2021-09-29,2021-09-28T07:15:04
isolf,2021-09-30,2021-09-29T07:45:04
isolf,2021-10-01,2021-09-30T07:10:04
isolf,2021-10-02,2021-10-01T07:25:04
isolf,2021-10-03,2021-10-02T07:25:04
isolf,2021-10-04,2021-10-03T07:20:04
isolf,2021-10-05,2021-10-04T07:15:06
isolf,2021-10-06,2021-10-05T08:40:06
isolf,2021-10-07,2021-10-06T08:00:04
isolf,2021-10-08,2021-10-07T07:20:10
isolf,2021-10-09,2021-10-08T07:15:06
isolf,2021-10-10,2021-10-09T07:15:08
isolf,2021-10-11,2021-10-10T07:40:04
isolf,2021-10-12,2021-10-11T07:05:04
isolf,2021-10-13,2021-10-12T07:45:04
isolf,2021-10-14,2021-10-13T08:00:06
isolf,2021-10-15,2021-10-14T07:40:06
isolf,2021-10-16,2021-10-15T07:50:06
isolf,2021-10-17,2021-10-16T07:20:04
isolf,2021-10-18,2021-10-17T07:15:08
isolf,2021-10-19,2021-10-18T08:15:06
isolf,2021-10-20,2021-10-19T07:50:06
isolf,2021-10-21,2021-10-20T07:20:06
isolf,2021-10-22,2021-10-21T07:05:04
isolf,2021-10-23,2021-10-22T07:15:06
isolf,2021-10-24,2021-10-23T07:30:04
isolf,2021-10-25,2021-10-24T07:25:04
isolf,2021-10-26,2021-10-25T07:30:06
isolf,2021-10-27,2021-10-26T08:20:04
isolf,2021-10-28,2021-10-27T07:40:06
isolf,2021-10-29,2021-10-28T07:20:06
isolf,2021-10-30,2021-10-29T07:50:06
isolf,2021-10-31,2021-10-30T07:05:04
isolf,2021-11-01,2021-10-31T07:25:06
isolf,2021-11-02,2021-11-01T07:30:08
isolf,2021-11-03,2021-11-02T07:25:08
isolf,2021-11-04,2021-11-03T07:15:04
isolf,2021-11-05,2021-11-04T07:40:04
isolf,2021-11-06,2021-11-05T07:40:04
isolf,2021-11-07,2021-11-06T07:40:06
isolf,2021-11-08,2021-11-07T09:00:06
isolf,2021-11-09,2021-11-08T07:30:04
isolf,2021-11-10,2021-11-09T07:20:04
isolf,2021-11-11,2021-11-10T07:05:06
isolf,2021-11-12,2021-11-11T07:40:16
isolf,2021-11-13,2021-11-12T07:45:04
isolf,2021-11-14,2021-11-13T07:30:06
isolf,2021-11-15,2021-11-14T07:10:06
isolf,2021-11-16,2021-11-15T07:15:04
isolf,2021-11-17,2021-11-16T07:25:04
isolf,2021-11-18,2021-11-17T07:40:06
isolf,2021-11-19,2021-11-18T08:00:06
isolf,2021-11-20,2021-11-19T08:00:06
isolf,2021-11-21,2021-11-20T07:40:06
isolf,2021-11-22,2021-11-21T07:15:04
isolf,2021-11-23,2021-11-22T07:30:04
isolf,2021-11-24,2021-11-23T07:25:04
isolf,2021-11-25,2021-11-24T07:10:04
isolf,2021-11-26,2021-11-25T07:45:04
isolf,2021-11-27,2021-11-26T07:50:04
isolf,2021-11-28,2021-11-27T07:45:06
isolf,2021-11-29,2021-11-28T07:10:08
isolf,2021-11-30,2021-11-29T07:35:06
isolf,2021-12-01,2021-12-01T05:40:10
isolf,2021-12-02,2021-12-01T08:20:04
isolf,2021-12-03,2021-12-02T07:50:06
isolf,2021-12-04,2021-12-03T07:25:06
isolf,2021-12-05,2021-12-04T07:30:06
isolf,2021-12-06,2021-12-05T08:30:04
isolf,2021-12-07,2021-12-06T07:10:04
isolf,2021-12-08,2021-12-07T08:15:04
isolf,2021-12-09,2021-12-08T07:15:04
isolf,2021-12-10,2021-12-09T07:10:04
isolf,2021-12-11,2021-12-10T07:10:06
isolf,2021-12-12,2021-12-11T07:25:04
isolf,2021-12-13,2021-12-12T07:15:06
isolf,2021-12-14,2021-12-13T07:20:04
isolf,2021-12-15,2021-12-14T07:55:04
isolf,2021-12-16,2021-12-15T07:55:06
isolf,2021-12-17,2021-12-16T07:35:06
isolf,2021-12-18,2021-12-17T07:20:06
isolf,2021-12-19,2021-12-18T07:10:04
isolf,2021-12-20,2021-12-19T07:05:06
isolf,2021-12-21,2021-12-20T07:50:06
isolf,2021-12-22,2021-12-21T07:30:08
isolf,2021-12-23,2021-12-22T07:25:04
isolf,2021-12-24,2021-12-23T07:40:04
isolf,2021-12-25,2021-12-24T07:15:06
isolf,2021-12-26,2021-12-25T07:55:04
isolf,2021-12-27,2021-12-26T08:15:04
isolf,2021-12-28,2021-12-27T07:10:04
isolf,2021-12-29,2021-12-28T07:10:06
isolf,2021-12-30,2021-12-29T08:30:04
isolf,2021-12-31,2021-12-30T07:45:04
isolf,2022-01-01,2021-12-31T07:45:04
isolf,2022-01-02,2022-01-01T07:15:06
isolf,2022-01-03,2022-01-02T07:10:06
isolf,2022-01-04,2022-01-03T07:20:06
isolf,2022-01-05,2022-01-04T07:20:06
isolf,2022-01-06,2022-01-05T08:05:04
isolf,2022-01-07,2022-01-06T07:55:04
isolf,2022-01-08,2022-01-07T07:50:06
isolf,2022-01-09,2022-01-08T07:05:04
isolf,2022-01-10,2022-01-09T07:45:04
isolf,2022-01-11,2022-01-10T07:10:06
isolf,2022-01-12,2022-01-11T07:30:06
isolf,2022-01-13,2022-01-12T07:10:06
isolf,2022-01-14,2022-01-13T08:00:04
isolf,2022-01-15,2022-01-14T07:50:04
isolf,2022-01-16,2022-01-15T07:55:04
isolf,2022-01-17,2022-01-16T08:10:06
isolf,2022-01-18,2022-01-17T07:35:06
isolf,2022-01-19,2022-01-18T07:50:06
isolf,2022-01-20,2022-01-19T07:20:06
isolf,2022-01-21,2022-01-20T07:30:04
isolf,2022-01-22,2022-01-21T07:15:04
isolf,2022-01-23,2022-01-22T07:30:04
isolf,2022-01-24,2022-01-23T07:25:06
isolf,2022-01-25,2022-01-24T07:20:06
isolf,2022-01-26,2022-01-25T07:10:04
isolf,2022-01-27,2022-01-26T07:25:04
isolf,2022-01-28,2022-01-27T07:40:06
isolf,2022-01-29,2022-01-28T07:15:04
isolf,2022-01-30,2022-01-29T07:30:04
isolf,2022-01-31,2022-01-30T07:30:04
isolf,2022-02-01,2022-01-31T07:50:06
isolf,2022-02-02,2022-02-01T07:20:06
isolf,2022-02-03,2022-02-02T07:30:06
isolf,2022-02-04,2022-02-03T07:45:06
isolf,2022-02-05,2022-02-04T07:45:04
isolf,2022-02-06,2022-02-05T07:10:04
isolf,2022-02-07,2022-02-06T07:35:06
isolf,2022-02-08,2022-02-07T07:20:06
isolf,2022-02-09,2022-02-08T07:10:04
isolf,2022-02-10,2022-02-09T07:20:04
isolf,2022-02-11,2022-02-10T07:25:08
isolf,2022-02-12,2022-02-11T07:30:04
isolf,2022-02-13,2022-02-12T07:55:04
isolf,2022-02-14,2022-02-13T07:10:04
isolf,2022-02-15,2022-02-14T07:05:06
isolf,2022-02-16,2022-02-15T07:25:04
isolf,2022-02-17,2022-02-16T08:00:06
isolf,2022-02-18,2022-02-17T07:20:06
isolf,2022-02-19,2022-02-18T07:50:04
isolf,2022-02-20,2022-02-19T08:10:04
isolf,2022-02-21,2022-02-20T07:25:04
isolf,2022-02-22,2022-02-21T07:40:06
isolf,2022-02-23,2022-02-22T07:15:04
isolf,2022-02-24,2022-02-23T07:30:04
isolf,2022-02-25,2022-02-24T07:20:04
isolf,2022-02-26,2022-02-25T07:10:06
isolf,2022-02-27,2022-02-26T07:20:06
isolf,2022-02-28,2022-02-27T08:05:04
isolf,2022-03-01,2022-02-28T08:00:06
isolf,2022-03-02,2022-03-01T07:20:06
isolf,2022-03-03,2022-03-02T07:20:06
isolf,2022-03-04,2022-03-03T07:45:04
isolf,2022-03-05,2022-03-04T07:10:06
isolf,2022-03-06,2022-03-05T07:50:06
isolf,2022-03-07,2022-03-06T08:50:04
isolf,2022-03-08,2022-03-07T07:25:06
isolf,2022-03-09,2022-03-08T07:20:06
isolf,2022-03-10,2022-03-09T08:05:06
isolf,2022-03-11,2022-03-10T07:30:06
isolf,2022-03-12,2022-03-11T07:15:04
isolf,2022-03-13,2022-03-12T07:45:04
isolf,2022-03-14,2022-03-13T07:15:06
isolf,2022-03-15,2022-03-14T07:25:06
isolf,2022-03-16,2022-03-15T07:40:04
isolf,2022-03-17,2022-03-16T07:20:02
isolf,2022-03-18,2022-03-17T07:10:02
isolf,2022-03-19,2022-03-18T07:10:02
isolf,2022-03-20,2022-03-19T07:30:04
isolf,2022-03-21,2022-03-20T07:25:04
isolf,2022-03-22,2022-03-21T07:25:04
isolf,2022-03-23,2022-03-22T07:30:02
isolf,2022-03-24,2022-03-23T07:20:02
isolf,2022-03-25,2022-03-24T07:25:02
isolf,2022-03-26,2022-03-25T07:15:04
isolf,2022-03-27,2022-03-26T07:30:04
isolf,2022-03-28,2022-03-27T07:10:02
isolf,2022-03-29,2022-03-28T07:35:02
isolf,2022-03-30,2022-03-29T08:00:04
isolf,2022-03-31,2022-03-30T07:25:04
isolf,2022-04-01,2022-03-31T07:35:04
isolf,2022-04-02,2022-04-01T08:00:04
isolf,2022-04-03,2022-04-02T07:50:04
isolf,2022-04-04,2022-04-03T07:40:02
isolf,2022-04-05,2022-04-04T07:30:04
isolf,2022-04-06,2022-04-05T07:05:04
isolf,2022-04-07,2022-04-06T07:45:02
isolf,2022-04-08,2022-04-07T07:40:04
isolf,2022-04-09,2022-04-08T07:40:02
isolf,2022-04-10,2022-04-09T08:15:02
isolf,2022-04-11,2022-04-10T07:25:04
isolf,2022-04-12,2022-04-11T08:05:04
isolf,2022-04-13,2022-04-12T07:10:04
isolf,2022-04-14,2022-04-13T07:35:02
isolf,2022-04-15,2022-04-14T07:10:02
isolf,2022-04-16,2022-04-15T07:05:02
isolf,2022-04-17,2022-04-16T07:05:02
isolf,2022-04-18,2022-04-17T08:10:04
isolf,2022-04-19,2022-04-18T07:25:04
isolf,2022-04-20,2022-04-19T08:05:02
isolf,2022-04-21,2022-04-20T07:25:04
isolf,2022-04-22,2022-04-21T08:10:04
isolf,2022-04-23,2022-04-22T07:15:02
isolf,2022-04-24,2022-04-23T07:35:02
isolf,2022-04-25,2022-04-24T07:30:04
isolf,2022-04-26,2022-04-25T07:50:04
isolf,2022-04-27,2022-04-26T07:15:04
isolf,2022-04-28,2022-04-27T07:30:02
isolf,2022-04-29,2022-04-28T07:20:02
isolf,2022-04-30,2022-04-29T07:15:04
isolf,2022-05-01,2022-04-30T07:20:04
isolf,2022-05-02,2022-05-01T07:50:04
isolf,2022-05-03,2022-05-02T07:45:02
isolf,2022-05-04,2022-05-03T07:40:02
isolf,2022-05-05,2022-05-04T07:10:02
isolf,2022-05-06,2022-05-05T07:30:04
isolf,2022-05-07,2022-05-06T07:50:02
isolf,2022-05-08,2022-05-07T07:50:04
isolf,2022-05-09,2022-05-08T07:10:02
isolf,2022-05-10,2022-05-09T07:25:02
isolf,2022-05-11,2022-05-11T05:00:08
isolf,2022-05-12,2022-05-11T07:35:04
isolf,2022-05-13,2022-05-12T07:10:04
isolf,2022-05-14,2022-05-13T07:25:02
isolf,2022-05-15,2022-05-14T07:15:02
isolf,2022-05-16,2022-05-15T07:55:04
isolf,2022-05-17,2022-05-16T07:50:02
isolf,2022-05-18,2022-05-17T07:55:04
isolf,2022-05-19,2022-05-18T07:30:04
isolf,2022-05-20,2022-05-19T07:40:02
isolf,2022-05-21,2022-05-20T07:15:04
isolf,2022-05-22,2022-05-21T07:05:04
isolf,2022-05-23,2022-05-22T07:05:04
isolf,2022-05-24,2022-05-23T07:20:02
isolf,2022-05-25,2022-05-24T08:15:02
isolf,2022-05-26,2022-05-25T07:30:02
isolf,2022-05-27,2022-05-26T07:55:04
isolf,2022-05-28,2022-05-27T08:30:04
isolf,2022-05-29,2022-05-28T07:25:02
isolf,2022-05-30,2022-05-29T07:05:04
isolf,2022-05-31,2022-05-30T07:30:04
isolf,2022-06-01,2022-05-31T07:25:04
isolf,2022-06-02,2022-06-01T07:30:02
isolf,2022-06-03,2022-06-02T07:35:04
isolf,2022-06-04,2022-06-03T07:30:04
isolf,2022-06-05,2022-06-04T07:20:04
isolf,2022-06-06,2022-06-05T07:20:04
isolf,2022-06-07,2022-06-06T07:20:04
isolf,2022-06-08,2022-06-07T09:00:04
isolf,2022-06-09,2022-06-08T07:50:04
isolf,2022-06-10,2022-06-09T07:15:04
isolf,2022-06-11,2022-06-10T08:05:02
isolf,2022-06-12,2022-06-11T08:00:02
isolf,2022-06-13,2022-06-12T07:30:04
isolf,2022-06-14,2022-06-13T07:10:04
isolf,2022-06-15,2022-06-14T07:35:02
isolf,2022-06-16,2022-06-15T07:45:02
isolf,2022-06-17,2022-06-16T07:45:04
isolf,2022-06-18,2022-06-17T07:15:04
isolf,2022-06-19,2022-06-18T07:35:02
isolf,2022-06-20,2022-06-19T07:25:06
isolf,2022-06-21,2022-06-20T07:35:02
isolf,2022-06-22,2022-06-21T07:25:02
isolf,2022-06-23,2022-06-22T07:50:04
isolf,2022-06-24,2022-06-23T07:35:04
isolf,2022-06-25,2022-06-24T07:05:06
isolf,2022-06-26,2022-06-25T07:25:02
isolf,2022-06-27,2022-06-26T07:50:04
isolf,2022-06-28,2022-06-27T07:35:04
isolf,2022-06-29,2022-06-28T07:35:02
isolf,2022-06-30,2022-06-29T07:20:04
isolf,2022-07-01,2022-06-30T07:35:04
isolf,2022-07-02,2022-07-01T07:10:04
isolf,2022-07-03,2022-07-02T07:45:08
isolf,2022-07-04,2022-07-03T08:00:04
isolf,2022-07-05,2022-07-04T07:20:04
isolf,2022-07-06,2022-07-05T07:30:02
isolf,2022-07-07,2022-07-06T07:25:02
isolf,2022-07-08,2022-07-07T07:25:04
isolf,2022-07-09,2022-07-08T07:50:04
isolf,2022-07-10,2022-07-09T07:55:04
isolf,2022-07-11,2022-07-10T08:40:04
isolf,2022-07-12,2022-07-11T07:45:02
isolf,2022-07-13,2022-07-12T07:30:04
isolf,2022-07-14,2022-07-13T07:10:02
isolf,2022-07-15,2022-07-14T07:15:02
isolf,2022-07-16,2022-07-15T07:40:04
isolf,2022-07-17,2022-07-16T07:25:02
isolf,2022-07-18,2022-07-17T07:10:02
isolf,2022-07-19,2022-07-18T07:45:02
isolf,2022-07-20,2022-07-19T07:45:02
isolf,2022-07-21,2022-07-20T07:50:04
isolf,2022-07-22,2022-07-21T07:10:02
isolf,2022-07-23,2022-07-22T07:35:02
isolf,2022-07-24,2022-07-23T07:35:02
isolf,2022-07-25,2022-07-24T07:35:02
isolf,2022-07-26,2022-07-25T07:55:02
isolf,2022-07-27,2022-07-26T07:25:04
isolf,2022-07-28,2022-07-27T07:20:02
isolf,2022-07-29,2022-07-28T08:15:04
isolf,2022-07-30,2022-07-29T07:06:36
isolf,2022-07-31,2022-07-30T07:45:04
isolf,2022-08-01,2022-07-31T07:20:14
isolf,2022-08-02,2022-08-01T07:35:04
isolf,2022-08-03,2022-08-02T07:30:06
isolf,2022-08-04,2022-08-03T07:15:02
isolf,2022-08-05,2022-08-04T07:30:02
isolf,2022-08-06,2022-08-05T07:15:02
isolf,2022-08-07,2022-08-06T07:35:04
isolf,2022-08-08,2022-08-07T07:15:02
isolf,2022-08-09,2022-08-08T07:15:04
isolf,2022-08-10,2022-08-09T07:15:02
isolf,2022-08-11,2022-08-10T07:50:02
isolf,2022-08-12,2022-08-11T07:50:02
isolf,2022-08-13,2022-08-12T07:20:04
isolf,2022-08-14,2022-08-13T07:35:04
isolf,2022-08-15,2022-08-14T07:30:04
isolf,2022-08-16,2022-08-15T07:15:02
isolf,2022-08-17,2022-08-16T07:15:02
isolf,2022-08-18,2022-08-17T07:20:02
isolf,2022-08-19,2022-08-18T07:10:04
isolf,2022-08-20,2022-08-19T07:10:02
isolf,2022-08-21,2022-08-20T07:25:02
isolf,2022-08-22,2022-08-21T08:35:04
isolf,2022-08-23,2022-08-22T07:20:02
isolf,2022-08-24,2022-08-23T07:55:02
isolf,2022-08-25,2022-08-24T07:35:02
isolf,2022-08-26,2022-08-25T07:30:02
isolf,2022-08-27,2022-08-26T07:55:04
isolf,2022-08-28,2022-08-27T08:00:04
isolf,2022-08-29,2022-08-28T07:05:06
isolf,2022-08-30,2022-08-29T08:00:04
isolf,2022-08-31,2022-08-30T07:25:04
isolf,2022-09-01,2022-08-31T07:50:02
isolf,2022-09-02,2022-09-01T07:55:02
isolf,2022-09-03,2022-09-02T07:25:02
isolf,2022-09-04,2022-09-03T07:35:04
isolf,2022-09-05,2022-09-04T07:55:04
isolf,2022-09-06,2022-09-05T08:00:02
isolf,2022-09-07,2022-09-06T07:10:02
isolf,2022-09-08,2022-09-07T07:50:04
isolf,2022-09-09,2022-09-08T07:50:04
isolf,2022-09-10,2022-09-09T07:30:04
isolf,2022-09-11,2022-09-10T07:30:04
isolf,2022-09-12,2022-09-11T07:10:02
isolf,2022-09-13,2022-09-12T07:35:02
isolf,2022-09-14,2022-09-13T07:05:06
isolf,2022-09-15,2022-09-14T07:35:02
isolf,2022-09-16,2022-09-15T07:50:02
isolf,2022-09-17,2022-09-16T07:55:04
isolf,2022-09-18,2022-09-17T07:25:02
isolf,2022-09-19,2022-09-18T07:20:02
isolf,2022-09-20,2022-09-19T07:55:02
isolf,2022-09-21,2022-09-20T07:40:02
isolf,2022-09-22,2022-09-21T07:25:04
isolf,2022-09-23,2022-09-22T07:05:04
isolf,2022-09-24,2022-09-23T08:00:04
isolf,2022-09-25,2022-09-24T07:15:04
isolf,2022-09-26,2022-09-25T07:20:04
isolf,2022-09-27,2022-09-26T07:05:02
isolf,2022-09-28,2022-09-27T07:35:04
isolf,2022-09-29,2022-09-28T07:50:02
isolf,2022-09-30,2022-09-29T07:50:02
isolf,2022-10-01,2022-09-30T07:10:02
isolf,2022-10-02,2022-10-01T07:25:02
isolf,2022-10-03,2022-10-02T08:35:06
isolf,2022-10-04,2022-10-03T07:05:04
isolf,2022-10-05,2022-10-04T07:40:02
isolf,2022-10-06,2022-10-05T07:35:04
isolf,2022-10-07,2022-10-06T07:45:02
isolf,2022-10-08,2022-10-07T07:20:02
isolf,2022-10-09,2022-10-08T07:25:04
isolf,2022-10-10,2022-10-09T07:30:02
isolf,2022-10-11,2022-10-10T07:15:06
isolf,2022-10-12,2022-10-11T07:45:02
isolf,2022-10-13,2022-10-12T07:50:02
isolf,2022-10-14,2022-10-13T07:45:06
isolf,2022-10-15,2022-10-14T07:50:02
isolf,2022-10-16,2022-10-15T07:50:04
isolf,2022-10-17,2022-10-16T08:05:04
isolf,2022-10-18,2022-10-17T08:00:04
isolf,2022-10-19,2022-10-18T07:30:06
isolf,2022-10-20,2022-10-19T07:40:02
isolf,2022-10-21,2022-10-20T07:25:04
isolf,2022-10-22,2022-10-21T07:05:04
isolf,2022-10-23,2022-10-22T07:30:04
isolf,2022-10-24,2022-10-23T07:50:06
isolf,2022-10-25,2022-10-24T07:20:04
isolf,2022-10-26,2022-10-25T07:45:02
isolf,2022-10-27,2022-10-26T07:35:02
isolf,2022-10-28,2022-10-27T07:40:04
isolf,2022-10-29,2022-10-28T07:15:04
isolf,2022-10-30,2022-10-29T07:55:04
isolf,2022-10-31,2022-10-30T07:40:06
isolf,2022-11-01,2022-10-31T07:05:14
isolf,2022-11-02,2022-11-01T07:20:04
isolf,2022-11-03,2022-11-02T07:40:02
isolf,2022-11-04,2022-11-03T07:35:02
isolf,2022-11-05,2022-11-04T07:55:02
isolf,2022-11-06,2022-11-05T07:10:02
isolf,2022-11-07,2022-11-06T07:40:04
isolf,2022-11-08,2022-11-07T07:25:02
isolf,2022-11-09,2022-11-08T07:45:04
isolf,2022-11-10,2022-11-09T07:25:02
isolf,2022-11-11,2022-11-10T07:25:04
isolf,2022-11-12,2022-11-11T07:45:04
isolf,2022-11-13,2022-11-12T07:20:04
isolf,2022-11-14,2022-11-13T07:45:04
isolf,2022-11-15,2022-11-14T08:00:02
isolf,2022-11-16,2022-11-15T07:25:02
isolf,2022-11-17,2022-11-16T07:25:02
isolf,2022-11-18,2022-11-17T07:30:04
isolf,2022-11-19,2022-11-18T07:35:02
isolf,2022-11-20,2022-11-19T07:10:04
isolf,2022-11-21,2022-11-20T08:05:02
isolf,2022-11-22,2022-11-21T07:25:02
isolf,2022-11-23,2022-11-22T07:30:04
isolf,2022-11-24,2022-11-23T07:20:04
isolf,2022-11-25,2022-11-24T07:20:02
isolf,2022-11-26,2022-11-25T08:00:02
isolf,2022-11-27,2022-11-26T07:05:06
isolf,2022-11-28,2022-11-27T07:40:04
isolf,2022-11-29,2022-11-28T07:20:02
isolf,2022-11-30,2022-11-29T08:10:04
isolf,2022-12-01,2022-11-30T07:15:02
isolf,2022-12-02,2022-12-01T07:20:04
isolf,2022-12-03,2022-12-02T07:40:06
isolf,2022-12-04,2022-12-03T07:40:02
isolf,2022-12-05,2022-12-04T08:00:04
isolf,2022-12-06,2022-12-05T07:10:06
isolf,2022-12-07,2022-12-06T07:10:02
isolf,2022-12-08,2022-12-07T07:30:02
isolf,2022-12-09,2022-12-08T07:30:02
isolf,2022-12-10,2022-12-09T07:20:02
isolf,2022-12-11,2022-12-10T08:10:02
isolf,2022-12-12,2022-12-11T07:50:04
isolf,2022-12-13,2022-12-12T07:20:02
isolf,2022-12-14,2022-12-13T07:45:02
isolf,2022-12-15,2022-12-14T07:35:02
isolf,2022-12-16,2022-12-15T07:50:04
isolf,2022-12-17,2022-12-16T07:25:04
isolf,2022-12-18,2022-12-17T07:45:04
isolf,2022-12-19,2022-12-18T07:05:04
isolf,2022-12-20,2022-12-19T08:05:04
isolf,2022-12-21,2022-12-20T07:35:02
isolf,2022-12-22,2022-12-21T07:15:02
isolf,2022-12-23,2022-12-22T08:00:04
isolf,2022-12-24,2022-12-23T07:15:04
isolf,2022-12-25,2022-12-24T07:05:06
isolf,2022-12-26,2022-12-25T07:40:04
isolf,2022-12-27,2022-12-26T07:10:02
isolf,2022-12-28,2022-12-27T07:20:04
isolf,2022-12-29,2022-12-28T07:35:08
isolf,2022-12-30,2022-12-29T07:30:04
isolf,2022-12-31,2022-12-30T08:25:04
isolf,2023-01-01,2022-12-31T08:45:02
isolf,2023-01-02,2023-01-01T07:10:06
isolf,2023-01-03,2023-01-02T07:05:08
isolf,2023-01-04,2023-01-03T07:15:02
isolf,2023-01-05,2023-01-04T07:20:04
isolf,2023-01-06,2023-01-05T07:55:02
isolf,2023-01-07,2023-01-06T07:25:04
isolf,2023-01-08,2023-01-07T07:40:04
isolf,2023-01-09,2023-01-08T07:10:02
isolf,2023-01-10,2023-01-09T07:40:04
isolf,2023-01-11,2023-01-10T07:15:02
isolf,2023-01-12,2023-01-11T07:50:02
isolf,2023-01-13,2023-01-12T07:30:04
isolf,2023-01-14,2023-01-13T07:25:04
isolf,2023-01-15,2023-01-14T07:55:04
isolf,2023-01-16,2023-01-15T07:30:04
isolf,2023-01-17,2023-01-16T07:25:04
isolf,2023-01-18,2023-01-17T07:15:06
isolf,2023-01-19,2023-01-18T07:45:02
isolf,2023-01-20,2023-01-19T07:50:04
isolf,2023-01-21,2023-01-20T07:15:02
isolf,2023-01-22,2023-01-21T07:50:02
isolf,2023-01-23,2023-01-22T08:10:02
isolf,2023-01-24,2023-01-23T07:15:04
isolf,2023-01-25,2023-01-24T07:30:02
isolf,2023-01-26,2023-01-25T08:00:02
isolf,2023-01-27,2023-01-26T08:20:04
isolf,2023-01-28,2023-01-27T07:50:02
isolf,2023-01-29,2023-01-28T07:20:04
isolf,2023-01-30,2023-01-29T07:30:04
isolf,2023-01-31,2023-01-30T07:30:04
isolf,2023-02-01,2023-01-31T07:10:02
isolf,2023-02-02,2023-02-01T07:20:04
isolf,2023-02-03,2023-02-02T07:35:04
isolf,2023-02-04,2023-02-03T07:15:02
isolf,2023-02-05,2023-02-04T07:50:04
isolf,2023-02-06,2023-02-05T07:30:04
isolf,2023-02-07,2023-02-06T08:00:04
isolf,2023-02-08,2023-02-07T07:45:04
isolf,2023-02-09,2023-02-08T07:35:04
isolf,2023-02-10,2023-02-09T07:05:02
isolf,2023-02-11,2023-02-10T07:15:04
isolf,2023-02-12,2023-02-11T07:30:02
isolf,2023-02-13,2023-02-12T08:05:04
isolf,2023-02-14,2023-02-13T07:45:04
isolf,2023-02-15,2023-02-14T07:25:02
isolf,2023-02-16,2023-02-15T07:45:02
isolf,2023-02-17,2023-02-16T07:20:02
isolf,2023-02-18,2023-02-17T07:10:02
isolf,2023-02-19,2023-02-18T08:05:02
isolf,2023-02-20,2023-02-19T07:10:04
isolf,2023-02-21,2023-02-20T07:20:02
isolf,2023-02-22,2023-02-21T07:05:06
isolf,2023-02-23,2023-02-22T08:15:02
isolf,2023-02-24,2023-02-23T07:45:02
isolf,2023-02-25,2023-02-24T07:15:02
isolf,2023-02-26,2023-02-25T07:15:04
isolf,2023-02-27,2023-02-26T07:55:02
isolf,2023-02-28,2023-02-27T07:25:02
isolf,2023-03-01,2023-02-28T07:30:02
isolf,2023-03-02,2023-03-01T07:15:04
isolf,2023-03-03,2023-03-02T07:30:06
isolf,2023-03-04,2023-03-03T08:00:02
isolf,2023-03-05,2023-03-04T07:55:06
isolf,2023-03-06,2023-03-05T07:25:02
isolf,2023-03-07,2023-03-06T07:40:02
isolf,2023-03-08,2023-03-07T08:00:04
isolf,2023-03-09,2023-03-08T07:30:06
isolf,2023-03-10,2023-03-09T07:45:04
isolf,2023-03-11,2023-03-10T08:00:02
isolf,2023-03-12,2023-03-11T07:40:02
isolf,2023-03-13,2023-03-12T07:30:04
isolf,2023-03-14,2023-03-13T07:15:02
isolf,2023-03-15,2023-03-14T07:30:04
isolf,2023-03-16,2023-03-15T07:10:04
isolf,2023-03-17,2023-03-16T07:35:04
isolf,2023-03-18,2023-03-17T08:20:02
isolf,2023-03-19,2023-03-18T08:25:02
isolf,2023-03-20,2023-03-20T05:10:04
isolf,2023-03-21,2023-03-20T07:25:04
isolf,2023-03-22,2023-03-21T08:10:04
isolf,2023-03-23,2023-03-22T07:15:02
isolf,2023-03-24,2023-03-23T07:30:04
isolf,2023-03-25,2023-03-24T07:20:02
isolf,2023-03-26,2023-03-25T07:40:04
isolf,2023-03-27,2023-03-26T07:30:04
isolf,2023-03-28,2023-03-27T07:25:02
isolf,2023-03-29,2023-03-28T07:10:04
isolf,2023-03-30,2023-03-29T07:55:02
isolf,2023-03-31,2023-03-30T07:45:04
isolf,2023-04-01,2023-03-31T07:15:02
isolf,2023-04-02,2023-04-01T07:30:04
isolf,2023-04-03,2023-04-02T07:20:02
isolf,2023-04-04,2023-04-03T07:10:04
isolf,2023-04-05,2023-04-04T07:20:04
isolf,2023-04-06,2023-04-05T07:50:02
isolf,2023-04-07,2023-04-06T07:45:02
isolf,2023-04-08,2023-04-07T07:35:06
isolf,2023-04-09,2023-04-08T07:50:02
isolf,2023-04-10,2023-04-09T07:35:04
isolf,2023-04-11,2023-04-10T07:25:02
isolf,2023-04-12,2023-04-11T08:10:04
isolf,2023-04-13,2023-04-12T07:35:04
isolf,2023-04-14,2023-04-13T07:25:02
isolf,2023-04-15,2023-04-14T07:05:02
isolf,2023-04-16,2023-04-15T07:25:02
isolf,2023-04-17,2023-04-16T07:05:04
isolf,2023-04-18,2023-04-17T07:30:04
isolf,2023-04-19,2023-04-18T07:35:04
isolf,2023-04-20,2023-04-19T07:40:04
isolf,2023-04-21,2023-04-20T07:35:04
isolf,2023-04-22,2023-04-21T07:30:04
isolf,2023-04-23,2023-04-22T07:20:06
isolf,2023-04-24,2023-04-23T07:35:04
isolf,2023-04-25,2023-04-24T09:00:04
isolf,2023-04-26,2023-04-25T08:55:04
isolf,2023-04-27,2023-04-26T07:30:04
isolf,2023-04-28,2023-04-27T08:25:02
isolf,2023-04-29,2023-04-28T07:40:04
isolf,2023-04-30,2023-04-29T07:30:04
isolf,2023-05-01,2023-04-30T08:05:02
isolf,2023-05-02,2023-05-01T07:50:06
isolf,2023-05-03,2023-05-02T07:30:04
isolf,2023-05-04,2023-05-03T07:25:02
isolf,2023-05-05,2023-05-04T07:30:04
isolf,2023-05-06,2023-05-05T07:35:02
isolf,2023-05-07,2023-05-06T08:00:04
isolf,2023-05-08,2023-05-07T07:25:04
isolf,2023-05-09,2023-05-08T07:35:04
isolf,2023-05-10,2023-05-09T07:55:06
isolf,2023-05-11,2023-05-10T07:25:04
isolf,2023-05-12,2023-05-11T07:30:06
isolf,2023-05-13,2023-05-12T07:25:04
isolf,2023-05-14,2023-05-13T07:05:10
isolf,2023-05-15,2023-05-14T07:30:14
isolf,2023-05-16,2023-05-15T07:20:06
isolf,2023-05-17,2023-05-16T07:10:06
isolf,2023-05-18,2023-05-17T08:00:04
isolf,2023-05-19,2023-05-18T07:10:02
isolf,2023-05-20,2023-05-19T07:15:04
isolf,2023-05-21,2023-05-20T07:50:04
isolf,2023-05-22,2023-05-21T07:45:04
isolf,2023-05-23,2023-05-22T07:20:04
isolf,2023-05-24,2023-05-23T08:00:02
isolf,2023-05-25,2023-05-24T07:30:02
isolf,2023-05-26,2023-05-25T07:15:02
isolf,2023-05-27,2023-05-26T07:10:02
isolf,2023-05-28,2023-05-27T07:55:04
isolf,2023-05-29,2023-05-28T07:10:02
isolf,2023-05-30,2023-05-29T07:30:04
isolf,2023-05-31,2023-05-30T07:25:02
isolf,2023-06-01,2023-05-31T07:45:04
isolf,2023-06-02,2023-06-01T07:25:02
isolf,2023-06-03,2023-06-02T07:25:04
isolf,2023-06-04,2023-06-03T07:10:02
isolf,2023-06-05,2023-06-04T07:50:04
isolf,2023-06-06,2023-06-05T08:00:04
isolf,2023-06-07,2023-06-06T07:50:02
isolf,2023-06-08,2023-06-07T08:00:04
isolf,2023-06-09,2023-06-08T08:00:02
isolf,2023-06-10,2023-06-09T07:55:02
isolf,2023-06-11,2023-06-10T07:50:02
isolf,2023-06-12,2023-06-11T07:40:04
isolf,2023-06-13,2023-06-12T07:55:04
isolf,2023-06-14,2023-06-13T07:10:02
isolf,2023-06-15,2023-06-14T08:00:04
isolf,2023-06-16,2023-06-15T07:10:04
isolf,2023-06-17,2023-06-16T07:25:04
isolf,2023-06-18,2023-06-17T07:55:02
isolf,2023-06-19,2023-06-18T07:35:04
isolf,2023-06-20,2023-06-19T08:00:06
isolf,2023-06-21,2023-06-20T07:50:02
isolf,2023-06-22,2023-06-21T07:55:02
isolf,2023-06-23,2023-06-22T08:15:04
isolf,2023-06-24,2023-06-23T07:20:04
isolf,2023-06-25,2023-06-24T07:25:02
isolf,2023-06-26,2023-06-25T07:45:04
isolf,2023-06-27,2023-06-26T07:30:04
isolf,2023-06-28,2023-06-27T08:10:04
isolf,2023-06-29,2023-06-28T07:30:04
isolf,2023-06-30,2023-06-29T07:05:08
isolf,2023-07-01,2023-06-30T08:20:04
isolf,2023-07-02,2023-07-01T07:20:02
isolf,2023-07-03,2023-07-02T07:30:04
isolf,2023-07-04,2023-07-03T07:25:06
isolf,2023-07-05,2023-07-04T07:15:02
isolf,2023-07-06,2023-07-05T07:45:02
isolf,2023-07-07,2023-07-06T07:15:02
isolf,2023-07-08,2023-07-07T07:30:06
isolf,2023-07-09,2023-07-08T07:35:16
isolf,2023-07-10,2023-07-09T07:50:04
isolf,2023-07-11,2023-07-10T07:35:02
isolf,2023-07-12,2023-07-11T07:50:04
isolf,2023-07-13,2023-07-12T07:25:10
isolf,2023-07-14,2023-07-13T08:06:46
isolf,2023-07-15,2023-07-14T08:45:12
isolf,2023-07-16,2023-07-15T07:30:22
isolf,2023-07-17,2023-07-16T07:30:04
isolf,2023-07-18,2023-07-17T08:00:02
isolf,2023-07-19,2023-07-18T07:45:04
isolf,2023-07-20,2023-07-19T08:15:04
isolf,2023-07-21,2023-07-20T07:20:04
isolf,2023-07-22,2023-07-21T07:35:02
isolf,2023-07-23,2023-07-22T07:30:04
isolf,2023-07-24,2023-07-23T07:15:04
isolf,2023-07-25,2023-07-24T07:15:04
isolf,2023-07-26,2023-07-25T07:25:02
isolf,2023-07-27,2023-07-26T07:20:04
isolf,2023-07-28,2023-07-27T07:45:02
isolf,2023-07-29,2023-07-28T07:35:04
isolf,2023-07-30,2023-07-29T08:35:02
isolf,2023-07-31,2023-07-30T07:15:04
isolf,2023-08-01,2023-07-31T07:45:04
isolf,2023-08-02,2023-08-01T07:30:06
isolf,2023-08-03,2023-08-02T07:20:02
isolf,2023-08-04,2023-08-03T07:10:06
isolf,2023-08-05,2023-08-04T07:30:04
isolf,2023-08-06,2023-08-05T08:15:02
isolf,2023-08-07,2023-08-06T07:40:02
isolf,2023-08-08,2023-08-07T07:20:02
isolf,2023-08-09,2023-08-08T08:45:04
isolf,2023-08-10,2023-08-09T08:05:04
isolf,2023-08-11,2023-08-10T07:45:02
isolf,2023-08-12,2023-08-11T07:35:04
isolf,2023-08-13,2023-08-12T07:40:04
isolf,2023-08-14,2023-08-13T07:20:08
isolf,2023-08-15,2023-08-14T07:15:02
isolf,2023-08-16,2023-08-15T07:25:04
isolf,2023-08-17,2023-08-16T08:10:04
isolf,2023-08-18,2023-08-17T07:45:02
isolf,2023-08-19,2023-08-18T07:15:02
isolf,2023-08-20,2023-08-19T08:10:04
isolf,2023-08-21,2023-08-20T07:20:04
isolf,2023-08-22,2023-08-21T07:20:04
isolf,2023-08-23,2023-08-22T08:05:04
isolf,2023-08-24,2023-08-23T07:20:04
isolf,2023-08-25,2023-08-24T07:35:04
isolf,2023-08-26,2023-08-25T08:35:02
isolf,2023-08-27,2023-08-26T07:55:04
isolf,2023-08-28,2023-08-27T07:05:04
isolf,2023-08-29,2023-08-28T07:55:06
isolf,2023-08-30,2023-08-29T07:40:04
isolf,2023-08-31,2023-08-30T07:20:02
isolf,2023-09-01,2023-08-31T07:45:04
isolf,2023-09-02,2023-09-01T07:10:04
isolf,2023-09-03,2023-09-02T07:35:02
isolf,2023-09-04,2023-09-03T07:30:04
isolf,2023-09-05,2023-09-04T07:35:04
isolf,2023-09-06,2023-09-05T07:15:04
isolf,2023-09-07,2023-09-06T07:55:04
isolf,2023-09-08,2023-09-07T07:25:02
isolf,2023-09-09,2023-09-08T07:30:04
isolf,2023-09-10,2023-09-09T07:55:04
isolf,2023-09-11,2023-09-10T07:30:04
isolf,2023-09-12,2023-09-11T07:20:04
isolf,2023-09-13,2023-09-12T07:05:04
isolf,2023-09-14,2023-09-13T07:20:02
isolf,2023-09-15,2023-09-14T08:00:06
isolf,2023-09-16,2023-09-15T07:20:04
isolf,2023-09-17,2023-09-16T07:45:02
isolf,2023-09-18,2023-09-17T07:25:02
isolf,2023-09-19,2023-09-18T07:50:04
isolf,2023-09-20,2023-09-19T07:20:04
isolf,2023-09-21,2023-09-20T07:45:04
isolf,2023-09-22,2023-09-21T07:05:04
isolf,2023-09-23,2023-09-23T05:05:04
isolf,2023-09-24,2023-09-23T07:05:02
isolf,2023-09-25,2023-09-24T07:30:02
isolf,2023-09-26,2023-09-25T07:15:06
isolf,2023-09-27,2023-09-26T08:00:02
isolf,2023-09-28,2023-09-27T07:35:04
isolf,2023-09-29,2023-09-28T07:20:02
isolf,2023-09-30,2023-09-29T08:20:04
isolf,2023-10-01,2023-09-30T08:35:02
isolf,2023-10-02,2023-10-01T07:35:02
isolf,2023-10-03,2023-10-02T07:40:04
isolf,2023-10-04,2023-10-03T07:50:02
isolf,2023-10-05,2023-10-04T07:30:02
isolf,2023-10-06,2023-10-05T07:35:04
isolf,2023-10-07,2023-10-06T07:55:04
isolf,2023-10-08,2023-10-07T07:05:02
isolf,2023-10-09,2023-10-08T07:15:02
isolf,2023-10-10,2023-10-09T07:55:04
isolf,2023-10-11,2023-10-10T07:15:04
isolf,2023-10-12,2023-10-11T07:55:04
isolf,2023-10-13,2023-10-12T07:35:06
isolf,2023-10-14,2023-10-13T08:40:04
isolf,2023-10-15,2023-10-14T07:30:04
isolf,2023-10-16,2023-10-15T08:50:04
isolf,2023-10-17,2023-10-16T08:20:02
isolf,2023-10-18,2023-10-17T08:25:04
isolf,2023-10-19,2023-10-18T08:30:04
isolf,2023-10-20,2023-10-19T07:40:04
isolf,2023-10-21,2023-10-20T07:30:04
isolf,2023-10-22,2023-10-21T07:25:02
isolf,2023-10-23,2023-10-22T07:05:04
isolf,2023-10-24,2023-10-23T07:55:04
isolf,2023-10-25,2023-10-24T07:30:04
isolf,2023-10-26,2023-10-25T07:40:04
isolf,2023-10-27,2023-10-26T07:30:04
isolf,2023-10-28,2023-10-27T07:50:04
isolf,2023-10-29,2023-10-28T08:20:04
isolf,2023-10-30,2023-10-29T07:45:04
isolf,2023-10-31,2023-10-30T08:05:04
isolf,2023-11-01,2023-10-31T07:05:06
isolf,2023-11-02,2023-11-01T07:25:04
isolf,2023-11-03,2023-11-02T08:30:04
isolf,2023-11-04,2023-11-03T07:30:04
isolf,2023-11-05,2023-11-04T07:40:04
isolf,2023-11-06,2023-11-05T07:10:02
isolf,2023-11-07,2023-11-06T08:45:04
isolf,2023-11-08,2023-11-07T07:05:04
isolf,2023-11-09,2023-11-08T08:50:04
isolf,2023-11-10,2023-11-09T07:25:02
isolf,2023-11-11,2023-11-10T07:35:06
isolf,2023-11-12,2023-11-11T07:20:04
isolf,2023-11-13,2023-11-12T08:30:04
isolf,2023-11-14,2023-11-13T07:15:02
isolf,2023-11-15,2023-11-14T07:05:02
isolf,2023-11-16,2023-11-15T07:35:04
isolf,2023-11-17,2023-11-16T07:45:04
isolf,2023-11-18,2023-11-17T08:05:02
isolf,2023-11-19,2023-11-18T08:10:04
isolf,2023-11-20,2023-11-19T07:30:04
isolf,2023-11-21,2023-11-20T07:15:02
isolf,2023-11-22,2023-11-21T07:35:02
isolf,2023-11-23,2023-11-22T07:40:04
isolf,2023-11-24,2023-11-23T07:10:04
isolf,2023-11-25,2023-11-24T07:25:04
isolf,2023-11-26,2023-11-25T08:05:04
isolf,2023-11-27,2023-11-26T07:40:04
isolf,2023-11-28,2023-11-27T08:15:02
isolf,2023-11-29,2023-11-28T07:55:04
isolf,2023-11-30,2023-11-29T07:55:02
isolf,2023-12-01,2023-11-30T08:25:04
isolf,2023-12-02,2023-12-01T07:40:04
isolf,2023-12-03,2023-12-02T08:00:04
isolf,2023-12-04,2023-12-03T07:05:04
isolf,2023-12-05,2023-12-04T08:15:02
isolf,2023-12-06,2023-12-05T07:05:04
isolf,2023-12-07,2023-12-06T07:30:02
isolf,2023-12-08,2023-12-07T07:35:06
isolf,2023-12-09,2023-12-08T07:45:04
isolf,2023-12-10,2023-12-09T07:45:04
isolf,2023-12-11,2023-12-10T07:25:04
isolf,2023-12-12,2023-12-11T07:25:02
isolf,2023-12-13,2023-12-12T07:20:04
isolf,2023-12-14,2023-12-13T07:15:02
isolf,2023-12-15,2023-12-14T07:35:04
isolf,2023-12-16,2023-12-15T08:35:04
isolf,2023-12-17,2023-12-16T07:15:02
isolf,2023-12-18,2023-12-17T07:50:02
isolf,2023-12-19,2023-12-18T07:55:04
isolf,2023-12-20,2023-12-19T07:15:04
isolf,2023-12-21,2023-12-20T07:30:04
isolf,2023-12-22,2023-12-21T07:10:06
isolf,2023-12-23,2023-12-22T08:15:02
isolf,2023-12-24,2023-12-23T07:10:02
isolf,2023-12-25,2023-12-24T07:30:04
isolf,2023-12-26,2023-12-25T07:25:02
isolf,2023-12-27,2023-12-27T05:00:06
isolf,2023-12-28,2023-12-27T07:45:04
isolf,2023-12-29,2023-12-28T07:40:04
isolf,2023-12-30,2023-12-29T07:30:02
isolf,2023-12-31,2023-12-30T07:30:04
isolf,2024-01-01,2023-12-31T07:35:06
isolf,2024-01-02,2024-01-01T07:25:04
isolf,2024-01-03,2024-01-02T07:45:04
isolf,2024-01-04,2024-01-03T07:20:04
isolf,2024-01-05,2024-01-04T07:20:04
isolf,2024-01-06,2024-01-05T07:55:04
isolf,2024-01-07,2024-01-06T07:40:04
isolf,2024-01-08,2024-01-07T07:55:04
isolf,2024-01-09,2024-01-08T07:20:04
isolf,2024-01-10,2024-01-09T07:40:12
isolf,2024-01-11,2024-01-10T08:05:02
isolf,2024-01-12,2024-01-11T08:35:02
isolf,2024-01-13,2024-01-12T07:15:04
isolf,2024-01-14,2024-01-13T07:25:02
isolf,2024-01-15,2024-01-14T07:20:04
isolf,2024-01-16,2024-01-15T07:25:04
isolf,2024-01-17,2024-01-16T07:35:04
isolf,2024-01-18,2024-01-17T07:45:04
isolf,2024-01-19,2024-01-18T07:30:04
isolf,2024-01-20,2024-01-19T07:10:02
isolf,2024-01-21,2024-01-20T07:45:04
isolf,2024-01-22,2024-01-21T07:30:04
isolf,2024-01-23,2024-01-22T07:50:42
isolf,2024-01-24,2024-01-23T07:50:06
isolf,2024-01-25,2024-01-24T08:00:04
isolf,2024-01-26,2024-01-25T07:35:04
isolf,2024-01-27,2024-01-26T07:30:04
isolf,2024-01-28,2024-01-27T07:10:04
isolf,2024-01-29,2024-01-28T07:35:02
isolf,2024-01-30,2024-01-29T09:00:04
isolf,2024-01-31,2024-01-30T07:55:04
isolf,2024-02-01,2024-01-31T08:05:04
isolf,2024-02-02,2024-02-01T07:25:02
isolf,2024-02-03,2024-02-02T07:20:04
isolf,2024-02-04,2024-02-03T07:25:02
isolf,2024-02-05,2024-02-04T07:30:02
isolf,2024-02-06,2024-02-05T07:30:04
isolf,2024-02-07,2024-02-06T07:10:02
isolf,2024-02-08,2024-02-07T07:50:04
isolf,2024-02-09,2024-02-08T07:25:04
isolf,2024-02-10,2024-02-09T07:25:02
isolf,2024-02-11,2024-02-10T08:15:02
isolf,2024-02-12,2024-02-11T08:25:02
isolf,2024-02-13,2024-02-12T07:20:04
isolf,2024-02-14,2024-02-13T07:25:04
isolf,2024-02-15,2024-02-14T08:10:02
isolf,2024-02-16,2024-02-15T07:10:02
isolf,2024-02-17,2024-02-16T07:55:04
isolf,2024-02-18,2024-02-17T07:40:04
isolf,2024-02-19,2024-02-18T07:40:04
isolf,2024-02-20,2024-02-19T07:35:02
isolf,2024-02-21,2024-02-20T07:20:02
isolf,2024-02-22,2024-02-21T07:10:02
isolf,2024-02-23,2024-02-22T08:55:04
isolf,2024-02-24,2024-02-23T07:20:04
isolf,2024-02-25,2024-02-24T08:00:02
isolf,2024-02-26,2024-02-25T07:55:02
isolf,2024-02-27,2024-02-26T07:15:02
isolf,2024-02-28,2024-02-27T07:25:04
isolf,2024-02-29,2024-02-28T07:30:02
isolf,2024-03-01,2024-02-29T07:10:02
isolf,2024-03-02,2024-03-01T07:46:34
isolf,2024-03-03,2024-03-02T07:30:02
isolf,2024-03-04,2024-03-03T08:00:02
isolf,2024-03-05,2024-03-04T08:05:04
isolf,2024-03-06,2024-03-05T07:05:04
isolf,2024-03-07,2024-03-06T07:15:04
isolf,2024-03-08,2024-03-07T08:40:02
isolf,2024-03-09,2024-03-08T07:20:04
isolf,2024-03-10,2024-03-09T07:30:04
isolf,2024-03-11,2024-03-10T07:25:02
isolf,2024-03-12,2024-03-11T07:05:06
isolf,2024-03-13,2024-03-12T07:20:02
isolf,2024-03-14,2024-03-13T07:35:06
isolf,2024-03-15,2024-03-14T07:35:04
isolf,2024-03-16,2024-03-15T07:50:02
isolf,2024-03-17,2024-03-16T07:15:02
isolf,2024-03-18,2024-03-17T07:40:04
isolf,2024-03-19,2024-03-18T07:10:04
isolf,2024-03-20,2024-03-19T07:10:08
isolf,2024-03-21,2024-03-20T07:20:06
isolf,2024-03-22,2024-03-21T07:55:02
isolf,2024-03-23,2024-03-22T07:20:04
isolf,2024-03-24,2024-03-23T07:05:04
isolf,2024-03-25,2024-03-25T05:00:06
isolf,2024-03-26,2024-03-25T07:15:04
isolf,2024-03-27,2024-03-26T08:00:04
isolf,2024-03-28,2024-03-27T07:15:02
isolf,2024-03-29,2024-03-28T07:25:02
isolf,2024-03-30,2024-03-29T07:50:04
isolf,2024-03-31,2024-03-30T07:55:02
isolf,2024-04-01,2024-03-31T07:25:02
isolf,2024-04-02,2024-04-01T07:35:02
isolf,2024-04-03,2024-04-02T07:35:08
isolf,2024-04-04,2024-04-03T07:35:04
isolf,2024-04-05,2024-04-04T07:25:02
isolf,2024-04-06,2024-04-05T07:25:04
isolf,2024-04-07,2024-04-06T08:30:04
isolf,2024-04-08,2024-04-07T07:45:08
isolf,2024-04-09,2024-04-08T07:30:06
isolf,2024-04-10,2024-04-09T08:10:10
isolf,2024-04-11,2024-04-10T07:40:04
isolf,2024-04-12,2024-04-11T07:15:04
isolf,2024-04-13,2024-04-12T07:05:06
isolf,2024-04-14,2024-04-13T07:45:04
isolf,2024-04-15,2024-04-14T07:30:02
isolf,2024-04-16,2024-04-15T07:05:02
isolf,2024-04-17,2024-04-16T07:35:02
isolf,2024-04-18,2024-04-17T07:30:02
isolf,2024-04-19,2024-04-18T07:10:04
isolf,2024-04-20,2024-04-19T07:15:02
isolf,2024-04-21,2024-04-20T07:40:04
isolf,2024-04-22,2024-04-21T07:45:04
isolf,2024-04-23,2024-04-22T07:30:02
isolf,2024-04-24,2024-04-23T07:40:04
isolf,2024-04-25,2024-04-24T07:55:04
isolf,2024-04-26,2024-04-25T08:15:02
isolf,2024-04-27,2024-04-27T05:00:06
isolf,2024-04-28,2024-04-27T07:15:02
isolf,2024-04-29,2024-04-28T07:50:04
isolf,2024-04-30,2024-04-29T07:20:04
isolf,2024-05-01,2024-04-30T08:00:02
isolf,2024-05-02,2024-05-01T07:25:02
isolf,2024-05-03,2024-05-02T07:15:04
isolf,2024-05-04,2024-05-03T07:40:02
isolf,2024-05-05,2024-05-04T07:40:02
isolf,2024-05-06,2024-05-05T07:20:02
isolf,2024-05-07,2024-05-06T07:40:04
isolf,2024-05-08,2024-05-07T07:55:02
isolf,2024-05-09,2024-05-08T07:20:04
isolf,2024-05-10,2024-05-09T07:15:02
isolf,2024-05-11,2024-05-10T08:05:04
isolf,2024-05-12,2024-05-11T07:55:02
isolf,2024-05-13,2024-05-12T07:35:02
isolf,2024-05-14,2024-05-13T08:10:06
isolf,2024-05-15,2024-05-14T07:30:04
isolf,2024-05-16,2024-05-15T07:25:02
isolf,2024-05-17,2024-05-16T07:35:02
isolf,2024-05-18,2024-05-17T07:30:04
isolf,2024-05-19,2024-05-18T07:45:04
isolf,2024-05-20,2024-05-19T07:25:02
isolf,2024-05-21,2024-05-20T07:10:04
isolf,2024-05-22,2024-05-21T07:45:02
isolf,2024-05-23,2024-05-22T07:35:02
isolf,2024-05-24,2024-05-23T07:10:04
isolf,2024-05-25,2024-05-24T07:30:02
isolf,2024-05-26,2024-05-25T07:10:02
isolf,2024-05-27,2024-05-26T07:20:04
isolf,2024-05-28,2024-05-27T07:30:04
isolf,2024-05-29,2024-05-28T07:30:02
isolf,2024-05-30,2024-05-29T07:30:04
isolf,2024-05-31,2024-05-30T07:05:04
isolf,2024-06-01,2024-05-31T08:50:04
isolf,2024-06-02,2024-06-01T07:35:04
isolf,2024-06-03,2024-06-02T07:11:26
isolf,2024-06-04,2024-06-03T07:10:02
isolf,2024-06-05,2024-06-04T08:10:02
isolf,2024-06-06,2024-06-05T07:55:04
isolf,2024-06-07,2024-06-06T07:30:04
isolf,2024-06-08,2024-06-07T08:00:04
isolf,2024-06-09,2024-06-08T07:25:04
isolf,2024-06-10,2024-06-09T07:10:04
isolf,2024-06-11,2024-06-10T07:10:02
isolf,2024-06-12,2024-06-11T07:15:02
isolf,2024-06-13,2024-06-12T07:15:04
isolf,2024-06-14,2024-06-13T07:25:04
isolf,2024-06-15,2024-06-14T07:20:04
isolf,2024-06-16,2024-06-15T07:25:02
isolf,2024-06-17,2024-06-16T07:15:08
isolf,2024-06-18,2024-06-17T07:10:02
isolf,2024-06-19,2024-06-18T07:25:02
isolf,2024-06-20,2024-06-19T07:50:04
isolf,2024-06-21,2024-06-20T07:35:02
isolf,2024-06-22,2024-06-21T08:20:04
isolf,2024-06-23,2024-06-22T07:15:04
isolf,2024-06-24,2024-06-23T07:15:02
isolf,2024-06-25,2024-06-24T07:40:08
isolf,2024-06-26,2024-06-25T07:40:02
isolf,2024-06-27,2024-06-26T07:40:04
isolf,2024-06-28,2024-06-27T07:35:04
isolf,2024-06-29,2024-06-28T07:10:04
isolf,2024-06-30,2024-06-29T07:50:04
isolf,2024-07-01,2024-06-30T07:15:04
isolf,2024-07-02,2024-07-01T07:10:02
isolf,2024-07-03,2024-07-02T07:20:06
isolf,2024-07-04,2024-07-03T08:10:04
isolf,2024-07-05,2024-07-04T09:00:04
isolf,2024-07-06,2024-07-05T07:30:04
isolf,2024-07-07,2024-07-06T07:35:04
isolf,2024-07-08,2024-07-07T07:30:02
isolf,2024-07-09,2024-07-08T07:30:04
isolf,2024-07-10,2024-07-09T07:10:02
isolf,2024-07-11,2024-07-10T07:05:04
isolf,2024-07-12,2024-07-11T07:15:02
isolf,2024-07-13,2024-07-12T07:20:04
isolf,2024-07-14,2024-07-13T07:40:04
isolf,2024-07-15,2024-07-14T07:35:04
isolf,2024-07-16,2024-07-15T08:00:04
isolf,2024-07-17,2024-07-16T07:25:04
isolf,2024-07-18,2024-07-17T07:25:02
isolf,2024-07-19,2024-07-18T07:15:02
isolf,2024-07-20,2024-07-19T07:10:04
isolf,2024-07-21,2024-07-20T07:35:04
isolf,2024-07-22,2024-07-21T07:25:04
isolf,2024-07-23,2024-07-22T07:15:04
isolf,2024-07-24,2024-07-23T07:35:04
isolf,2024-07-25,2024-07-24T07:50:06
isolf,2024-07-26,2024-07-25T07:35:06
isolf,2024-07-27,2024-07-26T07:50:02
isolf,2024-07-28,2024-07-27T07:40:02
isolf,2024-07-29,2024-07-28T07:35:04
isolf,2024-07-30,2024-07-29T07:10:04
isolf,2024-07-31,2024-07-30T07:20:04
isolf,2024-08-01,2024-07-31T07:05:04
isolf,2024-08-02,2024-08-01T07:20:02
isolf,2024-08-03,2024-08-02T08:25:02
isolf,2024-08-04,2024-08-03T08:05:04
isolf,2024-08-05,2024-08-04T07:25:04
isolf,2024-08-06,2024-08-05T07:20:06
isolf,2024-08-07,2024-08-06T07:35:04
isolf,2024-08-08,2024-08-07T07:10:02
isolf,2024-08-09,2024-08-08T07:45:04
isolf,2024-08-10,2024-08-09T07:40:02
isolf,2024-08-11,2024-08-10T07:05:04
isolf,2024-08-12,2024-08-11T07:10:04
isolf,2024-08-13,2024-08-12T07:20:04
isolf,2024-08-14,2024-08-13T07:10:02
isolf,2024-08-15,2024-08-14T08:25:06
isolf,2024-08-16,2024-08-15T07:40:04
isolf,2024-08-17,2024-08-16T07:40:04
isolf,2024-08-18,2024-08-17T07:30:04
isolf,2024-08-19,2024-08-18T07:15:04
isolf,2024-08-20,2024-08-19T07:20:04
isolf,2024-08-21,2024-08-20T07:25:02
isolf,2024-08-22,2024-08-21T07:30:04
isolf,2024-08-23,2024-08-22T07:10:08
isolf,2024-08-24,2024-08-23T07:25:04
isolf,2024-08-25,2024-08-24T07:40:04
isolf,2024-08-26,2024-08-25T07:20:06
isolf,2024-08-27,2024-08-26T08:05:06
isolf,2024-08-28,2024-08-27T07:20:04
isolf,2024-08-29,2024-08-28T07:15:02
isolf,2024-08-30,2024-08-29T07:30:04
isolf,2024-08-31,2024-08-30T07:10:04
isolf,2024-09-01,2024-08-31T07:55:04
isolf,2024-09-02,2024-09-01T07:15:02
isolf,2024-09-03,2024-09-02T07:55:04
isolf,2024-09-04,2024-09-03T07:05:02
isolf,2024-09-05,2024-09-04T08:15:04
isolf,2024-09-06,2024-09-05T07:45:04
isolf,2024-09-07,2024-09-06T07:20:04
isolf,2024-09-08,2024-09-07T07:15:04
isolf,2024-09-09,2024-09-08T08:00:04
isolf,2024-09-10,2024-09-09T08:10:04
isolf,2024-09-11,2024-09-10T07:10:02
isolf,2024-09-12,2024-09-11T07:20:02
isolf,2024-09-13,2024-09-12T08:00:02
isolf,2024-09-14,2024-09-13T07:50:04
isolf,2024-09-15,2024-09-14T07:05:04
isolf,2024-09-16,2024-09-15T07:30:06
isolf,2024-09-17,2024-09-16T07:45:02
isolf,2024-09-18,2024-09-17T07:10:02
isolf,2024-09-19,2024-09-18T07:50:04
isolf,2024-09-20,2024-09-19T08:25:04
isolf,2024-09-21,2024-09-20T07:30:04
isolf,2024-09-22,2024-09-21T08:00:04
isolf,2024-09-23,2024-09-22T07:30:06
isolf,2024-09-24,2024-09-23T07:50:04
isolf,2024-09-25,2024-09-24T07:35:06
isolf,2024-09-26,2024-09-25T07:25:04
isolf,2024-09-27,2024-09-26T07:35:12
isolf,2024-09-28,2024-09-27T07:30:02
isolf,2024-09-29,2024-09-28T07:10:06
isolf,2024-09-30,2024-09-29T07:40:02
isolf,2024-10-01,2024-09-30T08:00:04
isolf,2024-10-02,2024-10-01T07:50:04
isolf,2024-10-03,2024-10-02T07:30:04
isolf,2024-10-04,2024-10-03T07:10:04
isolf,2024-10-05,2024-10-04T08:00:04
isolf,2024-10-06,2024-10-05T08:00:04
isolf,2024-10-07,2024-10-06T08:00:04
isolf,2024-10-08,2024-10-07T08:00:04
isolf,2024-10-09,2024-10-08T07:30:08
isolf,2024-10-10,2024-10-09T08:10:04
isolf,2024-10-11,2024-10-10T08:20:06
isolf,2024-10-12,2024-10-11T07:25:02
isolf,2024-10-13,2024-10-12T07:35:02
isolf,2024-10-14,2024-10-13T07:50:04
isolf,2024-10-15,2024-10-14T07:35:04
isolf,2024-10-16,2024-10-15T07:15:02
isolf,2024-10-17,2024-10-16T08:20:06
isolf,2024-10-18,2024-10-17T08:45:04
isolf,2024-10-19,2024-10-18T08:20:08
isolf,2024-10-20,2024-10-19T08:05:04
isolf,2024-10-21,2024-10-20T08:30:06
isolf,2024-10-22,2024-10-21T07:45:02
isolf,2024-10-23,2024-10-22T07:15:06
isolf,2024-10-24,2024-10-23T07:15:06
isolf,2024-10-25,2024-10-24T07:45:04
isolf,2024-10-26,2024-10-25T07:40:06
isolf,2024-10-27,2024-10-26T07:25:04
isolf,2024-10-28,2024-10-27T07:40:04
isolf,2024-10-29,2024-10-28T07:15:04
isolf,2024-10-30,2024-10-29T07:05:04
isolf,2024-10-31,2024-10-30T07:45:06
isolf,2024-11-01,2024-10-31T07:45:04
isolf,2024-11-02,2024-11-01T07:40:08
isolf,2024-11-03,2024-11-02T07:25:06
isolf,2024-11-04,2024-11-03T07:35:04
isolf,2024-11-05,2024-11-04T07:30:04
isolf,2024-11-06,2024-11-05T07:15:04
isolf,2024-11-07,2024-11-06T08:10:06
isolf,2024-11-08,2024-11-07T07:30:04
isolf,2024-11-09,2024-11-08T08:30:06
isolf,2024-11-10,2024-11-09T07:20:04
isolf,2024-11-11,2024-11-10T07:35:04
isolf,2024-11-12,2024-11-11T07:20:04
isolf,2024-11-13,2024-11-12T07:25:04
isolf,2024-11-14,2024-11-13T07:55:04
isolf,2024-11-15,2024-11-14T07:20:10
isolf,2024-11-16,2024-11-15T07:10:08
isolf,2024-11-17,2024-11-16T07:55:04
isolf,2024-11-18,2024-11-17T08:30:04
isolf,2024-11-19,2024-11-18T07:20:04
isolf,2024-11-20,2024-11-19T07:30:06
isolf,2024-11-21,2024-11-20T07:45:10
isolf,2024-11-22,2024-11-21T07:40:06
isolf,2024-11-23,2024-11-22T08:20:04
isolf,2024-11-24,2024-11-23T07:45:04
isolf,2024-11-25,2024-11-24T07:15:06
isolf,2024-11-26,2024-11-25T07:10:02
isolf,2024-11-27,2024-11-26T07:30:04
isolf,2024-11-28,2024-11-27T08:25:04
isolf,2024-11-29,2024-11-28T07:45:04
isolf,2024-11-30,2024-11-29T07:20:04
isolf,2024-12-01,2024-11-30T07:45:04
isolf,2024-12-02,2024-12-01T07:20:04
isolf,2024-12-03,2024-12-02T07:10:04
isolf,2024-12-04,2024-12-03T08:25:04
isolf,2024-12-05,2024-12-04T07:35:04
isolf,2024-12-06,2024-12-05T07:30:04
isolf,2024-12-07,2024-12-06T08:00:04
isolf,2024-12-08,2024-12-07T07:40:06
isolf,2024-12-09,2024-12-08T07:50:06
isolf,2024-12-10,2024-12-09T07:35:04
isolf,2024-12-11,2024-12-10T07:20:04
isolf,2024-12-12,2024-12-11T07:10:04
isolf,2024-12-13,2024-12-12T07:15:06
isolf,2024-12-14,2024-12-13T07:05:04
isolf,2024-12-15,2024-12-14T07:55:04
isolf,2024-12-16,2024-12-15T07:25:06
isolf,2024-12-17,2024-12-16T07:20:04
isolf,2024-12-18,2024-12-17T07:30:04
isolf,2024-12-19,2024-12-18T07:05:06
isolf,2024-12-20,2024-12-19T07:35:04
isolf,2024-12-21,2024-12-20T08:25:04
isolf,2024-12-22,2024-12-21T07:30:04
isolf,2024-12-23,2024-12-22T07:20:06
isolf,2024-12-24,2024-12-23T08:45:12
isolf,2024-12-25,2024-12-24T08:15:04
isolf,2024-12-26,2024-12-25T07:40:06
isolf,2024-12-27,2024-12-26T07:05:02
isolf,2024-12-28,2024-12-27T07:50:04
isolf,2024-12-29,2024-12-28T07:50:08
isolf,2024-12-30,2024-12-29T07:30:06
isolf,2024-12-31,2024-12-30T07:40:04
isolf,2025-01-01,2024-12-31T07:15:04
isolf,2025-01-02,2025-01-01T07:40:04
isolf,2025-01-03,2025-01-02T07:30:04
isolf,2025-01-04,2025-01-03T07:55:04
isolf,2025-01-05,2025-01-04T07:55:04
isolf,2025-01-06,2025-01-05T08:00:04
isolf,2025-01-07,2025-01-06T07:20:02
isolf,2025-01-08,2025-01-07T07:20:04
isolf,2025-01-09,2025-01-08T07:35:04
isolf,2025-01-10,2025-01-09T07:13:02
isolf,2025-01-11,2025-01-10T07:25:06
isolf,2025-01-12,2025-01-11T08:10:04
isolf,2025-01-13,2025-01-12T07:55:04
isolf,2025-01-14,2025-01-13T08:05:04
isolf,2025-01-15,2025-01-14T07:15:16
isolf,2025-01-16,2025-01-15T07:45:04
isolf,2025-01-17,2025-01-16T08:30:06
isolf,2025-01-18,2025-01-17T07:55:06
isolf,2025-01-19,2025-01-18T07:45:04
isolf,2025-01-20,2025-01-19T07:20:04
isolf,2025-01-21,2025-01-20T07:30:04
isolf,2025-01-22,2025-01-21T07:05:04
isolf,2025-01-23,2025-01-22T07:20:06
isolf,2025-01-24,2025-01-23T07:55:06
isolf,2025-01-25,2025-01-24T07:15:04
isolf,2025-01-26,2025-01-25T07:10:04
isolf,2025-01-27,2025-01-26T07:55:06
isolf,2025-01-28,2025-01-27T07:10:04
isolf,2025-01-29,2025-01-28T07:35:06
isolf,2025-01-30,2025-01-29T07:20:04
isolf,2025-01-31,2025-01-30T08:00:04
isolf,2025-02-01,2025-01-31T07:55:08
isolf,2025-02-02,2025-02-01T07:30:04
isolf,2025-02-03,2025-02-02T08:15:06
isolf,2025-02-04,2025-02-03T07:40:04
isolf,2025-02-05,2025-02-04T08:05:04
isolf,2025-02-06,2025-02-06T05:00:06
isolf,2025-02-07,2025-02-06T07:25:08
isolf,2025-02-08,2025-02-07T07:50:04
isolf,2025-02-09,2025-02-08T07:35:04
isolf,2025-02-10,2025-02-09T07:05:04
isolf,2025-02-11,2025-02-10T07:25:04
isolf,2025-02-12,2025-02-11T07:35:04
isolf,2025-02-13,2025-02-12T07:20:04
isolf,2025-02-14,2025-02-13T08:25:06
isolf,2025-02-15,2025-02-14T07:25:04
isolf,2025-02-16,2025-02-15T07:20:06
isolf,2025-02-17,2025-02-16T07:45:02
isolf,2025-02-18,2025-02-17T07:30:04
isolf,2025-02-19,2025-02-18T07:05:06
isolf,2025-02-20,2025-02-19T08:00:04
isolf,2025-02-21,2025-02-20T07:45:04
isolf,2025-02-22,2025-02-21T08:00:06
isolf,2025-02-23,2025-02-22T07:20:04
isolf,2025-02-24,2025-02-23T07:55:06
isolf,2025-02-25,2025-02-24T07:25:04
isolf,2025-02-26,2025-02-25T07:25:04
isolf,2025-02-27,2025-02-26T07:35:04
isolf,2025-02-28,2025-02-27T07:40:04
isolf,2025-03-01,2025-02-28T07:15:04
isolf,2025-03-02,2025-03-01T07:35:04
isolf,2025-03-03,2025-03-02T07:55:02
isolf,2025-03-04,2025-03-03T07:30:02
isolf,2025-03-05,2025-03-04T07:35:04
isolf,2025-03-06,2025-03-05T07:45:04
isolf,2025-03-07,2025-03-06T07:30:04
isolf,2025-03-08,2025-03-07T07:05:02
isolf,2025-03-09,2025-03-08T08:55:06
isolf,2025-03-10,2025-03-09T07:10:06
isolf,2025-03-11,2025-03-10T07:15:06
isolf,2025-03-12,2025-03-11T07:30:04
isolf,2025-03-13,2025-03-12T07:35:06
isolf,2025-03-14,2025-03-13T07:30:04
isolf,2025-03-15,2025-03-14T07:50:06
isolf,2025-03-16,2025-03-15T07:30:06
isolf,2025-03-17,2025-03-16T07:10:06
isolf,2025-03-18,2025-03-17T08:05:04
isolf,2025-03-19,2025-03-18T08:15:06
isolf,2025-03-20,2025-03-19T07:45:06
isolf,2025-03-21,2025-03-20T07:35:04
isolf,2025-03-22,2025-03-21T07:25:04
isolf,2025-03-23,2025-03-22T07:10:06
isolf,2025-03-24,2025-03-23T07:45:04
isolf,2025-03-25,2025-03-24T07:20:04
isolf,2025-03-26,2025-03-25T07:10:06
isolf,2025-03-27,2025-03-26T08:05:04
isolf,2025-03-28,2025-03-27T07:25:04
isolf,2025-03-29,2025-03-28T07:55:04
isolf,2025-03-30,2025-03-29T07:30:04
isolf,2025-03-31,2025-03-30T08:00:04
isolf,2025-04-01,2025-03-31T08:00:06
isolf,2025-04-02,2025-04-01T07:40:18
isolf,2025-04-03,2025-04-02T07:05:10
isolf,2025-04-04,2025-04-03T08:25:04
isolf,2025-04-05,2025-04-04T07:50:06
isolf,2025-04-06,2025-04-05T07:15:06
isolf,2025-04-07,2025-04-06T09:00:06
isolf,2025-04-08,2025-04-07T08:10:08
isolf,2025-04-09,2025-04-08T07:25:06
isolf,2025-04-10,2025-04-09T07:40:08
isolf,2025-04-11,2025-04-10T07:35:06
isolf,2025-04-12,2025-04-11T08:20:06
isolf,2025-04-13,2025-04-12T07:20:12
isolf,2025-04-14,2025-04-13T08:05:04
isolf,2025-04-15,2025-04-14T07:10:04
isolf,2025-04-16,2025-04-15T07:20:04
isolf,2025-04-17,2025-04-16T07:05:02
isolf,2025-04-18,2025-04-17T07:05:04
isolf,2025-04-19,2025-04-18T07:15:04
isolf,2025-04-20,2025-04-19T07:25:04
isolf,2025-04-21,2025-04-20T07:10:06
isolf,2025-04-22,2025-04-21T08:00:08
isolf,2025-04-23,2025-04-22T07:50:06
isolf,2025-04-24,2025-04-23T08:55:04
isolf,2025-04-25,2025-04-24T07:25:04
isolf,2025-04-26,2025-04-25T07:30:04
isolf,2025-04-27,2025-04-26T07:35:04
isolf,2025-04-28,2025-04-27T07:25:02
isolf,2025-04-29,2025-04-28T07:10:04
isolf,2025-04-30,2025-04-29T07:25:06
isolf,2025-05-01,2025-04-30T07:30:04
isolf,2025-05-02,2025-05-01T07:20:06
isolf,2025-05-03,2025-05-02T07:20:10
isolf,2025-05-04,2025-05-03T07:25:02
isolf,2025-05-05,2025-05-04T07:30:06
isolf,2025-05-06,2025-05-05T07:10:06
isolf,2025-05-07,2025-05-06T08:20:08
isolf,2025-05-08,2025-05-08T05:00:24
isolf,2025-05-09,2025-05-08T07:45:02
isolf,2025-05-10,2025-05-09T08:20:06
isolf,2025-05-11,2025-05-10T07:45:04
isolf,2025-05-12,2025-05-11T07:38:00
isolf,2025-05-13,2025-05-12T07:40:04
isolf,2025-05-14,2025-05-13T07:35:02
isolf,2025-05-15,2025-05-14T07:55:08
isolf,2025-05-16,2025-05-15T07:25:04
isolf,2025-05-17,2025-05-16T07:25:04
isolf,2025-05-18,2025-05-17T08:05:04
isolf,2025-05-19,2025-05-18T07:10:04
isolf,2025-05-20,2025-05-19T09:00:06
isolf,2025-05-21,2025-05-20T07:20:04
isolf,2025-05-22,2025-05-21T07:30:04
isolf,2025-05-23,2025-05-22T07:20:06
isolf,2025-05-24,2025-05-23T08:05:06
isolf,2025-05-25,2025-05-24T07:25:04
isolf,2025-05-26,2025-05-25T08:30:04
isolf,2025-05-27,2025-05-26T08:10:04
isolf,2025-05-28,2025-05-27T07:50:04
isolf,2025-05-29,2025-05-28T07:15:04
isolf,2025-05-30,2025-05-29T07:16:08
isolf,2025-05-31,2025-05-30T07:20:24
isolf,2025-06-01,2025-05-31T07:31:14
isolf,2025-06-02,2025-06-01T07:30:38
isolf,2025-06-03,2025-06-02T07:30:44
isolf,2025-06-04,2025-06-03T07:25:20
isolf,2025-06-05,2025-06-04T07:30:22
isolf,2025-06-06,2025-06-05T07:15:26
isolf,2025-06-07,2025-06-06T07:25:06
isolf,2025-06-08,2025-06-07T08:30:04
isolf,2025-06-09,2025-06-08T07:10:04
isolf,2025-06-10,2025-06-09T07:55:04
isolf,2025-06-11,2025-06-10T07:50:04
isolf,2025-06-12,2025-06-11T07:30:04
isolf,2025-06-13,2025-06-12T07:50:02
isolf,2025-06-14,2025-06-13T07:20:02
isolf,2025-06-15,2025-06-14T07:20:02
isolf,2025-06-16,2025-06-15T07:10:02
isolf,2025-06-17,2025-06-16T07:05:04
isolf,2025-06-18,2025-06-17T07:35:04
isolf,2025-06-19,2025-06-18T07:15:04
isolf,2025-06-20,2025-06-19T08:10:12
isolf,2025-06-21,2025-06-20T08:05:06
isolf,2025-06-22,2025-06-21T07:10:08
isolf,2025-06-23,2025-06-22T07:40:04
isolf,2025-06-24,2025-06-23T07:25:02
isolf,2025-06-25,2025-06-24T07:30:06
isolf,2025-06-26,2025-06-25T07:15:04
isolf,2025-06-27,2025-06-26T07:30:02
isolf,2025-06-28,2025-06-27T07:40:04
isolf,2025-06-29,2025-06-28T07:10:04
isolf,2025-06-30,2025-06-29T07:25:04
isolf,2025-07-01,2025-06-30T07:30:04
isolf,2025-07-02,2025-07-01T07:10:04
isolf,2025-07-03,2025-07-02T07:50:04
isolf,2025-07-04,2025-07-03T07:36:10
isolf,2025-07-05,2025-07-04T07:50:04
isolf,2025-07-06,2025-07-05T07:25:04
isolf,2025-07-07,2025-07-06T08:10:04
isolf,2025-07-08,2025-07-07T07:55:04
isolf,2025-07-09,2025-07-08T07:25:06
isolf,2025-07-10,2025-07-09T07:50:04
isolf,2025-07-11,2025-07-10T07:30:04
isolf,2025-07-12,2025-07-11T07:40:04
isolf,2025-07-13,2025-07-12T08:20:06
isolf,2025-07-14,2025-07-13T07:30:04
isolf,2025-07-15,2025-07-14T07:55:06
isolf,2025-07-16,2025-07-15T07:20:04
isolf,2025-07-17,2025-07-16T07:10:04
isolf,2025-07-18,2025-07-17T07:55:04
isolf,2025-07-19,2025-07-18T07:10:06
isolf,2025-07-20,2025-07-19T07:25:04
isolf,2025-07-21,2025-07-20T07:30:04
isolf,2025-07-22,2025-07-21T07:35:08
isolf,2025-07-23,2025-07-22T07:40:02
isolf,2025-07-24,2025-07-23T07:55:04
isolf,2025-07-25,2025-07-24T07:40:04
isolf,2025-07-26,2025-07-25T07:05:04
isolf,2025-07-27,2025-07-26T07:10:04
isolf,2025-07-28,2025-07-27T07:50:04
isolf,2025-07-29,2025-07-28T07:35:14
isolf,2025-07-30,2025-07-29T07:30:02
isolf,2025-07-31,2025-07-30T08:00:08
isolf,2025-08-01,2025-07-31T07:30:02
isolf,2025-08-02,2025-08-01T07:45:04
isolf,2025-08-03,2025-08-02T08:00:06
isolf,2025-08-04,2025-08-03T08:55:06
isolf,2025-08-05,2025-08-04T07:30:06
isolf,2025-08-06,2025-08-05T07:20:04
isolf,2025-08-07,2025-08-06T07:10:04
isolf,2025-08-08,2025-08-07T07:25:04
isolf,2025-08-09,2025-08-08T07:05:02
isolf,2025-08-10,2025-08-09T07:55:04
isolf,2025-08-11,2025-08-10T07:20:02
isolf,2025-08-12,2025-08-11T07:05:04
isolf,2025-08-13,2025-08-12T08:00:06
isolf,2025-08-14,2025-08-13T08:20:04
isolf,2025-08-15,2025-08-14T07:15:04
isolf,2025-08-16,2025-08-15T07:30:06
isolf,2025-08-17,2025-08-16T07:35:02
isolf,2025-08-18,2025-08-17T07:30:04
isolf,2025-08-19,2025-08-18T08:00:08
isolf,2025-08-20,2025-08-19T07:35:04
isolf,2025-08-21,2025-08-20T07:30:02
isolf,2025-08-22,2025-08-21T07:25:04
isolf,2025-08-23,2025-08-22T07:15:02
isolf,2025-08-24,2025-08-23T07:20:04
isolf,2025-08-25,2025-08-24T07:15:06
isolf,2025-08-26,2025-08-25T07:20:04
isolf,2025-08-27,2025-08-26T08:10:04
isolf,2025-08-28,2025-08-27T07:45:02
isolf,2025-08-29,2025-08-28T07:05:04
isolf,2025-08-30,2025-08-29T07:35:04
isolf,2025-08-31,2025-08-30T07:25:04
isolf,2025-09-01,2025-08-31T07:10:04
isolf,2025-09-02,2025-09-01T07:30:04
isolf,2025-09-03,2025-09-02T07:15:04
isolf,2025-09-04,2025-09-03T07:30:04
isolf,2025-09-05,2025-09-04T07:25:04
isolf,2025-09-06,2025-09-05T07:15:04
isolf,2025-09-07,2025-09-06T07:20:04
isolf,2025-09-08,2025-09-07T07:35:04
isolf,2025-09-09,2025-09-08T08:55:06
isolf,2025-09-10,2025-09-09T07:20:06
isolf,2025-09-11,2025-09-10T07:40:04
isolf,2025-09-12,2025-09-11T07:45:04
isolf,2025-09-13,2025-09-12T07:30:04
isolf,2025-09-14,2025-09-13T07:45:04
isolf,2025-09-15,2025-09-14T07:55:04
isolf,2025-09-16,2025-09-15T08:50:02
isolf,2025-09-17,2025-09-16T07:25:04
isolf,2025-09-18,2025-09-17T07:10:04
isolf,2025-09-19,2025-09-18T07:55:06
isolf,2025-09-20,2025-09-19T08:05:04
isolf,2025-09-21,2025-09-20T08:00:04
isolf,2025-09-22,2025-09-21T07:15:06
isolf,2025-09-23,2025-09-22T07:50:04
isolf,2025-09-24,2025-09-23T07:25:04
isolf,2025-09-25,2025-09-24T07:10:06
isolf,2025-09-26,2025-09-25T07:10:06
isolf,2025-09-27,2025-09-26T07:25:04
isolf,2025-09-28,2025-09-27T07:40:06
isolf,2025-09-29,2025-09-28T07:20:02
isolf,2025-09-30,2025-09-29T08:00:06
isolf,2025-10-01,2025-09-30T07:30:04
isolf,2025-10-02,2025-10-01T08:20:08
isolf,2025-10-03,2025-10-02T07:30:08
isolf,2025-10-04,2025-10-03T07:20:04
isolf,2025-10-05,2025-10-04T07:10:06
isolf,2025-10-06,2025-10-05T08:00:06
isolf,2025-10-07,2025-10-06T08:45:04
isolf,2025-10-08,2025-10-07T07:10:04
isolf,2025-10-09,2025-10-08T07:10:06
isolf,2025-10-10,2025-10-09T07:20:04
isolf,2025-10-11,2025-10-10T09:00:08
isolf,2025-10-12,2025-10-11T07:20:04
isolf,2025-10-13,2025-10-12T07:55:06
isolf,2025-10-14,2025-10-13T08:20:06
isolf,2025-10-15,2025-10-14T07:55:06
isolf,2025-10-16,2025-10-15T07:15:04
isolf,2025-10-17,2025-10-16T07:15:04
isolf,2025-10-18,2025-10-17T07:45:04
isolf,2025-10-19,2025-10-18T07:05:04
isolf,2025-10-20,2025-10-19T07:50:04
isolf,2025-10-21,2025-10-20T07:30:04
isolf,2025-10-22,2025-10-21T07:50:06
isolf,2025-10-23,2025-10-22T07:15:04
isolf,2025-10-24,2025-10-23T07:10:10
isolf,2025-10-25,2025-10-24T07:40:04
isolf,2025-10-26,2025-10-25T08:35:12
isolf,2025-10-27,2025-10-26T07:40:04
isolf,2025-10-28,2025-10-27T07:10:04
isolf,2025-10-29,2025-10-28T07:30:04
isolf,2025-10-30,2025-10-29T07:25:04
isolf,2025-10-31,2025-10-30T07:10:06
isolf,2025-11-01,2025-10-31T07:25:04
isolf,2025-11-02,2025-11-01T07:25:04
isolf,2025-11-03,2025-11-02T07:25:02
isolf,2025-11-04,2025-11-03T08:00:04
isolf,2025-11-05,2025-11-04T07:25:02
isolf,2025-11-06,2025-11-05T07:10:06
isolf,2025-11-07,2025-11-06T07:50:02
isolf,2025-11-08,2025-11-07T07:35:06
isolf,2025-11-09,2025-11-08T08:00:04
isolf,2025-11-10,2025-11-09T07:30:04
isolf,2025-11-11,2025-11-10T07:20:06
isolf,2025-11-12,2025-11-11T07:50:06
isolf,2025-11-13,2025-11-12T07:05:04
isolf,2025-11-14,2025-11-13T07:40:04
isolf,2025-11-15,2025-11-14T07:20:04
isolf,2025-11-16,2025-11-15T07:45:04
isolf,2025-11-17,2025-11-16T07:40:04
isolf,2025-11-18,2025-11-17T07:50:06
isolf,2025-11-19,2025-11-18T07:35:04
isolf,2025-11-20,2025-11-19T07:40:02
isolf,2025-11-21,2025-11-20T07:15:04
isolf,2025-11-22,2025-11-21T07:30:04
isolf,2025-11-23,2025-11-22T07:40:04
isolf,2025-11-24,2025-11-23T07:40:04
isolf,2025-11-25,2025-11-24T08:10:02
isolf,2025-11-26,2025-11-25T07:25:02
isolf,2025-11-27,2025-11-26T07:25:02
isolf,2025-11-28,2025-11-27T07:25:02
isolf,2025-11-29,2025-11-28T09:00:06
isolf,2025-11-30,2025-11-29T07:25:02
isolf,2025-12-01,2025-11-30T07:10:02
isolf,2025-12-02,2025-12-01T07:35:02
isolf,2025-12-03,2025-12-02T07:25:04
isolf,2025-12-04,2025-12-03T07:25:02
isolf,2025-12-05,2025-12-04T07:15:02
isolf,2025-12-06,2025-12-05T07:25:02
isolf,2025-12-07,2025-12-06T08:10:04
isolf,2025-12-08,2025-12-07T07:10:02
isolf,2025-12-09,2025-12-08T07:15:04
isolf,2025-12-10,2025-12-09T07:30:02
isolf,2025-12-11,2025-12-10T07:05:02
isolf,2025-12-12,2025-12-11T07:35:04
isolf,2025-12-13,2025-12-12T07:45:02
isolf,2025-12-14,2025-12-13T07:15:02
isolf,2025-12-15,2025-12-14T07:05:02
isolf,2025-12-16,2025-12-15T07:30:04
isolf,2025-12-17,2025-12-16T07:30:04
isolf,2025-12-18,2025-12-17T07:35:02
isolf,2025-12-19,2025-12-18T07:20:02
isolf,2025-12-20,2025-12-19T08:20:04
isolf,2025-12-21,2025-12-20T07:15:02
isolf,2025-12-22,2025-12-21T07:25:02
isolf,2025-12-23,2025-12-22T07:30:02
isolf,2025-12-24,2025-12-23T07:10:02
isolf,2025-12-25,2025-12-24T08:00:06
isolf,2025-12-26,2025-12-25T07:55:04
isolf,2025-12-27,2025-12-26T08:40:02
isolf,2025-12-28,2025-12-27T07:20:04
isolf,2025-12-29,2025-12-28T07:05:12
isolf,2025-12-30,2025-12-29T07:05:02
isolf,2025-12-31,2025-12-30T07:15:02
isolf,2026-01-01,2025-12-31T07:30:02
isolf,2026-01-02,2026-01-01T07:25:02
isolf,2026-01-03,2026-01-02T07:15:02
isolf,2026-01-04,2026-01-03T07:35:02
isolf,2026-01-05,2026-01-04T07:20:04
isolf,2026-01-06,2026-01-05T07:10:02
isolf,2026-01-07,2026-01-06T07:35:04
isolf,2026-01-08,2026-01-07T07:20:02
isolf,2026-01-09,2026-01-08T07:25:02
isolf,2026-01-10,2026-01-09T07:25:02
isolf,2026-01-11,2026-01-10T07:10:02
isolf,2026-01-12,2026-01-11T07:10:02
isolf,2026-01-13,2026-01-12T07:25:02
isolf,2026-01-14,2026-01-13T07:10:02
isolf,2026-01-15,2026-01-14T07:45:02
isolf,2026-01-16,2026-01-15T07:20:02
isolf,2026-01-17,2026-01-16T07:25:02
isolf,2026-01-18,2026-01-17T07:10:02
isolf,2026-01-19,2026-01-18T07:25:02
isolf,2026-01-20,2026-01-19T07:30:06
isolf,2026-01-21,2026-01-20T08:45:02
isolf,2026-01-22,2026-01-21T07:30:04
isolf,2026-01-23,2026-01-22T07:10:04
isolf,2026-01-24,2026-01-23T07:45:02
isolf,2026-01-25,2026-01-24T08:15:04
isolf,2026-01-26,2026-01-25T07:15:02
isolf,2026-01-27,2026-01-26T07:05:02
isolf,2026-01-28,2026-01-27T07:05:14
isolf,2026-01-29,2026-01-28T07:15:04
isolf,2026-01-30,2026-01-29T07:15:02
isolf,2026-01-31,2026-01-30T08:00:06
isolf,2026-02-01,2026-01-31T07:20:02
isolf,2026-02-02,2026-02-01T07:05:04
isolf,2026-02-03,2026-02-02T07:30:02
isolf,2026-02-04,2026-02-03T07:45:04
isolf,2026-02-05,2026-02-04T07:10:02
isolf,2026-02-06,2026-02-05T07:15:02
isolf,2026-02-07,2026-02-06T07:55:02
isolf,2026-02-08,2026-02-07T07:10:02
isolf,2026-02-09,2026-02-08T07:55:02
isolf,2026-02-10,2026-02-09T07:10:02
isolf,2026-02-11,2026-02-10T07:30:02
isolf,2026-02-12,2026-02-11T13:46:44
isolf,2026-02-13,2026-02-12T08:55:04
isolf,2026-02-14,2026-02-13T07:55:04
isolf,2026-02-15,2026-02-14T07:20:04
isolf,2026-02-16,2026-02-15T07:25:02
isolf,2026-02-17,2026-02-16T07:10:04
isolf,2026-02-18,2026-02-17T07:30:04
isolf,2026-02-19,2026-02-18T07:55:04
isolf,2026-02-20,2026-02-19T07:05:02
isolf,2026-02-21,2026-02-20T08:10:04
isolf,2026-02-22,2026-02-21T07:20:04
isolf,2026-02-23,2026-02-22T08:20:02
isolf,2026-02-24,2026-02-23T07:35:04
isolf,2026-02-25,2026-02-24T07:05:02
isolf,2026-02-26,2026-02-25T09:00:04
isolf,2026-02-27,2026-02-26T08:45:04
isolf,2026-02-28,2026-02-27T07:10:02
isolf,2026-03-01,2026-02-28T07:35:02
isolf,2026-03-02,2026-03-01T07:20:02
isolf,2026-03-03,2026-03-02T07:30:02
isolf,2026-03-04,2026-03-03T07:55:04
isolf,2026-03-05,2026-03-04T07:40:04
isolf,2026-03-06,2026-03-05T07:25:02
isolf,2026-03-07,2026-03-06T07:45:02
isolf,2026-03-08,2026-03-07T07:30:02
isolf,2026-03-09,2026-03-08T07:20:02
isolf,2026-03-10,2026-03-09T07:20:06
isolf,2026-03-11,2026-03-10T07:15:02
isolf,2026-03-12,2026-03-12T05:00:06
isolf,2026-03-13,2026-03-12T07:20:02
isolf,2026-03-14,2026-03-13T08:00:06
isolf,2026-03-15,2026-03-14T08:10:04
isolf,2026-03-16,2026-03-15T07:30:04
isolf,2026-03-17,2026-03-16T07:15:14
isolf,2026-03-18,2026-03-17T07:35:02
isolf,2026-03-19,2026-03-18T07:15:02
isolf,2026-03-20,2026-03-19T07:20:02
isolf,2026-03-21,2026-03-20T07:40:02
isolf,2026-03-22,2026-03-21T07:55:06
isolf,2026-03-23,2026-03-22T07:55:04
isolf,2026-03-24,2026-03-23T07:05:02
isolf,2026-03-25,2026-03-24T07:20:06
isolf,2026-03-26,2026-03-25T07:10:02
isolf,2026-03-27,2026-03-26T07:10:02
isolf,2026-03-28,2026-03-27T07:55:02
isolf,2026-03-29,2026-03-28T07:10:04
isolf,2026-03-30,2026-03-29T07:30:04
isolf,2026-03-31,2026-03-30T07:15:02
isolf,2026-04-01,2026-03-31T07:30:04
isolf,2026-04-02,2026-04-01T07:15:02
isolf,2026-04-03,2026-04-02T07:50:02
isolf,2026-04-04,2026-04-03T07:55:02
isolf,2026-04-05,2026-04-04T07:15:02
isolf,2026-04-06,2026-04-05T08:00:04
isolf,2026-04-07,2026-04-06T07:30:04
isolf,2026-04-08,2026-04-07T07:15:02
isolf,2026-04-09,2026-04-08T07:40:04
isolf,2026-04-10,2026-04-09T07:30:04
isolf,2026-04-11,2026-04-10T07:15:02
isolf,2026-04-12,2026-04-11T07:30:04
isolf,2026-04-13,2026-04-12T07:15:04
isolf,2026-04-14,2026-04-13T07:20:02
isolf,2026-04-15,2026-04-14T08:00:06
isolf,2026-04-16,2026-04-15T07:50:02
isolf,2026-04-17,2026-04-16T07:35:02
isolf,2026-04-18,2026-04-17T07:25:06
isolf,2026-04-19,2026-04-18T07:40:02
isolf,2026-04-20,2026-04-19T07:30:04
isolf,2026-04-21,2026-04-20T08:20:04
isolf,2026-04-22,2026-04-21T07:35:02
isolf,2026-04-23,2026-04-22T07:05:06
isolf,2026-04-24,2026-04-23T07:05:06
isolf,2026-04-25,2026-04-24T07:30:02
isolf,2026-04-26,2026-04-25T07:10:04
isolf,2026-04-27,2026-04-26T07:25:02
isolf,2026-04-28,2026-04-27T08:00:06
isolf,2026-04-29,2026-04-28T07:10:04
isolf,2026-04-30,2026-04-29T07:05:02
isolf,2026-05-01,2026-04-30T07:40:04
isolf,2026-05-02,2026-05-01T07:15:02
isolf,2026-05-03,2026-05-02T07:45:04
isolf,2026-05-04,2026-05-03T07:10:02
isolf,2026-05-05,2026-05-04T07:15:04
isolf,2026-05-06,2026-05-05T07:15:02
isolf,2026-05-07,2026-05-06T07:05:02
isolf,2026-05-08,2026-05-07T07:20:04
isolf,2026-05-09,2026-05-08T07:20:02
isolf,2026-05-10,2026-05-09T07:35:02
isolf,2026-05-11,2026-05-10T07:35:02
isolf,2026-05-12,2026-05-11T07:25:02
isolf,2026-05-13,2026-05-12T07:25:02
isolf,2026-05-14,2026-05-13T07:20:04
isolf,2026-05-15,2026-05-14T07:40:04
isolf,2026-05-16,2026-05-15T07:20:02
isolf,2026-05-17,2026-05-16T07:35:02
isolf,2026-05-18,2026-05-17T07:15:02
isolf,2026-05-19,2026-05-18T07:10:04
isolf,2026-05-20,2026-05-19T07:35:02
isolf,2026-05-21,2026-05-20T07:32:02
isolf,2026-05-22,2026-05-21T07:20:06
isolf,2026-05-23,2026-05-22T07:15:02
isolf,2026-05-24,2026-05-23T07:25:02
isolf,2026-05-25,2026-05-24T07:10:04
isolf,2026-05-26,2026-05-25T07:15:06
isolf,2026-05-27,2026-05-26T08:20:04
isolf,2026-05-28,2026-05-27T07:10:02
isolf,2026-05-29,2026-05-28T07:40:04
isolf,2026-05-30,2026-05-29T07:10:02
isolf,2026-05-31,2026-05-30T07:35:04
isolf,2026-06-01,2026-05-31T07:10:02
isolf,2026-06-02,2026-06-01T07:30:02
isolf,2026-06-03,2026-06-02T07:15:02
isolf,2026-06-04,2026-06-03T07:20:04
isolf,2026-06-05,2026-06-04T07:20:02
isolf,2026-06-06,2026-06-05T07:20:02
isolf,2026-06-07,2026-06-06T08:35:04
isolf,2026-06-08,2026-06-07T08:00:04
isolf,2026-06-09,2026-06-08T07:05:02
isolf,2026-06-10,2026-06-09T08:00:04
isolf,2026-06-11,2026-06-10T07:40:02
isolf,2026-06-12,2026-06-11T07:40:04
isolf,2026-06-13,2026-06-12T08:15:04
isolf,2026-06-14,2026-06-13T08:00:04
isolf,2026-06-15,2026-06-14T07:15:02
isolf,2026-06-16,2026-06-15T07:10:02
isolf,2026-06-17,2026-06-16T07:15:02
isolf,2026-06-18,2026-06-17T07:20:04
isolf,2026-06-19,2026-06-18T07:05:02
isolf,2026-06-20,2026-06-19T07:25:02
isolf,2026-06-21,2026-06-20T07:15:04
isolf,2026-06-22,2026-06-21T07:30:02
isolf,2026-06-23,2026-06-22T07:50:02
isolf,2026-06-24,2026-06-23T07:10:02
isolf,2026-06-25,2026-06-24T08:55:04
isolf,2026-06-26,2026-06-25T07:20:02
isolf,2026-06-27,2026-06-26T08:15:02
isolf,2026-06-28,2026-06-27T07:15:04
isolf,2026-06-29,2026-06-28T07:10:04
isolf,2026-06-30,2026-06-29T07:45:02
isolf,2026-07-01,2026-06-30T07:15:04
isolf,2026-07-02,2026-07-01T07:25:04
isolf,2026-07-03,2026-07-02T07:20:02
isolf,2026-07-04,2026-07-03T08:15:04
isolf,2026-07-05,2026-07-04T07:45:02
isolf,2026-07-06,2026-07-05T07:35:02
isolf,2026-07-07,2026-07-06T07:15:02
isolf,2026-07-08,2026-07-07T07:10:02
isolf,2026-07-09,2026-07-08T07:40:04
isolf,2026-07-10,2026-07-09T07:55:04
isolf,2026-07-11,2026-07-10T07:10:02
isolf,2026-07-12,2026-07-11T08:20:04
isolf,2026-07-13,2026-07-12T07:20:04
isolf,2026-07-14,2026-07-13T07:15:04
isolf,2026-07-15,2026-07-14T07:05:04
isolf,2026-07-16,2026-07-15T07:35:02
isolf,2026-07-17,2026-07-16T07:25:04
isolf,2026-07-18,2026-07-18T05:15:06
isolf,2026-07-19,2026-07-18T07:35:02
isolf,2026-07-20,2026-07-19T07:20:04
isolf,2026-07-21,2026-07-20T07:10:02
isolf,2026-07-22,2026-07-21T07:20:02
isolf,2026-07-23,2026-07-22T07:40:02
isolf,2026-07-24,2026-07-23T07:40:04
isolf,2026-07-25,2026-07-24T07:20:04
isolf,2026-07-26,2026-07-25T07:45:04
isolf,2026-07-27,2026-07-26T08:05:08
isolf,2026-07-28,2026-07-27T07:20:04
isolf,2026-07-29,2026-07-28T07:20:06
isolf,2026-07-30,2026-07-29T07:35:08
isolf,2026-07-31,2026-07-30T08:20:06
isolf,2026-08-01,2026-07-31T07:40:12
isolf,2026-08-02,2026-08-01T07:10:08
isolf,2026-08-03,2026-08-02T07:10:10
isolf,2026-08-04,2026-08-03T07:50:10
isolf,2026-08-05,2026-08-04T07:25:16
isolf,2026-08-06,2026-08-05T07:55:14
isolf,2026-08-07,2026-08-06T07:10:10
isolf,2026-08-08,2026-08-07T08:05:10
isolf,2026-08-09,2026-08-08T07:10:12
isolf,2026-08-10,2026-08-09T07:35:12
isolf,2026-08-11,2026-08-10T07:25:10
isolf,2026-08-12,2026-08-11T07:45:12
isolf,2026-08-13,2026-08-12T07:55:12
isolf,2026-08-14,2026-08-13T07:35:08
isolf,2026-08-15,2026-08-14T07:15:10
isolf,2026-08-16,2026-08-15T07:10:10
isolf,2026-08-17,2026-08-16T08:00:10
isolf,2026-08-18,2026-08-17T07:55:16
isolf,2026-08-19,2026-08-18T07:25:08
isolf,2026-08-20,2026-08-19T07:05:08
isolf,2026-08-21,2026-08-20T08:00:10
isolf,2026-08-22,2026-08-21T07:40:08
isolf,2026-08-23,2026-08-22T08:00:08
isolf,2026-08-24,2026-08-23T08:00:12
isolf,2026-08-25,2026-08-24T07:25:10
isolf,2026-08-26,2026-08-25T07:20:10
isolf,2026-08-27,2026-08-26T07:15:10
isolf,2026-08-28,2026-08-27T07:25:10
isolf,2026-08-29,2026-08-28T08:05:14
isolf,2026-08-30,2026-08-29T07:35:08
isolf,2026-08-31,2026-08-30T07:30:10
isolf,2026-09-01,2026-08-31T07:35:08
isolf,2026-09-02,2026-09-01T07:20:12
isolf,2026-09-03,2026-09-02T08:10:12
isolf,2026-09-04,2026-09-03T07:40:08
isolf,2026-09-05,2026-09-04T07:10:12
isolf,2026-09-06,2026-09-05T07:20:12
isolf,2026-09-07,2026-09-06T07:45:12
isolf,2026-09-08,2026-09-07T07:45:10
isolf,2026-09-09,2026-09-08T07:25:10
isolf,2026-09-10,2026-09-09T09:00:12
isolf,2026-09-11,2026-09-10T07:45:14
isolf,2026-09-12,2026-09-11T07:10:12
isolf,2026-09-13,2026-09-12T07:25:10
isolf,2026-09-14,2026-09-13T07:10:12
isolf,2026-09-15,2026-09-14T07:30:16
isolf,2026-09-16,2026-09-15T07:45:10
isolf,2026-09-17,2026-09-16T08:00:10
isolf,2026-09-18,2026-09-17T07:25:10
isolf,2026-09-19,2026-09-18T07:35:12
isolf,2026-09-20,2026-09-19T07:30:12
isolf,2026-09-21,2026-09-20T07:20:10
isolf,2026-09-22,2026-09-21T08:10:10
isolf,2026-09-23,2026-09-22T07:20:06
isolf,2026-09-24,2026-09-23T07:45:04
isolf,2026-09-25,2026-09-24T07:40:04
isolf,2026-09-26,2026-09-25T07:10:04
isolf,2026-09-27,2026-09-26T07:35:04
isolf,2026-09-28,2026-09-27T07:05:02
isolf,2026-09-29,2026-09-28T07:10:04
isolf,2026-09-30,2026-09-29T07:45:04
outSched,2020-01-01,2019-12-31T09:41:02
outSched,2020-01-02,2020-01-01T09:40:02
outSched,2020-01-03,2020-01-02T09:40:04
outSched,2020-01-04,2020-01-03T09:40:02
outSched,2020-01-05,2020-01-04T09:44:02
outSched,2020-01-06,2020-01-05T09:45:02
outSched,2020-01-07,2020-01-06T09:41:02
outSched,2020-01-08,2020-01-07T09:41:02
outSched,2020-01-09,2020-01-08T09:40:04
outSched,2020-01-10,2020-01-09T09:44:02
outSched,2020-01-11,2020-01-10T09:41:02
outSched,2020-01-12,2020-01-11T09:44:02
outSched,2020-01-13,2020-01-12T09:44:02
outSched,2020-01-14,2020-01-13T09:41:02
outSched,2020-01-15,2020-01-14T09:41:02
outSched,2020-01-16,2020-01-15T09:43:02
outSched,2020-01-17,2020-01-16T09:41:02
outSched,2020-01-18,2020-01-17T09:42:02
outSched,2020-01-19,2020-01-18T09:45:02
outSched,2020-01-20,2020-01-19T09:45:02
outSched,2020-01-21,2020-01-20T09:41:02
outSched,2020-01-22,2020-01-21T09:41:02
outSched,2020-01-23,2020-01-22T09:42:02
outSched,2020-01-24,2020-01-23T09:41:02
outSched,2020-01-25,2020-01-24T09:41:02
outSched,2020-01-26,2020-01-25T09:44:02
outSched,2020-01-27,2020-01-26T09:45:02
outSched,2020-01-28,2020-01-27T09:41:02
outSched,2020-01-29,2020-01-28T09:41:02
outSched,2020-01-30,2020-01-29T09:41:02
outSched,2020-01-31,2020-01-30T09:41:02
outSched,2020-02-01,2020-01-31T09:41:02
outSched,2020-02-02,2020-02-01T09:44:02
outSched,2020-02-03,2020-02-02T09:45:04
outSched,2020-02-04,2020-02-03T09:40:02
outSched,2020-02-05,2020-02-04T09:41:02
outSched,2020-02-06,2020-02-05T09:41:02
outSched,2020-02-07,2020-02-06T09:40:02
outSched,2020-02-08,2020-02-07T09:41:02
outSched,2020-02-09,2020-02-08T09:45:02
outSched,2020-02-10,2020-02-09T09:46:02
outSched,2020-02-11,2020-02-10T09:43:02
outSched,2020-02-12,2020-02-11T09:40:02
outSched,2020-02-13,2020-02-12T09:40:02
outSched,2020-02-14,2020-02-13T09:42:02
outSched,2020-02-15,2020-02-14T09:41:02
outSched,2020-02-16,2020-02-15T09:45:02
outSched,2020-02-17,2020-02-16T09:44:02
outSched,2020-02-18,2020-02-17T09:41:02
outSched,2020-02-19,2020-02-18T09:41:02
outSched,2020-02-20,2020-02-19T09:41:02
outSched,2020-02-21,2020-02-20T09:40:02
outSched,2020-02-22,2020-02-21T09:42:02
outSched,2020-02-23,2020-02-22T09:45:02
outSched,2020-02-24,2020-02-23T09:44:02
outSched,2020-02-25,2020-02-24T09:41:02
outSched,2020-02-26,2020-02-25T09:42:02
outSched,2020-02-27,2020-02-26T09:41:02
outSched,2020-02-28,2020-02-27T09:42:02
outSched,2020-02-29,2020-02-28T09:41:02
outSched,2020-03-01,2020-02-29T09:44:02
outSched,2020-03-02,2020-03-01T10:00:36
outSched,2020-03-03,2020-03-02T09:41:02
outSched,2020-03-04,2020-03-03T09:41:02
outSched,2020-03-05,2020-03-04T09:41:02
outSched,2020-03-06,2020-03-05T09:40:02
outSched,2020-03-07,2020-03-06T09:42:02
outSched,2020-03-08,2020-03-07T09:44:02
outSched,2020-03-09,2020-03-08T09:41:02
outSched,2020-03-10,2020-03-09T09:39:02
outSched,2020-03-11,2020-03-10T09:39:02
outSched,2020-03-12,2020-03-11T09:39:02
outSched,2020-03-13,2020-03-12T09:40:02
outSched,2020-03-14,2020-03-13T09:40:02
outSched,2020-03-15,2020-03-14T09:41:02
outSched,2020-03-16,2020-03-15T09:44:02
outSched,2020-03-17,2020-03-16T09:40:02
outSched,2020-03-18,2020-03-17T09:40:02
outSched,2020-03-19,2020-03-18T09:41:02
outSched,2020-03-20,2020-03-19T09:42:02
outSched,2020-03-21,2020-03-20T09:40:02
outSched,2020-03-22,2020-03-21T09:42:02
outSched,2020-03-23,2020-03-22T09:42:02
outSched,2020-03-24,2020-03-23T09:41:02
outSched,2020-03-25,2020-03-24T09:39:02
outSched,2020-03-26,2020-03-25T09:39:02
outSched,2020-03-27,2020-03-26T09:40:02
outSched,2020-03-28,2020-03-27T09:40:02
outSched,2020-03-29,2020-03-28T09:43:02
outSched,2020-03-30,2020-03-29T09:43:02
outSched,2020-03-31,2020-03-30T09:41:02
outSched,2020-04-01,2020-03-31T09:40:02
outSched,2020-04-02,2020-04-01T09:41:02
outSched,2020-04-03,2020-04-02T09:40:06
outSched,2020-04-04,2020-04-03T09:43:02
outSched,2020-04-05,2020-04-04T09:43:02
outSched,2020-04-06,2020-04-05T09:44:02
outSched,2020-04-07,2020-04-06T09:40:02
outSched,2020-04-08,2020-04-07T09:40:02
outSched,2020-04-09,2020-04-08T09:42:02
outSched,2020-04-10,2020-04-09T09:41:02
outSched,2020-04-11,2020-04-10T09:40:02
outSched,2020-04-12,2020-04-11T09:42:02
outSched,2020-04-13,2020-04-12T09:44:02
outSched,2020-04-14,2020-04-13T09:40:02
outSched,2020-04-15,2020-04-14T09:41:02
outSched,2020-04-16,2020-04-15T09:40:02
outSched,2020-04-17,2020-04-16T09:43:02
outSched,2020-04-18,2020-04-17T09:40:02
outSched,2020-04-19,2020-04-18T09:43:02
outSched,2020-04-20,2020-04-19T09:42:02
outSched,2020-04-21,2020-04-20T09:41:02
outSched,2020-04-22,2020-04-21T09:40:02
outSched,2020-04-23,2020-04-22T09:40:02
outSched,2020-04-24,2020-04-23T09:40:02
outSched,2020-04-25,2020-04-24T09:40:02
outSched,2020-04-26,2020-04-25T09:42:02
outSched,2020-04-27,2020-04-26T09:41:02
outSched,2020-04-28,2020-04-27T09:39:02
outSched,2020-04-29,2020-04-28T09:40:02
outSched,2020-04-30,2020-04-29T09:40:02
outSched,2020-05-01,2020-04-30T09:40:02
outSched,2020-05-02,2020-05-01T09:40:04
outSched,2020-05-03,2020-05-02T09:40:06
outSched,2020-05-04,2020-05-03T09:42:04
outSched,2020-05-05,2020-05-04T09:40:02
outSched,2020-05-06,2020-05-05T09:40:02
outSched,2020-05-07,2020-05-06T09:41:02
outSched,2020-05-08,2020-05-07T09:40:02
outSched,2020-05-09,2020-05-08T09:40:02
outSched,2020-05-10,2020-05-09T09:41:02
outSched,2020-05-11,2020-05-10T09:45:02
outSched,2020-05-12,2020-05-11T09:50:06
outSched,2020-05-13,2020-05-12T09:39:02
outSched,2020-05-14,2020-05-13T09:39:02
outSched,2020-05-15,2020-05-14T09:39:02
outSched,2020-05-16,2020-05-15T09:39:02
outSched,2020-05-17,2020-05-16T09:41:02
outSched,2020-05-18,2020-05-17T09:42:02
outSched,2020-05-19,2020-05-18T09:41:02
outSched,2020-05-20,2020-05-19T09:44:02
outSched,2020-05-21,2020-05-20T09:40:02
outSched,2020-05-22,2020-05-21T09:39:02
outSched,2020-05-23,2020-05-22T09:41:02
outSched,2020-05-24,2020-05-23T09:41:02
outSched,2020-05-25,2020-05-24T09:41:02
outSched,2020-05-26,2020-05-25T09:39:00
outSched,2020-05-27,2020-05-26T09:41:02
outSched,2020-05-28,2020-05-27T09:41:02
outSched,2020-05-29,2020-05-28T09:41:02
outSched,2020-05-30,2020-05-29T09:40:02
outSched,2020-05-31,2020-05-30T09:40:02
outSched,2020-06-01,2020-05-31T09:42:02
outSched,2020-06-02,2020-06-01T09:39:02
outSched,2020-06-03,2020-06-02T09:40:02
outSched,2020-06-04,2020-06-03T09:40:02
outSched,2020-06-05,2020-06-04T09:41:02
outSched,2020-06-06,2020-06-05T09:40:02
outSched,2020-06-07,2020-06-06T09:41:02
outSched,2020-06-08,2020-06-07T09:41:02
outSched,2020-06-09,2020-06-08T09:39:02
outSched,2020-06-10,2020-06-09T09:39:02
outSched,2020-06-11,2020-06-10T09:39:02
outSched,2020-06-12,2020-06-11T09:40:02
outSched,2020-06-13,2020-06-12T09:40:02
outSched,2020-06-14,2020-06-13T09:46:02
outSched,2020-06-15,2020-06-14T09:44:02
outSched,2020-06-16,2020-06-15T09:41:02
outSched,2020-06-17,2020-06-16T09:40:02
outSched,2020-06-18,2020-06-17T09:39:02
outSched,2020-06-19,2020-06-18T09:40:02
outSched,2020-06-20,2020-06-19T09:39:02
outSched,2020-06-21,2020-06-20T09:42:02
outSched,2020-06-22,2020-06-21T09:43:02
outSched,2020-06-23,2020-06-22T09:40:02
outSched,2020-06-24,2020-06-23T09:39:02
outSched,2020-06-25,2020-06-24T09:42:02
outSched,2020-06-26,2020-06-25T09:40:06
outSched,2020-06-27,2020-06-26T09:40:02
outSched,2020-06-28,2020-06-27T09:42:02
outSched,2020-06-29,2020-06-28T09:42:02
outSched,2020-06-30,2020-06-29T09:40:02
outSched,2020-07-01,2020-06-30T09:42:02
outSched,2020-07-02,2020-07-01T09:41:02
outSched,2020-07-03,2020-07-02T09:40:02
outSched,2020-07-04,2020-07-03T09:41:02
outSched,2020-07-05,2020-07-04T09:43:02
outSched,2020-07-06,2020-07-05T09:42:02
outSched,2020-07-07,2020-07-06T09:40:02
outSched,2020-07-08,2020-07-07T09:42:02
outSched,2020-07-09,2020-07-08T10:19:02
outSched,2020-07-10,2020-07-09T09:42:02
outSched,2020-07-11,2020-07-10T09:40:02
outSched,2020-07-12,2020-07-11T09:43:02
outSched,2020-07-13,2020-07-12T09:43:08
outSched,2020-07-14,2020-07-13T09:40:02
outSched,2020-07-15,2020-07-14T09:41:02
outSched,2020-07-16,2020-07-15T09:42:02
outSched,2020-07-17,2020-07-16T09:40:02
outSched,2020-07-18,2020-07-17T09:40:02
outSched,2020-07-19,2020-07-18T09:43:02
outSched,2020-07-20,2020-07-19T09:47:02
outSched,2020-07-21,2020-07-20T09:40:02
outSched,2020-07-22,2020-07-21T09:40:02
outSched,2020-07-23,2020-07-22T09:41:02
outSched,2020-07-24,2020-07-23T09:40:02
outSched,2020-07-25,2020-07-24T09:40:02
outSched,2020-07-26,2020-07-25T09:44:02
outSched,2020-07-27,2020-07-26T09:42:02
outSched,2020-07-28,2020-07-27T09:41:02
outSched,2020-07-29,2020-07-28T09:40:02
outSched,2020-07-30,2020-07-29T09:40:02
outSched,2020-07-31,2020-07-30T09:41:02
outSched,2020-08-01,2020-07-31T09:40:02
outSched,2020-08-02,2020-08-01T09:41:02
outSched,2020-08-03,2020-08-02T09:43:02
outSched,2020-08-04,2020-08-03T09:41:02
outSched,2020-08-05,2020-08-04T09:40:02
outSched,2020-08-06,2020-08-05T09:40:02
outSched,2020-08-07,2020-08-06T09:41:02
outSched,2020-08-08,2020-08-07T09:44:02
outSched,2020-08-09,2020-08-08T09:42:10
outSched,2020-08-10,2020-08-09T09:42:02
outSched,2020-08-11,2020-08-10T10:24:02
outSched,2020-08-12,2020-08-11T09:43:02
outSched,2020-08-13,2020-08-12T09:42:02
outSched,2020-08-14,2020-08-13T09:41:02
outSched,2020-08-15,2020-08-14T09:41:02
outSched,2020-08-16,2020-08-15T09:44:02
outSched,2020-08-17,2020-08-16T09:43:02
outSched,2020-08-18,2020-08-17T09:40:02
outSched,2020-08-19,2020-08-18T09:40:02
outSched,2020-08-20,2020-08-19T09:41:02
outSched,2020-08-21,2020-08-20T09:40:02
outSched,2020-08-22,2020-08-21T09:39:02
outSched,2020-08-23,2020-08-22T09:41:02
outSched,2020-08-24,2020-08-23T09:43:02
outSched,2020-08-25,2020-08-24T09:40:02
outSched,2020-08-26,2020-08-25T09:40:02
outSched,2020-08-27,2020-08-26T09:41:02
outSched,2020-08-28,2020-08-27T09:40:04
outSched,2020-08-29,2020-08-28T09:41:02
outSched,2020-08-30,2020-08-29T09:38:02
outSched,2020-08-31,2020-08-30T09:40:02
outSched,2020-09-01,2020-08-31T09:39:02
outSched,2020-09-02,2020-09-01T09:40:06
outSched,2020-09-03,2020-09-02T09:39:02
outSched,2020-09-04,2020-09-03T09:40:02
outSched,2020-09-05,2020-09-04T09:40:02
outSched,2020-09-06,2020-09-05T09:45:02
outSched,2020-09-07,2020-09-06T09:41:02
outSched,2020-09-08,2020-09-07T09:40:02
outSched,2020-09-09,2020-09-08T09:40:02
outSched,2020-09-10,2020-09-09T09:39:00
outSched,2020-09-11,2020-09-10T09:40:02
outSched,2020-09-12,2020-09-11T09:40:02
outSched,2020-09-13,2020-09-12T09:43:02
outSched,2020-09-14,2020-09-13T09:42:02
outSched,2020-09-15,2020-09-14T09:49:02
outSched,2020-09-16,2020-09-15T09:40:02
outSched,2020-09-17,2020-09-16T09:41:02
outSched,2020-09-18,2020-09-17T09:39:02
outSched,2020-09-19,2020-09-18T09:39:02
outSched,2020-09-20,2020-09-19T09:40:02
outSched,2020-09-21,2020-09-20T09:40:02
outSched,2020-09-22,2020-09-21T09:40:02
outSched,2020-09-23,2020-09-22T09:40:04
outSched,2020-09-24,2020-09-23T09:40:02
outSched,2020-09-25,2020-09-24T09:40:04
outSched,2020-09-26,2020-09-25T09:41:02
outSched,2020-09-27,2020-09-26T09:39:02
outSched,2020-09-28,2020-09-27T09:45:04
outSched,2020-09-29,2020-09-28T09:40:02
outSched,2020-09-30,2020-09-29T09:39:02
outSched,2020-10-01,2020-09-30T09:40:02
outSched,2020-10-02,2020-10-01T09:40:02
outSched,2020-10-03,2020-10-02T09:40:02
outSched,2020-10-04,2020-10-03T09:38:02
outSched,2020-10-05,2020-10-04T09:38:02
outSched,2020-10-06,2020-10-05T09:39:02
outSched,2020-10-07,2020-10-06T09:39:02
outSched,2020-10-08,2020-10-07T09:39:02
outSched,2020-10-09,2020-10-08T09:39:02
outSched,2020-10-10,2020-10-09T09:40:02
outSched,2020-10-11,2020-10-10T09:39:02
outSched,2020-10-12,2020-10-11T09:40:02
outSched,2020-10-13,2020-10-12T09:39:02
outSched,2020-10-14,2020-10-13T09:39:02
outSched,2020-10-15,2020-10-14T09:40:02
outSched,2020-10-16,2020-10-15T09:39:02
outSched,2020-10-17,2020-10-16T09:40:02
outSched,2020-10-18,2020-10-17T09:39:02
outSched,2020-10-19,2020-10-18T09:41:02
outSched,2020-10-20,2020-10-19T09:40:02
outSched,2020-10-21,2020-10-20T09:38:02
outSched,2020-10-22,2020-10-21T09:38:02
outSched,2020-10-23,2020-10-22T09:38:02
outSched,2020-10-24,2020-10-23T09:39:02
outSched,2020-10-25,2020-10-24T09:44:06
outSched,2020-10-26,2020-10-25T09:39:00
outSched,2020-10-27,2020-10-26T09:39:02
outSched,2020-10-28,2020-10-27T09:40:02
outSched,2020-10-29,2020-10-28T09:39:02
outSched,2020-10-30,2020-10-29T09:39:02
outSched,2020-10-31,2020-10-30T09:37:02
outSched,2020-11-01,2020-10-31T09:40:02
outSched,2020-11-02,2020-11-01T09:39:02
outSched,2020-11-03,2020-11-02T09:39:02
outSched,2020-11-04,2020-11-03T09:39:02
outSched,2020-11-05,2020-11-04T09:40:02
outSched,2020-11-06,2020-11-05T09:41:02
outSched,2020-11-07,2020-11-06T09:41:02
outSched,2020-11-08,2020-11-07T09:41:02
outSched,2020-11-09,2020-11-08T09:40:02
outSched,2020-11-10,2020-11-09T09:39:02
outSched,2020-11-11,2020-11-10T09:39:02
outSched,2020-11-12,2020-11-11T09:39:02
outSched,2020-11-13,2020-11-12T09:40:02
outSched,2020-11-14,2020-11-13T09:39:02
outSched,2020-11-15,2020-11-14T09:38:02
outSched,2020-11-16,2020-11-15T09:39:02
outSched,2020-11-17,2020-11-16T09:38:02
outSched,2020-11-18,2020-11-17T09:40:02
outSched,2020-11-19,2020-11-18T09:38:02
outSched,2020-11-20,2020-11-19T09:39:02
outSched,2020-11-21,2020-11-20T09:39:02
outSched,2020-11-22,2020-11-21T09:40:02
outSched,2020-11-23,2020-11-22T09:41:02
outSched,2020-11-24,2020-11-23T09:39:02
outSched,2020-11-25,2020-11-24T09:39:02
outSched,2020-11-26,2020-11-25T09:49:02
outSched,2020-11-27,2020-11-26T09:39:02
outSched,2020-11-28,2020-11-27T09:39:02
outSched,2020-11-29,2020-11-28T09:39:02
outSched,2020-11-30,2020-11-29T09:39:02
outSched,2020-12-01,2020-11-30T09:39:02
outSched,2020-12-02,2020-12-01T09:39:02
outSched,2020-12-03,2020-12-02T09:38:02
outSched,2020-12-04,2020-12-03T09:39:02
outSched,2020-12-05,2020-12-04T09:39:02
outSched,2020-12-06,2020-12-05T09:40:02
outSched,2020-12-07,2020-12-06T09:39:02
outSched,2020-12-08,2020-12-07T09:39:02
outSched,2020-12-09,2020-12-08T09:40:02
outSched,2020-12-10,2020-12-09T12:01:46
outSched,2020-12-11,2020-12-10T09:39:02
outSched,2020-12-12,2020-12-11T09:38:02
outSched,2020-12-13,2020-12-12T09:40:02
outSched,2020-12-14,2020-12-13T09:39:02
outSched,2020-12-15,2020-12-14T09:39:02
outSched,2020-12-16,2020-12-15T09:41:02
outSched,2020-12-17,2020-12-16T09:41:02
outSched,2020-12-18,2020-12-17T09:41:02
outSched,2020-12-19,2020-12-18T09:41:02
outSched,2020-12-20,2020-12-19T09:39:02
outSched,2020-12-21,2020-12-20T09:40:02
outSched,2020-12-22,2020-12-21T09:39:00
outSched,2020-12-23,2020-12-22T09:59:58
outSched,2020-12-24,2020-12-24T11:15:34
outSched,2020-12-25,2020-12-24T11:26:50
outSched,2020-12-26,2020-12-25T09:40:02
outSched,2020-12-27,2020-12-26T09:39:02
outSched,2020-12-28,2020-12-27T10:43:20
outSched,2020-12-29,2020-12-28T09:39:02
outSched,2020-12-30,2020-12-29T09:39:02
outSched,2020-12-31,2020-12-30T09:39:02
outSched,2021-01-01,2020-12-31T09:41:02
outSched,2021-01-02,2021-01-01T09:39:02
outSched,2021-01-03,2021-01-02T09:39:02
outSched,2021-01-04,2021-01-03T09:38:02
outSched,2021-01-05,2021-01-04T09:42:02
outSched,2021-01-06,2021-01-05T09:39:02
outSched,2021-01-07,2021-01-06T09:39:02
outSched,2021-01-08,2021-01-07T09:39:02
outSched,2021-01-09,2021-01-08T09:40:02
outSched,2021-01-10,2021-01-09T09:40:02
outSched,2021-01-11,2021-01-10T09:39:02
outSched,2021-01-12,2021-01-11T09:40:02
outSched,2021-01-13,2021-01-12T09:39:02
outSched,2021-01-14,2021-01-13T09:45:02
outSched,2021-01-15,2021-01-14T09:40:02
outSched,2021-01-16,2021-01-15T09:39:02
outSched,2021-01-17,2021-01-16T09:41:02
outSched,2021-01-18,2021-01-17T09:40:02
outSched,2021-01-19,2021-01-18T09:40:04
outSched,2021-01-20,2021-01-19T09:40:02
outSched,2021-01-21,2021-01-20T09:39:02
outSched,2021-01-22,2021-01-21T09:39:02
outSched,2021-01-23,2021-01-22T09:40:02
outSched,2021-01-24,2021-01-23T09:40:02
outSched,2021-01-25,2021-01-24T09:46:02
outSched,2021-01-26,2021-01-25T09:40:02
outSched,2021-01-27,2021-01-26T09:44:02
outSched,2021-01-28,2021-01-27T09:40:02
outSched,2021-01-29,2021-01-28T09:41:02
outSched,2021-01-30,2021-01-29T09:40:02
outSched,2021-01-31,2021-01-30T09:39:02
outSched,2021-02-01,2021-01-31T09:40:02
outSched,2021-02-02,2021-02-01T09:39:02
outSched,2021-02-03,2021-02-02T09:40:02
outSched,2021-02-04,2021-02-03T09:44:02
outSched,2021-02-05,2021-02-04T09:39:02
outSched,2021-02-06,2021-02-05T09:40:02
outSched,2021-02-07,2021-02-06T09:40:02
outSched,2021-02-08,2021-02-07T09:39:02
outSched,2021-02-09,2021-02-08T09:38:02
outSched,2021-02-10,2021-02-09T09:39:02
outSched,2021-02-11,2021-02-10T09:39:02
outSched,2021-02-12,2021-02-11T09:40:02
outSched,2021-02-13,2021-02-12T09:39:02
outSched,2021-02-14,2021-02-13T09:39:02
outSched,2021-02-15,2021-02-14T09:38:02
outSched,2021-02-16,2021-02-15T09:38:02
outSched,2021-02-17,2021-02-16T09:46:02
outSched,2021-02-18,2021-02-17T09:39:02
outSched,2021-02-19,2021-02-18T09:39:02
outSched,2021-02-20,2021-02-19T09:39:02
outSched,2021-02-21,2021-02-20T09:40:02
outSched,2021-02-22,2021-02-21T09:40:02
outSched,2021-02-23,2021-02-22T09:40:02
outSched,2021-02-24,2021-02-23T09:39:02
outSched,2021-02-25,2021-02-24T09:38:02
outSched,2021-02-26,2021-02-25T09:38:02
outSched,2021-02-27,2021-02-26T09:38:02
outSched,2021-02-28,2021-02-27T09:39:02
outSched,2021-03-01,2021-02-28T09:40:02
outSched,2021-03-02,2021-03-01T09:39:02
outSched,2021-03-03,2021-03-02T09:39:02
outSched,2021-03-04,2021-03-03T09:39:02
outSched,2021-03-05,2021-03-04T09:39:02
outSched,2021-03-06,2021-03-05T09:39:02
outSched,2021-03-07,2021-03-06T09:39:02
outSched,2021-03-08,2021-03-07T09:39:02
outSched,2021-03-09,2021-03-08T09:40:04
outSched,2021-03-10,2021-03-09T09:40:02
outSched,2021-03-11,2021-03-10T09:41:02
outSched,2021-03-12,2021-03-11T09:36:02
outSched,2021-03-13,2021-03-12T09:40:02
outSched,2021-03-14,2021-03-13T09:39:02
outSched,2021-03-15,2021-03-14T09:39:02
outSched,2021-03-16,2021-03-15T09:39:02
outSched,2021-03-17,2021-03-16T09:39:02
outSched,2021-03-18,2021-03-17T09:39:02
outSched,2021-03-19,2021-03-18T09:49:02
outSched,2021-03-20,2021-03-19T09:39:02
outSched,2021-03-21,2021-03-20T09:38:02
outSched,2021-03-22,2021-03-21T09:38:02
outSched,2021-03-23,2021-03-22T09:38:02
outSched,2021-03-24,2021-03-23T09:41:02
outSched,2021-03-25,2021-03-24T09:40:02
outSched,2021-03-26,2021-03-25T09:39:02
outSched,2021-03-27,2021-03-26T09:40:02
outSched,2021-03-28,2021-03-27T09:39:02
outSched,2021-03-29,2021-03-28T09:39:02
outSched,2021-03-30,2021-03-29T09:38:02
outSched,2021-03-31,2021-03-30T09:39:02
outSched,2021-04-01,2021-03-31T09:40:02
outSched,2021-04-02,2021-04-01T09:40:02
outSched,2021-04-03,2021-04-02T09:39:02
outSched,2021-04-04,2021-04-03T09:39:02
outSched,2021-04-05,2021-04-04T09:40:02
outSched,2021-04-06,2021-04-05T09:41:02
outSched,2021-04-07,2021-04-06T09:39:02
outSched,2021-04-08,2021-04-07T09:38:02
outSched,2021-04-09,2021-04-08T09:39:02
outSched,2021-04-10,2021-04-09T09:40:02
outSched,2021-04-11,2021-04-10T09:38:02
outSched,2021-04-12,2021-04-11T09:38:02
outSched,2021-04-13,2021-04-12T10:18:40
outSched,2021-04-14,2021-04-13T09:38:02
outSched,2021-04-15,2021-04-14T09:37:02
outSched,2021-04-16,2021-04-15T09:38:02
outSched,2021-04-17,2021-04-16T09:37:02
outSched,2021-04-18,2021-04-17T09:38:02
outSched,2021-04-19,2021-04-18T09:38:02
outSched,2021-04-20,2021-04-19T09:48:50
outSched,2021-04-21,2021-04-20T09:38:02
outSched,2021-04-22,2021-04-21T09:42:02
outSched,2021-04-23,2021-04-22T09:40:02
outSched,2021-04-24,2021-04-23T09:38:02
outSched,2021-04-25,2021-04-24T09:38:02
outSched,2021-04-26,2021-04-25T09:38:02
outSched,2021-04-27,2021-04-26T09:38:02
outSched,2021-04-28,2021-04-27T09:38:02
outSched,2021-04-29,2021-04-28T09:38:02
outSched,2021-04-30,2021-04-29T09:38:02
outSched,2021-05-01,2021-04-30T09:38:02
outSched,2021-05-02,2021-05-01T09:38:02
outSched,2021-05-03,2021-05-02T09:37:02
outSched,2021-05-04,2021-05-03T09:38:02
outSched,2021-05-05,2021-05-04T09:38:02
outSched,2021-05-06,2021-05-05T09:38:02
outSched,2021-05-07,2021-05-06T09:38:02
outSched,2021-05-08,2021-05-07T09:39:02
outSched,2021-05-09,2021-05-08T09:38:02
outSched,2021-05-10,2021-05-09T09:38:02
outSched,2021-05-11,2021-05-10T09:38:02
outSched,2021-05-12,2021-05-11T09:39:02
outSched,2021-05-13,2021-05-12T09:40:02
outSched,2021-05-14,2021-05-13T09:38:02
outSched,2021-05-15,2021-05-14T09:38:02
outSched,2021-05-16,2021-05-15T09:39:02
outSched,2021-05-17,2021-05-16T09:39:02
outSched,2021-05-18,2021-05-17T09:40:02
outSched,2021-05-19,2021-05-18T09:38:02
outSched,2021-05-20,2021-05-19T09:38:02
outSched,2021-05-21,2021-05-20T09:38:02
outSched,2021-05-22,2021-05-21T09:38:02
outSched,2021-05-23,2021-05-22T09:38:02
outSched,2021-05-24,2021-05-23T09:39:02
outSched,2021-05-25,2021-05-24T09:38:02
outSched,2021-05-26,2021-05-25T09:38:02
outSched,2021-05-27,2021-05-26T09:40:04
outSched,2021-05-28,2021-05-27T09:40:02
outSched,2021-05-29,2021-05-28T09:38:02
outSched,2021-05-30,2021-05-29T09:38:02
outSched,2021-05-31,2021-05-30T09:38:02
outSched,2021-06-01,2021-05-31T09:39:02
outSched,2021-06-02,2021-06-01T09:38:02
outSched,2021-06-03,2021-06-02T09:41:02
outSched,2021-06-04,2021-06-03T09:39:02
outSched,2021-06-05,2021-06-04T09:40:02
outSched,2021-06-06,2021-06-05T09:38:02
outSched,2021-06-07,2021-06-06T09:38:02
outSched,2021-06-08,2021-06-07T09:38:02
outSched,2021-06-09,2021-06-08T09:38:02
outSched,2021-06-10,2021-06-09T09:38:02
outSched,2021-06-11,2021-06-10T09:39:02
outSched,2021-06-12,2021-06-11T09:39:02
outSched,2021-06-13,2021-06-12T09:37:02
outSched,2021-06-14,2021-06-13T09:41:02
outSched,2021-06-15,2021-06-14T09:37:02
outSched,2021-06-16,2021-06-15T09:38:02
outSched,2021-06-17,2021-06-16T09:41:02
outSched,2021-06-18,2021-06-17T09:38:02
outSched,2021-06-19,2021-06-18T09:38:02
outSched,2021-06-20,2021-06-19T09:38:02
outSched,2021-06-21,2021-06-20T09:39:02
outSched,2021-06-22,2021-06-21T09:39:02
outSched,2021-06-23,2021-06-22T09:38:02
outSched,2021-06-24,2021-06-23T09:39:02
outSched,2021-06-25,2021-06-24T09:38:02
outSched,2021-06-26,2021-06-25T09:38:02
outSched,2021-06-27,2021-06-26T09:40:02
outSched,2021-06-28,2021-06-27T09:40:02
outSched,2021-06-29,2021-06-28T09:43:02
outSched,2021-06-30,2021-06-29T09:39:02
outSched,2021-07-01,2021-06-30T09:40:02
outSched,2021-07-02,2021-07-01T09:38:02
outSched,2021-07-03,2021-07-02T09:38:02
outSched,2021-07-04,2021-07-03T09:39:02
outSched,2021-07-05,2021-07-04T09:38:02
outSched,2021-07-06,2021-07-05T09:38:02
outSched,2021-07-07,2021-07-06T09:38:02
outSched,2021-07-08,2021-07-07T09:38:02
outSched,2021-07-09,2021-07-08T09:38:02
outSched,2021-07-10,2021-07-09T09:37:02
outSched,2021-07-11,2021-07-10T09:38:02
outSched,2021-07-12,2021-07-11T09:39:02
outSched,2021-07-13,2021-07-12T09:39:02
outSched,2021-07-14,2021-07-13T09:39:02
outSched,2021-07-15,2021-07-14T09:39:02
outSched,2021-07-16,2021-07-15T09:40:02
outSched,2021-07-17,2021-07-16T09:40:02
outSched,2021-07-18,2021-07-17T09:38:02
outSched,2021-07-19,2021-07-18T09:41:02
outSched,2021-07-20,2021-07-19T09:39:02
outSched,2021-07-21,2021-07-20T09:39:02
outSched,2021-07-22,2021-07-21T09:39:02
outSched,2021-07-23,2021-07-22T09:39:02
outSched,2021-07-24,2021-07-23T09:39:02
outSched,2021-07-25,2021-07-24T09:38:02
outSched,2021-07-26,2021-07-25T09:39:02
outSched,2021-07-27,2021-07-26T09:39:02
outSched,2021-07-28,2021-07-27T09:40:02
outSched,2021-07-29,2021-07-28T09:39:02
outSched,2021-07-30,2021-07-29T09:39:02
outSched,2021-07-31,2021-07-30T09:39:02
outSched,2021-08-01,2021-07-31T09:38:02
outSched,2021-08-02,2021-08-01T09:39:02
outSched,2021-08-03,2021-08-02T09:38:02
outSched,2021-08-04,2021-08-03T09:39:02
outSched,2021-08-05,2021-08-04T09:38:02
outSched,2021-08-06,2021-08-05T09:39:02
outSched,2021-08-07,2021-08-06T09:39:02
outSched,2021-08-08,2021-08-07T09:38:02
outSched,2021-08-09,2021-08-08T09:39:02
outSched,2021-08-10,2021-08-09T09:39:02
outSched,2021-08-11,2021-08-10T09:39:02
outSched,2021-08-12,2021-08-11T09:39:02
outSched,2021-08-13,2021-08-12T09:39:02
outSched,2021-08-14,2021-08-13T09:39:02
outSched,2021-08-15,2021-08-14T09:40:02
outSched,2021-08-16,2021-08-15T09:38:02
outSched,2021-08-17,2021-08-16T09:38:02
outSched,2021-08-18,2021-08-17T09:38:02
outSched,2021-08-19,2021-08-18T09:53:32
outSched,2021-08-20,2021-08-19T09:39:02
outSched,2021-08-21,2021-08-20T09:39:02
outSched,2021-08-22,2021-08-21T09:39:02
outSched,2021-08-23,2021-08-22T09:39:02
outSched,2021-08-24,2021-08-23T09:39:02
outSched,2021-08-25,2021-08-24T09:39:02
outSched,2021-08-26,2021-08-25T09:39:02
outSched,2021-08-27,2021-08-26T09:39:02
outSched,2021-08-28,2021-08-27T09:38:02
outSched,2021-08-29,2021-08-28T09:38:02
outSched,2021-08-30,2021-08-29T09:38:02
outSched,2021-08-31,2021-08-30T09:38:02
outSched,2021-09-01,2021-08-31T09:39:02
outSched,2021-09-02,2021-09-01T09:38:02
outSched,2021-09-03,2021-09-02T09:38:02
outSched,2021-09-04,2021-09-03T09:38:02
outSched,2021-09-05,2021-09-04T09:38:02
outSched,2021-09-06,2021-09-05T09:38:02
outSched,2021-09-07,2021-09-06T09:37:02
outSched,2021-09-08,2021-09-07T09:39:02
outSched,2021-09-09,2021-09-08T09:39:02
outSched,2021-09-10,2021-09-09T09:39:02
outSched,2021-09-11,2021-09-10T09:39:02
outSched,2021-09-12,2021-09-11T09:38:02
outSched,2021-09-13,2021-09-12T09:38:02
outSched,2021-09-14,2021-09-13T09:39:02
outSched,2021-09-15,2021-09-14T09:39:02
outSched,2021-09-16,2021-09-15T09:40:02
outSched,2021-09-17,2021-09-16T09:39:02
outSched,2021-09-18,2021-09-17T09:39:02
outSched,2021-09-19,2021-09-18T09:37:02
outSched,2021-09-20,2021-09-19T09:38:02
outSched,2021-09-21,2021-09-20T09:39:02
outSched,2021-09-22,2021-09-21T09:39:02
outSched,2021-09-23,2021-09-22T09:39:02
outSched,2021-09-24,2021-09-23T09:38:02
outSched,2021-09-25,2021-09-24T09:40:02
outSched,2021-09-26,2021-09-25T09:39:02
outSched,2021-09-27,2021-09-26T09:39:02
outSched,2021-09-28,2021-09-27T09:54:02
outSched,2021-09-29,2021-09-28T09:40:02
outSched,2021-09-30,2021-09-29T09:39:02
outSched,2021-10-01,2021-09-30T09:38:02
outSched,2021-10-02,2021-10-01T09:39:02
outSched,2021-10-03,2021-10-02T09:40:02
outSched,2021-10-04,2021-10-03T09:39:02
outSched,2021-10-05,2021-10-04T09:39:02
outSched,2021-10-06,2021-10-05T09:39:02
outSched,2021-10-07,2021-10-06T09:40:02
outSched,2021-10-08,2021-10-07T09:40:02
outSched,2021-10-09,2021-10-08T09:39:02
outSched,2021-10-10,2021-10-09T09:39:02
outSched,2021-10-11,2021-10-10T09:43:02
outSched,2021-10-12,2021-10-11T09:38:02
outSched,2021-10-13,2021-10-12T09:37:02
outSched,2021-10-14,2021-10-13T09:38:02
outSched,2021-10-15,2021-10-14T09:40:02
outSched,2021-10-16,2021-10-15T09:37:02
outSched,2021-10-17,2021-10-16T09:38:02
outSched,2021-10-18,2021-10-17T09:38:02
outSched,2021-10-19,2021-10-18T09:38:02
outSched,2021-10-20,2021-10-19T09:40:04
outSched,2021-10-21,2021-10-20T09:38:02
outSched,2021-10-22,2021-10-21T09:38:02
outSched,2021-10-23,2021-10-22T09:39:02
outSched,2021-10-24,2021-10-23T09:49:58
outSched,2021-10-25,2021-10-24T09:39:02
outSched,2021-10-26,2021-10-25T09:37:02
outSched,2021-10-27,2021-10-26T09:37:02
outSched,2021-10-28,2021-10-27T09:56:02
outSched,2021-10-29,2021-10-28T09:38:02
outSched,2021-10-30,2021-10-29T09:38:02
outSched,2021-10-31,2021-10-30T09:38:02
outSched,2021-11-01,2021-10-31T09:39:02
outSched,2021-11-02,2021-11-01T09:38:02
outSched,2021-11-03,2021-11-02T09:40:02
outSched,2021-11-04,2021-11-03T09:38:02
outSched,2021-11-05,2021-11-04T09:38:02
outSched,2021-11-06,2021-11-05T09:38:02
outSched,2021-11-07,2021-11-06T09:38:02
outSched,2021-11-08,2021-11-07T09:38:02
outSched,2021-11-09,2021-11-08T09:39:02
outSched,2021-11-10,2021-11-09T09:38:02
outSched,2021-11-11,2021-11-10T09:37:02
outSched,2021-11-12,2021-11-11T09:39:02
outSched,2021-11-13,2021-11-12T09:37:04
outSched,2021-11-14,2021-11-13T09:37:02
outSched,2021-11-15,2021-11-14T09:38:02
outSched,2021-11-16,2021-11-15T09:40:02
outSched,2021-11-17,2021-11-16T09:38:02
outSched,2021-11-18,2021-11-17T09:38:02
outSched,2021-11-19,2021-11-18T09:38:02
outSched,2021-11-20,2021-11-19T09:38:02
outSched,2021-11-21,2021-11-20T09:38:02
outSched,2021-11-22,2021-11-21T09:38:02
outSched,2021-11-23,2021-11-22T09:38:02
outSched,2021-11-24,2021-11-23T09:39:02
outSched,2021-11-25,2021-11-24T09:40:02
outSched,2021-11-26,2021-11-25T09:37:02
outSched,2021-11-27,2021-11-26T09:37:02
outSched,2021-11-28,2021-11-27T09:38:02
outSched,2021-11-29,2021-11-28T09:40:02
outSched,2021-11-30,2021-11-29T09:38:02
outSched,2021-12-01,2021-11-30T09:40:02
outSched,2021-12-02,2021-12-01T09:38:02
outSched,2021-12-03,2021-12-02T09:38:02
outSched,2021-12-04,2021-12-03T09:38:02
outSched,2021-12-05,2021-12-04T09:39:02
outSched,2021-12-06,2021-12-05T09:38:02
outSched,2021-12-07,2021-12-06T09:38:02
outSched,2021-12-08,2021-12-07T09:38:02
outSched,2021-12-09,2021-12-08T09:38:02
outSched,2021-12-10,2021-12-09T09:38:02
outSched,2021-12-11,2021-12-10T09:38:02
outSched,2021-12-12,2021-12-11T09:38:02
outSched,2021-12-13,2021-12-12T09:39:02
outSched,2021-12-14,2021-12-13T09:38:02
outSched,2021-12-15,2021-12-14T09:37:02
outSched,2021-12-16,2021-12-15T09:37:02
outSched,2021-12-17,2021-12-16T09:37:02
outSched,2021-12-18,2021-12-17T09:37:02
outSched,2021-12-19,2021-12-18T09:38:02
outSched,2021-12-20,2021-12-19T09:38:02
outSched,2021-12-21,2021-12-20T09:38:02
outSched,2021-12-22,2021-12-21T09:39:02
outSched,2021-12-23,2021-12-22T09:39:02
outSched,2021-12-24,2021-12-23T09:38:02
outSched,2021-12-25,2021-12-24T09:38:02
outSched,2021-12-26,2021-12-25T09:40:02
outSched,2021-12-27,2021-12-26T09:41:02
outSched,2021-12-28,2021-12-27T09:38:00
outSched,2021-12-29,2021-12-28T09:39:02
outSched,2021-12-30,2021-12-29T09:44:14
outSched,2021-12-31,2021-12-30T09:39:02
outSched,2022-01-01,2021-12-31T09:38:02
outSched,2022-01-02,2022-01-01T09:38:02
outSched,2022-01-03,2022-01-02T09:38:02
outSched,2022-01-04,2022-01-03T09:40:04
outSched,2022-01-05,2022-01-04T09:38:02
outSched,2022-01-06,2022-01-05T09:38:02
outSched,2022-01-07,2022-01-06T09:39:02
outSched,2022-01-08,2022-01-07T09:38:02
outSched,2022-01-09,2022-01-08T09:38:02
outSched,2022-01-10,2022-01-09T09:39:02
outSched,2022-01-11,2022-01-10T09:39:02
outSched,2022-01-12,2022-01-11T09:38:02
outSched,2022-01-13,2022-01-12T09:39:02
outSched,2022-01-14,2022-01-13T09:41:02
outSched,2022-01-15,2022-01-14T09:39:02
outSched,2022-01-16,2022-01-15T09:38:02
outSched,2022-01-17,2022-01-16T09:40:02
outSched,2022-01-18,2022-01-17T09:40:02
outSched,2022-01-19,2022-01-18T09:39:02
outSched,2022-01-20,2022-01-19T09:38:02
outSched,2022-01-21,2022-01-20T09:38:02
outSched,2022-01-22,2022-01-21T09:41:02
outSched,2022-01-23,2022-01-22T09:38:02
outSched,2022-01-24,2022-01-23T09:38:02
outSched,2022-01-25,2022-01-24T09:38:02
outSched,2022-01-26,2022-01-25T09:38:02
outSched,2022-01-27,2022-01-26T09:38:02
outSched,2022-01-28,2022-01-27T09:38:02
outSched,2022-01-29,2022-01-28T09:39:02
outSched,2022-01-30,2022-01-29T09:38:02
outSched,2022-01-31,2022-01-30T09:38:02
outSched,2022-02-01,2022-01-31T09:39:02
outSched,2022-02-02,2022-02-01T09:39:02
outSched,2022-02-03,2022-02-02T09:39:02
outSched,2022-02-04,2022-02-03T09:38:02
outSched,2022-02-05,2022-02-04T09:39:02
outSched,2022-02-06,2022-02-05T09:38:02
outSched,2022-02-07,2022-02-06T09:38:02
outSched,2022-02-08,2022-02-07T09:39:02
outSched,2022-02-09,2022-02-08T09:39:02
outSched,2022-02-10,2022-02-09T09:38:02
outSched,2022-02-11,2022-02-10T09:38:02
outSched,2022-02-12,2022-02-11T09:38:02
outSched,2022-02-13,2022-02-12T09:41:02
outSched,2022-02-14,2022-02-13T09:39:02
outSched,2022-02-15,2022-02-14T09:39:02
outSched,2022-02-16,2022-02-15T09:39:02
outSched,2022-02-17,2022-02-16T09:38:02
outSched,2022-02-18,2022-02-17T09:39:02
outSched,2022-02-19,2022-02-18T09:38:02
outSched,2022-02-20,2022-02-19T09:38:02
outSched,2022-02-21,2022-02-20T09:38:02
outSched,2022-02-22,2022-02-21T09:39:02
outSched,2022-02-23,2022-02-22T09:38:02
outSched,2022-02-24,2022-02-23T09:38:02
outSched,2022-02-25,2022-02-24T09:40:02
outSched,2022-02-26,2022-02-25T09:41:02
outSched,2022-02-27,2022-02-26T09:38:02
outSched,2022-02-28,2022-02-27T09:39:02
outSched,2022-03-01,2022-02-28T09:40:02
outSched,2022-03-02,2022-03-01T09:38:02
outSched,2022-03-03,2022-03-02T09:39:02
outSched,2022-03-04,2022-03-03T09:39:02
outSched,2022-03-05,2022-03-04T09:38:02
outSched,2022-03-06,2022-03-05T09:38:02
outSched,2022-03-07,2022-03-06T09:38:02
outSched,2022-03-08,2022-03-07T09:38:02
outSched,2022-03-09,2022-03-08T09:38:02
outSched,2022-03-10,2022-03-09T09:37:02
outSched,2022-03-11,2022-03-10T09:37:02
outSched,2022-03-12,2022-03-11T09:37:02
outSched,2022-03-13,2022-03-12T09:38:02
outSched,2022-03-14,2022-03-13T11:05:02
outSched,2022-03-15,2022-03-14T09:38:02
outSched,2022-03-16,2022-03-15T09:38:02
outSched,2022-03-17,2022-03-16T09:38:00
outSched,2022-03-18,2022-03-17T09:38:00
outSched,2022-03-19,2022-03-18T09:37:00
outSched,2022-03-20,2022-03-19T09:40:00
outSched,2022-03-21,2022-03-20T09:38:00
outSched,2022-03-22,2022-03-21T09:38:00
outSched,2022-03-23,2022-03-22T09:38:00
outSched,2022-03-24,2022-03-23T09:39:00
outSched,2022-03-25,2022-03-24T09:38:00
outSched,2022-03-26,2022-03-25T09:39:00
outSched,2022-03-27,2022-03-26T09:39:00
outSched,2022-03-28,2022-03-27T09:39:00
outSched,2022-03-29,2022-03-28T09:38:00
outSched,2022-03-30,2022-03-29T09:39:00
outSched,2022-03-31,2022-03-30T09:39:00
outSched,2022-04-01,2022-03-31T09:39:00
outSched,2022-04-02,2022-04-01T09:39:00
outSched,2022-04-03,2022-04-02T09:37:00
outSched,2022-04-04,2022-04-03T09:38:00
outSched,2022-04-05,2022-04-04T09:38:02
outSched,2022-04-06,2022-04-05T09:39:00
outSched,2022-04-07,2022-04-06T09:39:00
outSched,2022-04-08,2022-04-07T09:38:00
outSched,2022-04-09,2022-04-08T09:38:00
outSched,2022-04-10,2022-04-09T09:38:00
outSched,2022-04-11,2022-04-10T09:38:00
outSched,2022-04-12,2022-04-11T09:38:00
outSched,2022-04-13,2022-04-12T09:38:00
outSched,2022-04-14,2022-04-13T09:39:00
outSched,2022-04-15,2022-04-14T09:38:00
outSched,2022-04-16,2022-04-15T09:40:00
outSched,2022-04-17,2022-04-16T09:38:00
outSched,2022-04-18,2022-04-17T09:37:00
outSched,2022-04-19,2022-04-18T09:38:00
outSched,2022-04-20,2022-04-19T09:38:00
outSched,2022-04-21,2022-04-20T10:14:00
outSched,2022-04-22,2022-04-21T09:37:00
outSched,2022-04-23,2022-04-22T09:37:00
outSched,2022-04-24,2022-04-23T09:38:00
outSched,2022-04-25,2022-04-24T09:39:00
outSched,2022-04-26,2022-04-25T09:38:00
outSched,2022-04-27,2022-04-26T09:39:00
outSched,2022-04-28,2022-04-27T09:38:00
outSched,2022-04-29,2022-04-28T09:38:02
outSched,2022-04-30,2022-04-29T09:38:00
outSched,2022-05-01,2022-04-30T09:38:00
outSched,2022-05-02,2022-05-01T09:38:00
outSched,2022-05-03,2022-05-02T09:39:00
outSched,2022-05-04,2022-05-03T09:38:00
outSched,2022-05-05,2022-05-04T09:38:00
outSched,2022-05-06,2022-05-05T09:38:00
outSched,2022-05-07,2022-05-06T09:38:00
outSched,2022-05-08,2022-05-07T09:38:00
outSched,2022-05-09,2022-05-08T09:38:00
outSched,2022-05-10,2022-05-09T09:39:00
outSched,2022-05-11,2022-05-10T09:38:00
outSched,2022-05-12,2022-05-11T09:39:00
outSched,2022-05-13,2022-05-12T09:38:00
outSched,2022-05-14,2022-05-13T09:38:00
outSched,2022-05-15,2022-05-14T09:39:00
outSched,2022-05-16,2022-05-15T09:38:00
outSched,2022-05-17,2022-05-16T09:37:00
outSched,2022-05-18,2022-05-17T09:38:00
outSched,2022-05-19,2022-05-18T09:38:00
outSched,2022-05-20,2022-05-19T09:38:00
outSched,2022-05-21,2022-05-20T09:39:00
outSched,2022-05-22,2022-05-21T09:38:00
outSched,2022-05-23,2022-05-22T09:39:00
outSched,2022-05-24,2022-05-23T09:38:00
outSched,2022-05-25,2022-05-24T09:38:00
outSched,2022-05-26,2022-05-25T09:38:00
outSched,2022-05-27,2022-05-26T09:38:00
outSched,2022-05-28,2022-05-27T09:38:00
outSched,2022-05-29,2022-05-28T09:38:00
outSched,2022-05-30,2022-05-29T09:38:00
outSched,2022-05-31,2022-05-30T09:39:00
outSched,2022-06-01,2022-05-31T09:39:00
outSched,2022-06-02,2022-06-01T09:38:00
outSched,2022-06-03,2022-06-02T09:39:00
outSched,2022-06-04,2022-06-03T09:39:00
outSched,2022-06-05,2022-06-04T09:38:00
outSched,2022-06-06,2022-06-05T09:38:00
outSched,2022-06-07,2022-06-06T09:38:00
outSched,2022-06-08,2022-06-07T09:38:00
outSched,2022-06-09,2022-06-08T09:38:00
outSched,2022-06-10,2022-06-09T09:39:00
outSched,2022-06-11,2022-06-10T09:38:00
outSched,2022-06-12,2022-06-11T09:38:00
outSched,2022-06-13,2022-06-12T09:39:00
outSched,2022-06-14,2022-06-13T09:39:00
outSched,2022-06-15,2022-06-14T09:38:00
outSched,2022-06-16,2022-06-15T09:38:00
outSched,2022-06-17,2022-06-16T09:39:00
outSched,2022-06-18,2022-06-17T09:38:00
outSched,2022-06-19,2022-06-18T09:38:00
outSched,2022-06-20,2022-06-19T09:38:00
outSched,2022-06-21,2022-06-20T09:38:00
outSched,2022-06-22,2022-06-21T09:39:00
outSched,2022-06-23,2022-06-22T09:38:00
outSched,2022-06-24,2022-06-23T09:39:00
outSched,2022-06-25,2022-06-24T09:39:00
outSched,2022-06-26,2022-06-25T09:38:00
outSched,2022-06-27,2022-06-26T09:40:02
outSched,2022-06-28,2022-06-27T09:38:00
outSched,2022-06-29,2022-06-28T09:40:02
outSched,2022-06-30,2022-06-29T09:38:00
outSched,2022-07-01,2022-06-30T09:39:00
outSched,2022-07-02,2022-07-01T09:41:00
outSched,2022-07-03,2022-07-02T09:39:00
outSched,2022-07-04,2022-07-03T09:39:00
outSched,2022-07-05,2022-07-04T09:39:00
outSched,2022-07-06,2022-07-05T09:39:00
outSched,2022-07-07,2022-07-06T09:39:00
outSched,2022-07-08,2022-07-07T09:39:00
outSched,2022-07-09,2022-07-08T09:39:00
outSched,2022-07-10,2022-07-09T09:40:00
outSched,2022-07-11,2022-07-10T09:39:00
outSched,2022-07-12,2022-07-11T09:40:02
outSched,2022-07-13,2022-07-12T09:39:00
outSched,2022-07-14,2022-07-13T09:39:00
outSched,2022-07-15,2022-07-14T09:39:00
outSched,2022-07-16,2022-07-15T09:38:00
outSched,2022-07-17,2022-07-16T09:39:00
outSched,2022-07-18,2022-07-17T09:42:00
outSched,2022-07-19,2022-07-18T09:44:04
outSched,2022-07-20,2022-07-19T09:39:00
outSched,2022-07-21,2022-07-20T09:38:00
outSched,2022-07-22,2022-07-21T09:38:00
outSched,2022-07-23,2022-07-22T09:39:00
outSched,2022-07-24,2022-07-23T09:39:00
outSched,2022-07-25,2022-07-24T09:39:00
outSched,2022-07-26,2022-07-25T09:39:00
outSched,2022-07-27,2022-07-26T09:39:00
outSched,2022-07-28,2022-07-27T09:39:00
outSched,2022-07-29,2022-07-28T09:40:00
outSched,2022-07-30,2022-07-29T09:39:00
outSched,2022-07-31,2022-07-30T09:38:00
outSched,2022-08-01,2022-07-31T09:39:00
outSched,2022-08-02,2022-08-01T09:39:00
outSched,2022-08-03,2022-08-02T09:38:02
outSched,2022-08-04,2022-08-03T09:42:58
outSched,2022-08-05,2022-08-04T09:39:00
outSched,2022-08-06,2022-08-05T09:39:00
outSched,2022-08-07,2022-08-06T09:38:00
outSched,2022-08-08,2022-08-07T09:39:00
outSched,2022-08-09,2022-08-08T09:38:00
outSched,2022-08-10,2022-08-09T09:39:00
outSched,2022-08-11,2022-08-10T09:39:00
outSched,2022-08-12,2022-08-11T09:39:00
outSched,2022-08-13,2022-08-12T09:39:00
outSched,2022-08-14,2022-08-13T09:39:00
outSched,2022-08-15,2022-08-14T09:39:02
outSched,2022-08-16,2022-08-15T09:38:00
outSched,2022-08-17,2022-08-16T09:38:00
outSched,2022-08-18,2022-08-17T09:39:00
outSched,2022-08-19,2022-08-18T09:39:00
outSched,2022-08-20,2022-08-19T09:42:02
outSched,2022-08-21,2022-08-20T09:39:00
outSched,2022-08-22,2022-08-21T09:39:02
outSched,2022-08-23,2022-08-22T09:39:00
outSched,2022-08-24,2022-08-23T09:39:00
outSched,2022-08-25,2022-08-24T09:39:00
outSched,2022-08-26,2022-08-25T09:39:00
outSched,2022-08-27,2022-08-26T09:38:00
outSched,2022-08-28,2022-08-27T09:38:00
outSched,2022-08-29,2022-08-28T09:39:00
outSched,2022-08-30,2022-08-29T09:39:02
outSched,2022-08-31,2022-08-30T09:41:00
outSched,2022-09-01,2022-08-31T09:39:00
outSched,2022-09-02,2022-09-01T09:39:00
outSched,2022-09-03,2022-09-02T09:39:00
outSched,2022-09-04,2022-09-03T09:38:00
outSched,2022-09-05,2022-09-04T09:38:00
outSched,2022-09-06,2022-09-05T09:39:00
outSched,2022-09-07,2022-09-06T09:38:00
outSched,2022-09-08,2022-09-07T09:38:00
outSched,2022-09-09,2022-09-08T09:38:00
outSched,2022-09-10,2022-09-09T09:39:00
outSched,2022-09-11,2022-09-10T09:38:00
outSched,2022-09-12,2022-09-11T09:39:00
outSched,2022-09-13,2022-09-12T09:38:02
outSched,2022-09-14,2022-09-13T09:38:00
outSched,2022-09-15,2022-09-14T09:39:00
outSched,2022-09-16,2022-09-15T09:38:00
outSched,2022-09-17,2022-09-16T09:38:00
outSched,2022-09-18,2022-09-17T09:38:00
outSched,2022-09-19,2022-09-18T09:39:00
outSched,2022-09-20,2022-09-19T09:38:00
outSched,2022-09-21,2022-09-20T09:39:00
outSched,2022-09-22,2022-09-21T09:39:00
outSched,2022-09-23,2022-09-22T09:39:00
outSched,2022-09-24,2022-09-23T09:38:00
outSched,2022-09-25,2022-09-24T09:38:00
outSched,2022-09-26,2022-09-25T09:38:00
outSched,2022-09-27,2022-09-26T09:38:00
outSched,2022-09-28,2022-09-27T09:37:00
outSched,2022-09-29,2022-09-28T09:38:02
outSched,2022-09-30,2022-09-29T09:38:00
outSched,2022-10-01,2022-09-30T09:38:00
outSched,2022-10-02,2022-10-01T09:38:00
outSched,2022-10-03,2022-10-02T09:38:00
outSched,2022-10-04,2022-10-03T09:38:00
outSched,2022-10-05,2022-10-04T09:37:00
outSched,2022-10-06,2022-10-05T09:37:04
outSched,2022-10-07,2022-10-06T09:37:00
outSched,2022-10-08,2022-10-07T09:37:00
outSched,2022-10-09,2022-10-08T09:38:00
outSched,2022-10-10,2022-10-09T09:38:00
outSched,2022-10-11,2022-10-10T09:38:00
outSched,2022-10-12,2022-10-11T09:37:02
outSched,2022-10-13,2022-10-12T09:38:02
outSched,2022-10-14,2022-10-13T09:37:04
outSched,2022-10-15,2022-10-14T09:38:00
outSched,2022-10-16,2022-10-15T09:38:00
outSched,2022-10-17,2022-10-16T09:38:00
outSched,2022-10-18,2022-10-17T09:39:00
outSched,2022-10-19,2022-10-18T09:38:00
outSched,2022-10-20,2022-10-19T09:38:00
outSched,2022-10-21,2022-10-20T09:38:00
outSched,2022-10-22,2022-10-21T09:38:00
outSched,2022-10-23,2022-10-22T09:38:00
outSched,2022-10-24,2022-10-23T09:38:00
outSched,2022-10-25,2022-10-24T09:38:00
outSched,2022-10-26,2022-10-25T09:38:00
outSched,2022-10-27,2022-10-26T09:38:00
outSched,2022-10-28,2022-10-27T09:38:02
outSched,2022-10-29,2022-10-28T09:38:00
outSched,2022-10-30,2022-10-29T09:38:00
outSched,2022-10-31,2022-10-30T09:38:00
outSched,2022-11-01,2022-10-31T09:37:02
outSched,2022-11-02,2022-11-01T09:38:02
outSched,2022-11-03,2022-11-02T09:38:00
outSched,2022-11-04,2022-11-03T09:39:00
outSched,2022-11-05,2022-11-04T09:38:00
outSched,2022-11-06,2022-11-05T09:38:00
outSched,2022-11-07,2022-11-06T09:39:00
outSched,2022-11-08,2022-11-07T09:38:00
outSched,2022-11-09,2022-11-08T09:38:00
outSched,2022-11-10,2022-11-09T09:38:06
outSched,2022-11-11,2022-11-10T09:38:00
outSched,2022-11-12,2022-11-11T09:37:00
outSched,2022-11-13,2022-11-12T09:38:00
outSched,2022-11-14,2022-11-13T09:39:00
outSched,2022-11-15,2022-11-14T09:38:00
outSched,2022-11-16,2022-11-15T09:37:00
outSched,2022-11-17,2022-11-16T09:37:02
outSched,2022-11-18,2022-11-17T09:49:58
outSched,2022-11-19,2022-11-18T09:38:00
outSched,2022-11-20,2022-11-19T09:38:00
outSched,2022-11-21,2022-11-20T09:39:00
outSched,2022-11-22,2022-11-21T09:38:00
outSched,2022-11-23,2022-11-22T09:38:00
outSched,2022-11-24,2022-11-23T09:39:00
outSched,2022-11-25,2022-11-24T09:38:00
outSched,2022-11-26,2022-11-25T09:37:00
outSched,2022-11-27,2022-11-26T09:38:00
outSched,2022-11-28,2022-11-27T09:39:00
outSched,2022-11-29,2022-11-28T09:38:00
outSched,2022-11-30,2022-11-29T09:38:00
outSched,2022-12-01,2022-11-30T09:38:02
outSched,2022-12-02,2022-12-01T09:38:00
outSched,2022-12-03,2022-12-02T09:38:00
outSched,2022-12-04,2022-12-03T09:38:02
outSched,2022-12-05,2022-12-04T09:38:00
outSched,2022-12-06,2022-12-05T09:38:00
outSched,2022-12-07,2022-12-06T09:39:00
outSched,2022-12-08,2022-12-07T09:38:00
outSched,2022-12-09,2022-12-08T09:38:00
outSched,2022-12-10,2022-12-09T09:38:00
outSched,2022-12-11,2022-12-10T09:38:00
outSched,2022-12-12,2022-12-11T09:39:00
outSched,2022-12-13,2022-12-12T09:38:00
outSched,2022-12-14,2022-12-13T09:39:00
outSched,2022-12-15,2022-12-14T09:39:00
outSched,2022-12-16,2022-12-15T09:39:00
outSched,2022-12-17,2022-12-16T09:38:00
outSched,2022-12-18,2022-12-17T09:38:00
outSched,2022-12-19,2022-12-18T09:39:00
outSched,2022-12-20,2022-12-19T09:38:00
outSched,2022-12-21,2022-12-20T09:38:00
outSched,2022-12-22,2022-12-21T09:38:00
outSched,2022-12-23,2022-12-22T09:37:02
outSched,2022-12-24,2022-12-23T09:40:02
outSched,2022-12-25,2022-12-24T09:38:00
outSched,2022-12-26,2022-12-25T09:38:00
outSched,2022-12-27,2022-12-26T09:38:02
outSched,2022-12-28,2022-12-27T09:39:00
outSched,2022-12-29,2022-12-28T09:37:02
outSched,2022-12-30,2022-12-29T09:38:00
outSched,2022-12-31,2022-12-30T09:38:00
outSched,2023-01-01,2022-12-31T09:38:02
outSched,2023-01-02,2023-01-01T09:38:00
outSched,2023-01-03,2023-01-02T09:38:00
outSched,2023-01-04,2023-01-03T09:37:00
outSched,2023-01-05,2023-01-04T09:37:00
outSched,2023-01-06,2023-01-05T09:39:00
outSched,2023-01-07,2023-01-06T09:37:00
outSched,2023-01-08,2023-01-07T09:38:00
outSched,2023-01-09,2023-01-08T09:38:00
outSched,2023-01-10,2023-01-09T09:38:00
outSched,2023-01-11,2023-01-10T09:38:00
outSched,2023-01-12,2023-01-11T09:38:00
outSched,2023-01-13,2023-01-12T09:38:00
outSched,2023-01-14,2023-01-13T09:37:02
outSched,2023-01-15,2023-01-14T09:37:00
outSched,2023-01-16,2023-01-15T09:38:00
outSched,2023-01-17,2023-01-16T09:37:00
outSched,2023-01-18,2023-01-17T09:37:00
outSched,2023-01-19,2023-01-18T09:38:00
outSched,2023-01-20,2023-01-19T09:42:00
outSched,2023-01-21,2023-01-20T09:39:00
outSched,2023-01-22,2023-01-21T09:38:00
outSched,2023-01-23,2023-01-22T09:38:02
outSched,2023-01-24,2023-01-23T09:38:00
outSched,2023-01-25,2023-01-24T09:39:00
outSched,2023-01-26,2023-01-25T09:38:02
outSched,2023-01-27,2023-01-26T09:55:02
outSched,2023-01-28,2023-01-27T09:39:00
outSched,2023-01-29,2023-01-28T09:39:00
outSched,2023-01-30,2023-01-29T09:38:00
outSched,2023-01-31,2023-01-30T09:39:00
outSched,2023-02-01,2023-01-31T09:38:00
outSched,2023-02-02,2023-02-01T09:38:00
outSched,2023-02-03,2023-02-02T09:38:00
outSched,2023-02-04,2023-02-03T09:38:02
outSched,2023-02-05,2023-02-04T09:39:00
outSched,2023-02-06,2023-02-05T09:38:00
outSched,2023-02-07,2023-02-06T09:38:00
outSched,2023-02-08,2023-02-07T09:37:00
outSched,2023-02-09,2023-02-08T09:37:00
outSched,2023-02-10,2023-02-09T09:38:00
outSched,2023-02-11,2023-02-10T09:37:00
outSched,2023-02-12,2023-02-11T09:37:02
outSched,2023-02-13,2023-02-12T09:38:00
outSched,2023-02-14,2023-02-13T09:37:02
outSched,2023-02-15,2023-02-14T09:37:00
outSched,2023-02-16,2023-02-15T09:37:00
outSched,2023-02-17,2023-02-16T09:38:04
outSched,2023-02-18,2023-02-17T09:37:00
outSched,2023-02-19,2023-02-18T09:38:00
outSched,2023-02-20,2023-02-19T09:39:00
outSched,2023-02-21,2023-02-20T09:38:00
outSched,2023-02-22,2023-02-21T09:38:00
outSched,2023-02-23,2023-02-22T09:38:00
outSched,2023-02-24,2023-02-23T09:39:00
outSched,2023-02-25,2023-02-24T09:39:00
outSched,2023-02-26,2023-02-25T09:38:00
outSched,2023-02-27,2023-02-26T09:43:36
outSched,2023-02-28,2023-02-27T09:38:00
outSched,2023-03-01,2023-02-28T09:38:00
outSched,2023-03-02,2023-03-01T09:38:00
outSched,2023-03-03,2023-03-02T09:51:28
outSched,2023-03-04,2023-03-03T09:38:00
outSched,2023-03-05,2023-03-04T09:38:00
outSched,2023-03-06,2023-03-05T09:38:00
outSched,2023-03-07,2023-03-06T09:37:00
outSched,2023-03-08,2023-03-07T09:38:00
outSched,2023-03-09,2023-03-08T09:38:00
outSched,2023-03-10,2023-03-09T09:37:02
outSched,2023-03-11,2023-03-10T09:38:00
outSched,2023-03-12,2023-03-11T09:38:00
outSched,2023-03-13,2023-03-12T09:37:00
outSched,2023-03-14,2023-03-13T09:38:00
outSched,2023-03-15,2023-03-14T09:37:00
outSched,2023-03-16,2023-03-15T09:37:00
outSched,2023-03-17,2023-03-16T09:38:00
outSched,2023-03-18,2023-03-17T09:37:02
outSched,2023-03-19,2023-03-18T09:38:00
outSched,2023-03-20,2023-03-19T09:38:00
outSched,2023-03-21,2023-03-20T09:38:00
outSched,2023-03-22,2023-03-21T09:38:00
outSched,2023-03-23,2023-03-22T09:38:02
outSched,2023-03-24,2023-03-23T09:37:00
outSched,2023-03-25,2023-03-24T09:37:00
outSched,2023-03-26,2023-03-25T09:38:00
outSched,2023-03-27,2023-03-26T09:38:00
outSched,2023-03-28,2023-03-27T09:38:02
outSched,2023-03-29,2023-03-28T09:38:00
outSched,2023-03-30,2023-03-29T09:38:00
outSched,2023-03-31,2023-03-30T09:38:00
outSched,2023-04-01,2023-03-31T09:38:00
outSched,2023-04-02,2023-04-01T09:38:00
outSched,2023-04-03,2023-04-02T09:38:00
outSched,2023-04-04,2023-04-03T09:38:00
outSched,2023-04-05,2023-04-04T09:37:00
outSched,2023-04-06,2023-04-05T09:38:00
outSched,2023-04-07,2023-04-06T09:37:02
outSched,2023-04-08,2023-04-07T09:37:02
outSched,2023-04-09,2023-04-08T09:37:00
outSched,2023-04-10,2023-04-09T09:37:00
outSched,2023-04-11,2023-04-10T09:37:02
outSched,2023-04-12,2023-04-11T09:38:02
outSched,2023-04-13,2023-04-12T09:45:50
outSched,2023-04-14,2023-04-13T09:38:00
outSched,2023-04-15,2023-04-14T09:38:00
outSched,2023-04-16,2023-04-15T09:37:00
outSched,2023-04-17,2023-04-16T09:38:02
outSched,2023-04-18,2023-04-17T09:37:00
outSched,2023-04-19,2023-04-18T09:46:00
outSched,2023-04-20,2023-04-19T09:40:02
outSched,2023-04-21,2023-04-20T09:37:00
outSched,2023-04-22,2023-04-21T09:46:16
outSched,2023-04-23,2023-04-22T09:38:00
outSched,2023-04-24,2023-04-23T09:38:00
outSched,2023-04-25,2023-04-24T09:37:00
outSched,2023-04-26,2023-04-25T09:37:02
outSched,2023-04-27,2023-04-26T09:37:00
outSched,2023-04-28,2023-04-27T09:37:00
outSched,2023-04-29,2023-04-28T09:37:00
outSched,2023-04-30,2023-04-29T09:38:02
outSched,2023-05-01,2023-04-30T09:38:00
outSched,2023-05-02,2023-05-01T09:38:02
outSched,2023-05-03,2023-05-02T09:38:00
outSched,2023-05-04,2023-05-03T09:37:02
outSched,2023-05-05,2023-05-04T09:38:00
outSched,2023-05-06,2023-05-05T09:37:02
outSched,2023-05-07,2023-05-06T09:38:02
outSched,2023-05-08,2023-05-07T09:38:00
outSched,2023-05-09,2023-05-08T09:38:02
outSched,2023-05-10,2023-05-09T09:38:02
outSched,2023-05-11,2023-05-10T09:38:00
outSched,2023-05-12,2023-05-11T09:38:00
outSched,2023-05-13,2023-05-12T09:39:00
outSched,2023-05-14,2023-05-13T09:38:00
outSched,2023-05-15,2023-05-14T09:38:00
outSched,2023-05-16,2023-05-15T09:38:02
outSched,2023-05-17,2023-05-16T09:38:00
outSched,2023-05-18,2023-05-17T09:38:00
outSched,2023-05-19,2023-05-18T09:38:00
outSched,2023-05-20,2023-05-19T09:38:00
outSched,2023-05-21,2023-05-20T09:37:00
outSched,2023-05-22,2023-05-21T09:38:00
outSched,2023-05-23,2023-05-22T09:37:00
outSched,2023-05-24,2023-05-23T09:38:00
outSched,2023-05-25,2023-05-24T09:38:00
outSched,2023-05-26,2023-05-25T09:38:00
outSched,2023-05-27,2023-05-26T09:38:00
outSched,2023-05-28,2023-05-27T09:38:00
outSched,2023-05-29,2023-05-28T09:38:00
outSched,2023-05-30,2023-05-29T09:38:00
outSched,2023-05-31,2023-05-30T09:38:00
outSched,2023-06-01,2023-05-31T09:38:00
outSched,2023-06-02,2023-06-01T09:38:00
outSched,2023-06-03,2023-06-02T09:39:00
outSched,2023-06-04,2023-06-03T09:39:00
outSched,2023-06-05,2023-06-04T10:28:00
outSched,2023-06-06,2023-06-05T09:37:00
outSched,2023-06-07,2023-06-06T09:37:00
outSched,2023-06-08,2023-06-07T09:48:58
outSched,2023-06-09,2023-06-08T09:38:02
outSched,2023-06-10,2023-06-09T09:37:00
outSched,2023-06-11,2023-06-10T09:38:00
outSched,2023-06-12,2023-06-11T09:38:00
outSched,2023-06-13,2023-06-12T09:38:00
outSched,2023-06-14,2023-06-13T09:37:00
outSched,2023-06-15,2023-06-14T09:37:02
outSched,2023-06-16,2023-06-15T09:37:00
outSched,2023-06-17,2023-06-16T09:37:00
outSched,2023-06-18,2023-06-17T09:38:00
outSched,2023-06-19,2023-06-18T09:38:00
outSched,2023-06-20,2023-06-19T09:38:00
outSched,2023-06-21,2023-06-20T09:37:02
outSched,2023-06-22,2023-06-21T09:37:00
outSched,2023-06-23,2023-06-22T09:38:00
outSched,2023-06-24,2023-06-23T09:38:00
outSched,2023-06-25,2023-06-24T09:38:00
outSched,2023-06-26,2023-06-25T09:38:00
outSched,2023-06-27,2023-06-26T09:38:00
outSched,2023-06-28,2023-06-27T09:37:00
outSched,2023-06-29,2023-06-28T09:37:00
outSched,2023-06-30,2023-06-29T09:38:00
outSched,2023-07-01,2023-06-30T09:38:00
outSched,2023-07-02,2023-07-01T09:37:02
outSched,2023-07-03,2023-07-02T09:37:02
outSched,2023-07-04,2023-07-03T09:37:02
outSched,2023-07-05,2023-07-04T09:38:00
outSched,2023-07-06,2023-07-05T09:38:00
outSched,2023-07-07,2023-07-06T09:38:00
outSched,2023-07-08,2023-07-07T09:38:00
outSched,2023-07-09,2023-07-08T09:37:06
outSched,2023-07-10,2023-07-09T09:37:00
outSched,2023-07-11,2023-07-10T09:37:02
outSched,2023-07-12,2023-07-11T09:38:00
outSched,2023-07-13,2023-07-12T09:48:02
outSched,2023-07-14,2023-07-13T09:38:04
outSched,2023-07-15,2023-07-14T09:38:02
outSched,2023-07-16,2023-07-15T09:38:02
outSched,2023-07-17,2023-07-16T09:38:00
outSched,2023-07-18,2023-07-17T09:38:00
outSched,2023-07-19,2023-07-18T09:40:00
outSched,2023-07-20,2023-07-19T09:37:00
outSched,2023-07-21,2023-07-20T09:37:02
outSched,2023-07-22,2023-07-21T09:37:00
outSched,2023-07-23,2023-07-22T09:39:00
outSched,2023-07-24,2023-07-23T09:37:00
outSched,2023-07-25,2023-07-24T09:37:00
outSched,2023-07-26,2023-07-25T09:37:02
outSched,2023-07-27,2023-07-26T09:38:02
outSched,2023-07-28,2023-07-27T09:37:02
outSched,2023-07-29,2023-07-28T09:38:00
outSched,2023-07-30,2023-07-29T09:37:00
outSched,2023-07-31,2023-07-30T09:37:00
outSched,2023-08-01,2023-07-31T09:37:02
outSched,2023-08-02,2023-08-01T09:38:02
outSched,2023-08-03,2023-08-02T09:38:00
outSched,2023-08-04,2023-08-03T09:38:02
outSched,2023-08-05,2023-08-04T09:38:00
outSched,2023-08-06,2023-08-05T09:38:00
outSched,2023-08-07,2023-08-06T09:39:00
outSched,2023-08-08,2023-08-07T09:39:00
outSched,2023-08-09,2023-08-08T09:38:00
outSched,2023-08-10,2023-08-09T09:38:00
outSched,2023-08-11,2023-08-10T09:38:00
outSched,2023-08-12,2023-08-11T09:38:02
outSched,2023-08-13,2023-08-12T09:38:00
outSched,2023-08-14,2023-08-13T09:38:02
outSched,2023-08-15,2023-08-14T09:37:00
outSched,2023-08-16,2023-08-15T09:45:02
outSched,2023-08-17,2023-08-16T09:38:00
outSched,2023-08-18,2023-08-17T09:38:00
outSched,2023-08-19,2023-08-18T09:37:00
outSched,2023-08-20,2023-08-19T09:37:02
outSched,2023-08-21,2023-08-20T09:38:00
outSched,2023-08-22,2023-08-21T09:37:02
outSched,2023-08-23,2023-08-22T09:37:00
outSched,2023-08-24,2023-08-24T02:36:58
outSched,2023-08-25,2023-08-24T09:38:00
outSched,2023-08-26,2023-08-25T09:38:00
outSched,2023-08-27,2023-08-26T09:39:00
outSched,2023-08-28,2023-08-27T09:42:00
outSched,2023-08-29,2023-08-28T09:38:02
outSched,2023-08-30,2023-08-29T09:38:00
outSched,2023-08-31,2023-08-30T09:38:00
outSched,2023-09-01,2023-08-31T09:38:00
outSched,2023-09-02,2023-09-01T09:48:16
outSched,2023-09-03,2023-09-02T09:38:00
outSched,2023-09-04,2023-09-03T09:38:00
outSched,2023-09-05,2023-09-04T09:38:00
outSched,2023-09-06,2023-09-05T09:38:00
outSched,2023-09-07,2023-09-06T09:38:00
outSched,2023-09-08,2023-09-07T09:39:00
outSched,2023-09-09,2023-09-08T09:38:02
outSched,2023-09-10,2023-09-09T09:38:00
outSched,2023-09-11,2023-09-10T09:38:00
outSched,2023-09-12,2023-09-11T09:38:00
outSched,2023-09-13,2023-09-12T09:38:00
outSched,2023-09-14,2023-09-13T09:38:00
outSched,2023-09-15,2023-09-14T09:38:00
outSched,2023-09-16,2023-09-15T09:39:00
outSched,2023-09-17,2023-09-16T09:38:00
outSched,2023-09-18,2023-09-17T09:39:00
outSched,2023-09-19,2023-09-18T09:38:00
outSched,2023-09-20,2023-09-19T09:37:00
outSched,2023-09-21,2023-09-20T09:38:00
outSched,2023-09-22,2023-09-21T09:38:00
outSched,2023-09-23,2023-09-22T09:37:00
outSched,2023-09-24,2023-09-23T09:37:00
outSched,2023-09-25,2023-09-24T09:37:00
outSched,2023-09-26,2023-09-25T09:37:00
outSched,2023-09-27,2023-09-26T09:38:00
outSched,2023-09-28,2023-09-27T09:38:00
outSched,2023-09-29,2023-09-28T09:38:00
outSched,2023-09-30,2023-09-29T09:39:00
outSched,2023-10-01,2023-09-30T09:38:00
outSched,2023-10-02,2023-10-01T09:38:00
outSched,2023-10-03,2023-10-02T09:38:00
outSched,2023-10-04,2023-10-03T09:38:00
outSched,2023-10-05,2023-10-04T09:38:00
outSched,2023-10-06,2023-10-05T09:38:00
outSched,2023-10-07,2023-10-06T09:38:00
outSched,2023-10-08,2023-10-07T09:38:00
outSched,2023-10-09,2023-10-08T09:38:00
outSched,2023-10-10,2023-10-09T09:38:00
outSched,2023-10-11,2023-10-10T09:38:00
outSched,2023-10-12,2023-10-11T09:38:00
outSched,2023-10-13,2023-10-12T09:37:02
outSched,2023-10-14,2023-10-13T09:37:00
outSched,2023-10-15,2023-10-14T09:38:00
outSched,2023-10-16,2023-10-15T09:38:00
outSched,2023-10-17,2023-10-16T09:38:00
outSched,2023-10-18,2023-10-17T09:38:00
outSched,2023-10-19,2023-10-18T09:57:52
outSched,2023-10-20,2023-10-19T09:39:00
outSched,2023-10-21,2023-10-20T09:44:20
outSched,2023-10-22,2023-10-21T09:37:00
outSched,2023-10-23,2023-10-22T09:38:00
outSched,2023-10-24,2023-10-23T10:31:00
outSched,2023-10-25,2023-10-24T09:38:00
outSched,2023-10-26,2023-10-25T09:37:00
outSched,2023-10-27,2023-10-26T09:38:00
outSched,2023-10-28,2023-10-27T09:38:02
outSched,2023-10-29,2023-10-28T09:38:00
outSched,2023-10-30,2023-10-29T09:39:00
outSched,2023-10-31,2023-10-30T09:38:00
outSched,2023-11-01,2023-10-31T09:38:00
outSched,2023-11-02,2023-11-01T09:38:00
outSched,2023-11-03,2023-11-02T09:38:00
outSched,2023-11-04,2023-11-03T09:38:00
outSched,2023-11-05,2023-11-04T09:39:02
outSched,2023-11-06,2023-11-05T09:38:00
outSched,2023-11-07,2023-11-06T09:38:00
outSched,2023-11-08,2023-11-07T09:38:00
outSched,2023-11-09,2023-11-08T09:38:02
outSched,2023-11-10,2023-11-09T09:38:00
outSched,2023-11-11,2023-11-10T09:38:00
outSched,2023-11-12,2023-11-11T09:38:00
outSched,2023-11-13,2023-11-12T09:39:00
outSched,2023-11-14,2023-11-13T09:38:00
outSched,2023-11-15,2023-11-14T09:38:00
outSched,2023-11-16,2023-11-15T09:38:00
outSched,2023-11-17,2023-11-16T09:38:00
outSched,2023-11-18,2023-11-17T09:38:00
outSched,2023-11-19,2023-11-18T09:38:00
outSched,2023-11-20,2023-11-19T09:38:00
outSched,2023-11-21,2023-11-20T09:40:02
outSched,2023-11-22,2023-11-21T09:38:00
outSched,2023-11-23,2023-11-22T09:37:02
outSched,2023-11-24,2023-11-23T09:38:00
outSched,2023-11-25,2023-11-24T09:37:00
outSched,2023-11-26,2023-11-25T09:38:00
outSched,2023-11-27,2023-11-26T09:38:00
outSched,2023-11-28,2023-11-27T09:38:00
outSched,2023-11-29,2023-11-28T09:38:00
outSched,2023-11-30,2023-11-29T09:38:00
outSched,2023-12-01,2023-11-30T09:45:02
outSched,2023-12-02,2023-12-01T09:38:02
outSched,2023-12-03,2023-12-02T09:38:00
outSched,2023-12-04,2023-12-03T09:38:00
outSched,2023-12-05,2023-12-04T09:38:00
outSched,2023-12-06,2023-12-05T09:40:00
outSched,2023-12-07,2023-12-06T09:38:00
outSched,2023-12-08,2023-12-07T09:39:00
outSched,2023-12-09,2023-12-08T09:39:00
outSched,2023-12-10,2023-12-09T09:38:00
outSched,2023-12-11,2023-12-10T09:38:00
outSched,2023-12-12,2023-12-11T09:39:00
outSched,2023-12-13,2023-12-12T09:38:00
outSched,2023-12-14,2023-12-13T09:38:00
outSched,2023-12-15,2023-12-14T09:38:00
outSched,2023-12-16,2023-12-15T09:38:00
outSched,2023-12-17,2023-12-16T09:37:02
outSched,2023-12-18,2023-12-17T09:37:02
outSched,2023-12-19,2023-12-18T09:38:00
outSched,2023-12-20,2023-12-19T09:38:00
outSched,2023-12-21,2023-12-20T09:38:00
outSched,2023-12-22,2023-12-21T09:38:00
outSched,2023-12-23,2023-12-22T09:38:00
outSched,2023-12-24,2023-12-23T09:37:00
outSched,2023-12-25,2023-12-24T09:37:00
outSched,2023-12-26,2023-12-25T09:37:02
outSched,2023-12-27,2023-12-26T09:38:00
outSched,2023-12-28,2023-12-27T09:46:28
outSched,2023-12-29,2023-12-28T09:38:00
outSched,2023-12-30,2023-12-29T09:38:00
outSched,2023-12-31,2023-12-30T09:37:00
outSched,2024-01-01,2023-12-31T09:39:00
outSched,2024-01-02,2024-01-01T09:37:00
outSched,2024-01-03,2024-01-02T09:38:00
outSched,2024-01-04,2024-01-03T09:38:00
outSched,2024-01-05,2024-01-04T09:39:00
outSched,2024-01-06,2024-01-05T09:39:00
outSched,2024-01-07,2024-01-06T09:38:00
outSched,2024-01-08,2024-01-07T09:39:00
outSched,2024-01-09,2024-01-08T09:38:00
outSched,2024-01-10,2024-01-09T09:38:02
outSched,2024-01-11,2024-01-10T09:38:02
outSched,2024-01-12,2024-01-11T09:38:00
outSched,2024-01-13,2024-01-12T09:38:00
outSched,2024-01-14,2024-01-13T09:37:02
outSched,2024-01-15,2024-01-14T09:38:00
outSched,2024-01-16,2024-01-15T09:38:00
outSched,2024-01-17,2024-01-16T09:39:00
outSched,2024-01-18,2024-01-17T09:38:02
outSched,2024-01-19,2024-01-18T09:37:00
outSched,2024-01-20,2024-01-19T09:37:00
outSched,2024-01-21,2024-01-20T09:38:00
outSched,2024-01-22,2024-01-21T09:39:00
outSched,2024-01-23,2024-01-22T09:38:00
outSched,2024-01-24,2024-01-23T09:39:00
outSched,2024-01-25,2024-01-24T09:38:00
outSched,2024-01-26,2024-01-25T09:38:00
outSched,2024-01-27,2024-01-26T09:38:00
outSched,2024-01-28,2024-01-27T09:37:00
outSched,2024-01-29,2024-01-28T09:38:00
outSched,2024-01-30,2024-01-29T09:38:00
outSched,2024-01-31,2024-01-30T09:38:00
outSched,2024-02-01,2024-01-31T09:38:00
outSched,2024-02-02,2024-02-01T09:39:00
outSched,2024-02-03,2024-02-02T09:38:00
outSched,2024-02-04,2024-02-03T09:38:00
outSched,2024-02-05,2024-02-04T09:38:00
outSched,2024-02-06,2024-02-05T09:40:00
outSched,2024-02-07,2024-02-06T09:39:00
outSched,2024-02-08,2024-02-07T09:40:00
outSched,2024-02-09,2024-02-08T10:52:34
outSched,2024-02-10,2024-02-09T09:39:00
outSched,2024-02-11,2024-02-10T09:37:00
outSched,2024-02-12,2024-02-11T09:38:00
outSched,2024-02-13,2024-02-12T09:39:00
outSched,2024-02-14,2024-02-13T09:38:00
outSched,2024-02-15,2024-02-14T09:39:00
outSched,2024-02-16,2024-02-15T09:38:00
outSched,2024-02-17,2024-02-16T09:38:00
outSched,2024-02-18,2024-02-17T09:38:02
outSched,2024-02-19,2024-02-18T09:39:00
outSched,2024-02-20,2024-02-19T09:39:00
outSched,2024-02-21,2024-02-20T09:38:00
outSched,2024-02-22,2024-02-21T09:38:00
outSched,2024-02-23,2024-02-22T09:38:00
outSched,2024-02-24,2024-02-23T09:39:00
outSched,2024-02-25,2024-02-24T09:37:02
outSched,2024-02-26,2024-02-25T09:38:00
outSched,2024-02-27,2024-02-26T09:39:00
outSched,2024-02-28,2024-02-27T09:39:00
outSched,2024-02-29,2024-02-28T09:39:00
outSched,2024-03-01,2024-02-29T09:37:00
outSched,2024-03-02,2024-03-01T09:38:00
outSched,2024-03-03,2024-03-02T09:38:00
outSched,2024-03-04,2024-03-03T09:38:00
outSched,2024-03-05,2024-03-04T09:38:00
outSched,2024-03-06,2024-03-05T09:39:00
outSched,2024-03-07,2024-03-06T09:38:00
outSched,2024-03-08,2024-03-07T09:38:00
outSched,2024-03-09,2024-03-08T09:38:02
outSched,2024-03-10,2024-03-09T09:37:00
outSched,2024-03-11,2024-03-10T09:37:00
outSched,2024-03-12,2024-03-11T09:38:00
outSched,2024-03-13,2024-03-12T09:37:00
outSched,2024-03-14,2024-03-13T09:38:00
outSched,2024-03-15,2024-03-14T09:38:00
outSched,2024-03-16,2024-03-15T09:38:00
outSched,2024-03-17,2024-03-16T09:37:00
outSched,2024-03-18,2024-03-17T09:38:00
outSched,2024-03-19,2024-03-18T09:38:00
outSched,2024-03-20,2024-03-19T09:38:00
outSched,2024-03-21,2024-03-20T09:38:00
outSched,2024-03-22,2024-03-21T09:38:00
outSched,2024-03-23,2024-03-22T09:38:00
outSched,2024-03-24,2024-03-23T09:38:02
outSched,2024-03-25,2024-03-24T09:38:00
outSched,2024-03-26,2024-03-25T09:38:00
outSched,2024-03-27,2024-03-26T09:38:00
outSched,2024-03-28,2024-03-27T09:37:00
outSched,2024-03-29,2024-03-28T09:37:02
outSched,2024-03-30,2024-03-29T09:37:02
outSched,2024-03-31,2024-03-30T09:38:00
outSched,2024-04-01,2024-03-31T09:38:00
outSched,2024-04-02,2024-04-01T09:38:00
outSched,2024-04-03,2024-04-02T09:38:02
outSched,2024-04-04,2024-04-03T09:38:04
outSched,2024-04-05,2024-04-04T09:37:02
outSched,2024-04-06,2024-04-05T09:37:02
outSched,2024-04-07,2024-04-06T09:38:02
outSched,2024-04-08,2024-04-07T09:38:00
outSched,2024-04-09,2024-04-08T09:38:00
outSched,2024-04-10,2024-04-09T09:39:02
outSched,2024-04-11,2024-04-10T09:38:00
outSched,2024-04-12,2024-04-11T09:38:02
outSched,2024-04-13,2024-04-12T09:38:06
outSched,2024-04-14,2024-04-13T09:38:00
outSched,2024-04-15,2024-04-14T09:38:02
outSched,2024-04-16,2024-04-15T09:39:00
outSched,2024-04-17,2024-04-16T09:39:00
outSched,2024-04-18,2024-04-17T09:39:00
outSched,2024-04-19,2024-04-18T09:38:02
outSched,2024-04-20,2024-04-19T09:38:00
outSched,2024-04-21,2024-04-20T09:38:00
outSched,2024-04-22,2024-04-21T09:38:00
outSched,2024-04-23,2024-04-22T10:18:00
outSched,2024-04-24,2024-04-23T09:38:00
outSched,2024-04-25,2024-04-24T09:37:00
outSched,2024-04-26,2024-04-25T09:37:02
outSched,2024-04-27,2024-04-26T09:37:02
outSched,2024-04-28,2024-04-27T09:37:00
outSched,2024-04-29,2024-04-28T09:38:00
outSched,2024-04-30,2024-04-29T09:38:00
outSched,2024-05-01,2024-04-30T09:38:00
outSched,2024-05-02,2024-05-01T09:38:00
outSched,2024-05-03,2024-05-02T09:39:00
outSched,2024-05-04,2024-05-03T09:38:00
outSched,2024-05-05,2024-05-04T09:38:00
outSched,2024-05-06,2024-05-05T09:39:00
outSched,2024-05-07,2024-05-06T09:38:00
outSched,2024-05-08,2024-05-07T09:38:00
outSched,2024-05-09,2024-05-08T09:38:00
outSched,2024-05-10,2024-05-09T09:38:00
outSched,2024-05-11,2024-05-10T09:38:00
outSched,2024-05-12,2024-05-11T09:38:00
outSched,2024-05-13,2024-05-12T09:38:00
outSched,2024-05-14,2024-05-13T09:38:00
outSched,2024-05-15,2024-05-14T09:37:00
outSched,2024-05-16,2024-05-15T09:39:00
outSched,2024-05-17,2024-05-16T09:38:00
outSched,2024-05-18,2024-05-17T09:37:00
outSched,2024-05-19,2024-05-18T09:38:00
outSched,2024-05-20,2024-05-19T09:38:00
outSched,2024-05-21,2024-05-20T09:39:00
outSched,2024-05-22,2024-05-21T09:38:00
outSched,2024-05-23,2024-05-22T09:38:00
outSched,2024-05-24,2024-05-23T09:37:00
outSched,2024-05-25,2024-05-24T09:37:00
outSched,2024-05-26,2024-05-25T09:38:00
outSched,2024-05-27,2024-05-26T09:38:00
outSched,2024-05-28,2024-05-27T09:39:00
outSched,2024-05-29,2024-05-28T09:38:00
outSched,2024-05-30,2024-05-29T09:38:00
outSched,2024-05-31,2024-05-30T09:38:00
outSched,2024-06-01,2024-05-31T09:38:00
outSched,2024-06-02,2024-06-01T09:37:00
outSched,2024-06-03,2024-06-02T09:38:00
outSched,2024-06-04,2024-06-03T09:38:00
outSched,2024-06-05,2024-06-04T09:38:00
outSched,2024-06-06,2024-06-05T09:37:00
outSched,2024-06-07,2024-06-06T09:37:00
outSched,2024-06-08,2024-06-07T09:37:00
outSched,2024-06-09,2024-06-08T09:38:00
outSched,2024-06-10,2024-06-09T09:38:00
outSched,2024-06-11,2024-06-10T09:38:00
outSched,2024-06-12,2024-06-11T09:39:02
outSched,2024-06-13,2024-06-12T09:39:00
outSched,2024-06-14,2024-06-13T09:39:02
outSched,2024-06-15,2024-06-14T09:39:00
outSched,2024-06-16,2024-06-15T09:39:00
outSched,2024-06-17,2024-06-16T09:39:00
outSched,2024-06-18,2024-06-17T09:39:00
outSched,2024-06-19,2024-06-18T09:39:00
outSched,2024-06-20,2024-06-19T09:38:00
outSched,2024-06-21,2024-06-20T09:39:02
outSched,2024-06-22,2024-06-21T09:39:00
outSched,2024-06-23,2024-06-22T09:39:00
outSched,2024-06-24,2024-06-23T09:39:00
outSched,2024-06-25,2024-06-24T09:39:00
outSched,2024-06-26,2024-06-25T09:39:00
outSched,2024-06-27,2024-06-26T09:38:02
outSched,2024-06-28,2024-06-27T09:38:00
outSched,2024-06-29,2024-06-28T09:39:00
outSched,2024-06-30,2024-06-29T10:49:00
outSched,2024-07-01,2024-06-30T09:39:00
outSched,2024-07-02,2024-07-01T09:39:00
outSched,2024-07-03,2024-07-02T09:39:00
outSched,2024-07-04,2024-07-03T09:39:02
outSched,2024-07-05,2024-07-04T09:39:00
outSched,2024-07-06,2024-07-05T09:39:00
outSched,2024-07-07,2024-07-06T09:39:00
outSched,2024-07-08,2024-07-07T09:39:00
outSched,2024-07-09,2024-07-08T09:39:00
outSched,2024-07-10,2024-07-09T09:39:00
outSched,2024-07-11,2024-07-10T09:39:00
outSched,2024-07-12,2024-07-11T09:41:00
outSched,2024-07-13,2024-07-12T09:39:00
outSched,2024-07-14,2024-07-13T09:38:00
outSched,2024-07-15,2024-07-14T09:38:00
outSched,2024-07-16,2024-07-15T09:39:00
outSched,2024-07-17,2024-07-16T09:39:00
outSched,2024-07-18,2024-07-17T09:39:00
outSched,2024-07-19,2024-07-18T09:39:02
outSched,2024-07-20,2024-07-19T09:38:00
outSched,2024-07-21,2024-07-20T09:38:00
outSched,2024-07-22,2024-07-21T09:38:00
outSched,2024-07-23,2024-07-22T09:38:00
outSched,2024-07-24,2024-07-23T09:39:02
outSched,2024-07-25,2024-07-24T09:38:00
outSched,2024-07-26,2024-07-25T09:39:00
outSched,2024-07-27,2024-07-26T09:38:00
outSched,2024-07-28,2024-07-27T09:38:00
outSched,2024-07-29,2024-07-28T09:39:00
outSched,2024-07-30,2024-07-29T09:39:00
outSched,2024-07-31,2024-07-30T09:38:00
outSched,2024-08-01,2024-07-31T09:38:00
outSched,2024-08-02,2024-08-01T09:39:00
outSched,2024-08-03,2024-08-02T09:38:00
outSched,2024-08-04,2024-08-03T09:39:00
outSched,2024-08-05,2024-08-04T09:39:00
outSched,2024-08-06,2024-08-05T09:39:00
outSched,2024-08-07,2024-08-06T09:38:00
outSched,2024-08-08,2024-08-07T09:37:00
outSched,2024-08-09,2024-08-08T09:39:00
outSched,2024-08-10,2024-08-09T09:38:00
outSched,2024-08-11,2024-08-10T09:38:00
outSched,2024-08-12,2024-08-11T09:38:02
outSched,2024-08-13,2024-08-12T09:38:00
outSched,2024-08-14,2024-08-13T09:38:00
outSched,2024-08-15,2024-08-14T09:37:02
outSched,2024-08-16,2024-08-15T09:39:00
outSched,2024-08-17,2024-08-16T09:38:00
outSched,2024-08-18,2024-08-17T09:38:00
outSched,2024-08-19,2024-08-18T09:38:00
outSched,2024-08-20,2024-08-19T09:37:02
outSched,2024-08-21,2024-08-20T09:39:00
outSched,2024-08-22,2024-08-21T09:38:00
outSched,2024-08-23,2024-08-22T09:38:00
outSched,2024-08-24,2024-08-23T09:38:00
outSched,2024-08-25,2024-08-24T09:38:00
outSched,2024-08-26,2024-08-25T09:39:00
outSched,2024-08-27,2024-08-26T09:38:00
outSched,2024-08-28,2024-08-27T09:39:00
outSched,2024-08-29,2024-08-28T09:39:04
outSched,2024-08-30,2024-08-29T09:38:00
outSched,2024-08-31,2024-08-30T09:38:00
outSched,2024-09-01,2024-08-31T09:37:00
outSched,2024-09-02,2024-09-01T09:38:00
outSched,2024-09-03,2024-09-02T09:37:00
outSched,2024-09-04,2024-09-03T09:39:00
outSched,2024-09-05,2024-09-04T09:38:00
outSched,2024-09-06,2024-09-05T09:38:02
outSched,2024-09-07,2024-09-06T09:38:00
outSched,2024-09-08,2024-09-07T09:37:00
outSched,2024-09-09,2024-09-08T09:38:00
outSched,2024-09-10,2024-09-09T09:38:00
outSched,2024-09-11,2024-09-10T09:38:00
outSched,2024-09-12,2024-09-11T09:39:00
outSched,2024-09-13,2024-09-12T09:38:00
outSched,2024-09-14,2024-09-13T09:38:00
outSched,2024-09-15,2024-09-14T09:37:00
outSched,2024-09-16,2024-09-15T09:38:02
outSched,2024-09-17,2024-09-16T09:38:00
outSched,2024-09-18,2024-09-17T09:37:00
outSched,2024-09-19,2024-09-18T09:37:00
outSched,2024-09-20,2024-09-19T09:37:00
outSched,2024-09-21,2024-09-20T09:37:00
outSched,2024-09-22,2024-09-21T09:38:00
outSched,2024-09-23,2024-09-22T09:38:00
outSched,2024-09-24,2024-09-23T09:39:00
outSched,2024-09-25,2024-09-24T09:44:00
outSched,2024-09-26,2024-09-25T09:39:00
outSched,2024-09-27,2024-09-26T09:39:00
outSched,2024-09-28,2024-09-27T09:38:00
outSched,2024-09-29,2024-09-28T09:38:00
outSched,2024-09-30,2024-09-29T09:39:00
outSched,2024-10-01,2024-09-30T09:39:00
outSched,2024-10-02,2024-10-01T09:38:00
outSched,2024-10-03,2024-10-02T09:38:02
outSched,2024-10-04,2024-10-03T09:38:12
outSched,2024-10-05,2024-10-04T09:38:00
outSched,2024-10-06,2024-10-05T09:38:00
outSched,2024-10-07,2024-10-06T09:39:00
outSched,2024-10-08,2024-10-07T09:38:00
outSched,2024-10-09,2024-10-08T09:38:00
outSched,2024-10-10,2024-10-09T09:39:00
outSched,2024-10-11,2024-10-10T09:39:00
outSched,2024-10-12,2024-10-11T09:38:02
outSched,2024-10-13,2024-10-12T09:39:00
outSched,2024-10-14,2024-10-13T10:02:46
outSched,2024-10-15,2024-10-14T09:38:00
outSched,2024-10-16,2024-10-15T09:39:00
outSched,2024-10-17,2024-10-16T09:39:00
outSched,2024-10-18,2024-10-17T09:38:00
outSched,2024-10-19,2024-10-18T09:38:00
outSched,2024-10-20,2024-10-19T09:38:00
outSched,2024-10-21,2024-10-20T09:38:00
outSched,2024-10-22,2024-10-21T09:38:00
outSched,2024-10-23,2024-10-22T09:39:00
outSched,2024-10-24,2024-10-23T09:39:00
outSched,2024-10-25,2024-10-24T09:38:00
outSched,2024-10-26,2024-10-25T09:55:28
outSched,2024-10-27,2024-10-26T09:39:00
outSched,2024-10-28,2024-10-27T12:45:00
outSched,2024-10-29,2024-10-28T09:39:00
outSched,2024-10-30,2024-10-29T09:37:00
outSched,2024-10-31,2024-10-30T09:38:00
outSched,2024-11-01,2024-10-31T09:38:00
outSched,2024-11-02,2024-11-01T09:38:00
outSched,2024-11-03,2024-11-02T09:37:02
outSched,2024-11-04,2024-11-03T09:38:00
outSched,2024-11-05,2024-11-04T09:38:00
outSched,2024-11-06,2024-11-05T09:39:00
outSched,2024-11-07,2024-11-06T09:38:00
outSched,2024-11-08,2024-11-07T09:39:00
outSched,2024-11-09,2024-11-08T09:38:02
outSched,2024-11-10,2024-11-09T09:38:00
outSched,2024-11-11,2024-11-10T09:39:00
outSched,2024-11-12,2024-11-11T09:39:00
outSched,2024-11-13,2024-11-12T09:39:00
outSched,2024-11-14,2024-11-13T09:39:00
outSched,2024-11-15,2024-11-14T09:38:00
outSched,2024-11-16,2024-11-15T09:38:02
outSched,2024-11-17,2024-11-16T09:38:02
outSched,2024-11-18,2024-11-17T09:38:00
outSched,2024-11-19,2024-11-18T09:39:00
outSched,2024-11-20,2024-11-20T10:06:46
outSched,2024-11-21,2024-11-20T10:09:16
outSched,2024-11-22,2024-11-21T09:39:00
outSched,2024-11-23,2024-11-22T09:38:00
outSched,2024-11-24,2024-11-23T09:39:00
outSched,2024-11-25,2024-11-24T09:36:00
outSched,2024-11-26,2024-11-25T09:39:00
outSched,2024-11-27,2024-11-26T09:39:00
outSched,2024-11-28,2024-11-27T09:39:02
outSched,2024-11-29,2024-11-28T09:39:00
outSched,2024-11-30,2024-11-29T09:38:00
outSched,2024-12-01,2024-11-30T09:38:00
outSched,2024-12-02,2024-12-01T09:39:00
outSched,2024-12-03,2024-12-02T09:39:00
outSched,2024-12-04,2024-12-03T09:51:00
outSched,2024-12-05,2024-12-04T09:39:00
outSched,2024-12-06,2024-12-05T09:39:02
outSched,2024-12-07,2024-12-06T09:39:00
outSched,2024-12-08,2024-12-07T09:39:00
outSched,2024-12-09,2024-12-08T09:52:58
outSched,2024-12-10,2024-12-09T09:39:00
outSched,2024-12-11,2024-12-10T09:39:00
outSched,2024-12-12,2024-12-11T09:39:00
outSched,2024-12-13,2024-12-12T09:39:02
outSched,2024-12-14,2024-12-13T09:38:00
outSched,2024-12-15,2024-12-14T09:38:00
outSched,2024-12-16,2024-12-15T09:39:02
outSched,2024-12-17,2024-12-16T09:38:00
outSched,2024-12-18,2024-12-17T09:39:04
outSched,2024-12-19,2024-12-18T09:39:00
outSched,2024-12-20,2024-12-19T09:39:00
outSched,2024-12-21,2024-12-20T09:39:00
outSched,2024-12-22,2024-12-21T09:39:00
outSched,2024-12-23,2024-12-22T09:40:02
outSched,2024-12-24,2024-12-23T09:39:00
outSched,2024-12-25,2024-12-24T09:39:00
outSched,2024-12-26,2024-12-25T09:38:00
outSched,2024-12-27,2024-12-26T09:39:00
outSched,2024-12-28,2024-12-27T09:39:00
outSched,2024-12-29,2024-12-28T09:38:00
outSched,2024-12-30,2024-12-29T09:38:00
outSched,2024-12-31,2024-12-30T09:38:00
outSched,2025-01-01,2024-12-31T09:39:00
outSched,2025-01-02,2025-01-01T09:39:02
outSched,2025-01-03,2025-01-02T09:39:00
outSched,2025-01-04,2025-01-03T09:39:00
outSched,2025-01-05,2025-01-04T09:39:00
outSched,2025-01-06,2025-01-05T09:39:00
outSched,2025-01-07,2025-01-06T09:39:00
outSched,2025-01-08,2025-01-07T09:39:00
outSched,2025-01-09,2025-01-08T09:39:00
outSched,2025-01-10,2025-01-09T09:39:00
outSched,2025-01-11,2025-01-10T09:39:00
outSched,2025-01-12,2025-01-11T09:39:00
outSched,2025-01-13,2025-01-12T09:39:02
outSched,2025-01-14,2025-01-13T09:38:00
outSched,2025-01-15,2025-01-14T09:40:00
outSched,2025-01-16,2025-01-15T09:40:00
outSched,2025-01-17,2025-01-16T09:39:00
outSched,2025-01-18,2025-01-17T09:39:00
outSched,2025-01-19,2025-01-18T09:39:00
outSched,2025-01-20,2025-01-19T09:39:00
outSched,2025-01-21,2025-01-20T09:39:00
outSched,2025-01-22,2025-01-21T09:38:00
outSched,2025-01-23,2025-01-22T09:38:00
outSched,2025-01-24,2025-01-23T09:38:02
outSched,2025-01-25,2025-01-24T09:38:00
outSched,2025-01-26,2025-01-25T09:39:00
outSched,2025-01-27,2025-01-26T09:39:00
outSched,2025-01-28,2025-01-27T09:39:00
outSched,2025-01-29,2025-01-28T09:39:00
outSched,2025-01-30,2025-01-29T09:38:02
outSched,2025-01-31,2025-01-30T09:38:02
outSched,2025-02-01,2025-01-31T09:39:00
outSched,2025-02-02,2025-02-01T09:39:00
outSched,2025-02-03,2025-02-02T09:40:02
outSched,2025-02-04,2025-02-03T09:39:00
outSched,2025-02-05,2025-02-04T09:39:00
outSched,2025-02-06,2025-02-05T09:39:00
outSched,2025-02-07,2025-02-06T09:39:00
outSched,2025-02-08,2025-02-07T09:39:00
outSched,2025-02-09,2025-02-08T09:39:00
outSched,2025-02-10,2025-02-09T09:39:00
outSched,2025-02-11,2025-02-10T09:39:00
outSched,2025-02-12,2025-02-11T09:39:00
outSched,2025-02-13,2025-02-12T10:35:00
outSched,2025-02-14,2025-02-13T09:39:00
outSched,2025-02-15,2025-02-14T09:38:04
outSched,2025-02-16,2025-02-15T09:39:00
outSched,2025-02-17,2025-02-16T09:54:00
outSched,2025-02-18,2025-02-17T09:37:02
outSched,2025-02-19,2025-02-18T09:38:00
outSched,2025-02-20,2025-02-19T09:38:00
outSched,2025-02-21,2025-02-20T09:38:00
outSched,2025-02-22,2025-02-21T09:38:00
outSched,2025-02-23,2025-02-22T09:38:00
outSched,2025-02-24,2025-02-23T09:37:00
outSched,2025-02-25,2025-02-24T09:38:00
outSched,2025-02-26,2025-02-25T09:39:02
outSched,2025-02-27,2025-02-26T09:38:00
outSched,2025-02-28,2025-02-27T09:38:00
outSched,2025-03-01,2025-02-28T09:38:00
outSched,2025-03-02,2025-03-01T09:38:00
outSched,2025-03-03,2025-03-02T09:38:00
outSched,2025-03-04,2025-03-03T09:38:00
outSched,2025-03-05,2025-03-04T09:50:24
outSched,2025-03-06,2025-03-05T09:37:02
outSched,2025-03-07,2025-03-06T09:38:00
outSched,2025-03-08,2025-03-07T09:50:40
outSched,2025-03-09,2025-03-08T09:39:00
outSched,2025-03-10,2025-03-09T09:38:00
outSched,2025-03-11,2025-03-10T09:42:00
outSched,2025-03-12,2025-03-11T09:38:00
outSched,2025-03-13,2025-03-12T09:38:00
outSched,2025-03-14,2025-03-13T09:38:00
outSched,2025-03-15,2025-03-14T09:38:00
outSched,2025-03-16,2025-03-15T09:38:00
outSched,2025-03-17,2025-03-16T09:38:02
outSched,2025-03-18,2025-03-17T09:38:00
outSched,2025-03-19,2025-03-18T09:38:00
outSched,2025-03-20,2025-03-19T09:38:00
outSched,2025-03-21,2025-03-20T09:40:02
outSched,2025-03-22,2025-03-21T09:51:12
outSched,2025-03-23,2025-03-22T09:39:00
outSched,2025-03-24,2025-03-23T09:38:00
outSched,2025-03-25,2025-03-24T09:39:00
outSched,2025-03-26,2025-03-25T09:39:00
outSched,2025-03-27,2025-03-26T09:39:00
outSched,2025-03-28,2025-03-27T09:39:00
outSched,2025-03-29,2025-03-28T09:39:00
outSched,2025-03-30,2025-03-29T09:39:00
outSched,2025-03-31,2025-03-30T09:39:00
outSched,2025-04-01,2025-03-31T09:39:02
outSched,2025-04-02,2025-04-01T09:38:00
outSched,2025-04-03,2025-04-02T09:47:56
outSched,2025-04-04,2025-04-03T09:41:02
outSched,2025-04-05,2025-04-04T09:38:00
outSched,2025-04-06,2025-04-05T09:38:00
outSched,2025-04-07,2025-04-06T09:38:00
outSched,2025-04-08,2025-04-07T09:38:02
outSched,2025-04-09,2025-04-08T09:39:02
outSched,2025-04-10,2025-04-09T09:39:00
outSched,2025-04-11,2025-04-10T09:39:00
outSched,2025-04-12,2025-04-11T09:39:02
outSched,2025-04-13,2025-04-12T09:39:00
outSched,2025-04-14,2025-04-13T09:39:00
outSched,2025-04-15,2025-04-14T09:39:00
outSched,2025-04-16,2025-04-15T09:39:00
outSched,2025-04-17,2025-04-16T09:38:00
outSched,2025-04-18,2025-04-17T09:38:00
outSched,2025-04-19,2025-04-18T09:38:02
outSched,2025-04-20,2025-04-19T09:39:00
outSched,2025-04-21,2025-04-20T09:39:00
outSched,2025-04-22,2025-04-21T09:38:00
outSched,2025-04-23,2025-04-22T09:38:00
outSched,2025-04-24,2025-04-23T09:39:00
outSched,2025-04-25,2025-04-24T09:38:08
outSched,2025-04-26,2025-04-25T09:39:04
outSched,2025-04-27,2025-04-26T09:39:00
outSched,2025-04-28,2025-04-27T09:39:00
outSched,2025-04-29,2025-04-28T09:39:02
outSched,2025-04-30,2025-04-29T09:39:00
outSched,2025-05-01,2025-04-30T09:39:02
outSched,2025-05-02,2025-05-01T09:38:00
outSched,2025-05-03,2025-05-02T09:39:00
outSched,2025-05-04,2025-05-03T09:39:02
outSched,2025-05-05,2025-05-04T09:39:00
outSched,2025-05-06,2025-05-05T09:39:00
outSched,2025-05-07,2025-05-06T09:50:58
outSched,2025-05-08,2025-05-07T09:39:02
outSched,2025-05-09,2025-05-08T09:39:00
outSched,2025-05-10,2025-05-09T09:39:00
outSched,2025-05-11,2025-05-10T09:36:00
outSched,2025-05-12,2025-05-11T09:39:12
outSched,2025-05-13,2025-05-12T09:40:00
outSched,2025-05-14,2025-05-13T09:40:02
outSched,2025-05-15,2025-05-14T09:50:34
outSched,2025-05-16,2025-05-15T09:40:00
outSched,2025-05-17,2025-05-16T09:39:02
outSched,2025-05-18,2025-05-17T09:38:00
outSched,2025-05-19,2025-05-18T09:39:00
outSched,2025-05-20,2025-05-19T09:39:00
outSched,2025-05-21,2025-05-20T09:39:00
outSched,2025-05-22,2025-05-21T09:39:00
outSched,2025-05-23,2025-05-22T09:39:00
outSched,2025-05-24,2025-05-23T09:39:00
outSched,2025-05-25,2025-05-24T09:38:00
outSched,2025-05-26,2025-05-25T09:39:00
outSched,2025-05-27,2025-05-26T09:39:02
outSched,2025-05-28,2025-05-27T09:39:02
outSched,2025-05-29,2025-05-28T09:38:02
outSched,2025-05-30,2025-05-29T09:40:16
outSched,2025-05-31,2025-05-30T09:40:18
outSched,2025-06-01,2025-05-31T09:39:04
outSched,2025-06-02,2025-06-01T09:39:02
outSched,2025-06-03,2025-06-02T09:39:00
outSched,2025-06-04,2025-06-03T09:40:06
outSched,2025-06-05,2025-06-04T09:39:10
outSched,2025-06-06,2025-06-05T09:39:14
outSched,2025-06-07,2025-06-06T09:38:00
outSched,2025-06-08,2025-06-07T09:39:00
outSched,2025-06-09,2025-06-08T09:39:00
outSched,2025-06-10,2025-06-09T09:41:46
outSched,2025-06-11,2025-06-10T09:39:00
outSched,2025-06-12,2025-06-11T09:39:00
outSched,2025-06-13,2025-06-12T09:38:00
outSched,2025-06-14,2025-06-13T09:39:00
outSched,2025-06-15,2025-06-14T09:39:00
outSched,2025-06-16,2025-06-15T09:39:00
outSched,2025-06-17,2025-06-16T09:39:00
outSched,2025-06-18,2025-06-17T09:39:00
outSched,2025-06-19,2025-06-18T09:39:00
outSched,2025-06-20,2025-06-19T09:39:00
outSched,2025-06-21,2025-06-20T09:39:02
outSched,2025-06-22,2025-06-21T09:38:00
outSched,2025-06-23,2025-06-22T09:38:02
outSched,2025-06-24,2025-06-23T09:39:00
outSched,2025-06-25,2025-06-24T09:39:00
outSched,2025-06-26,2025-06-25T09:39:00
outSched,2025-06-27,2025-06-26T09:39:00
outSched,2025-06-28,2025-06-27T09:39:00
outSched,2025-06-29,2025-06-28T09:39:00
outSched,2025-06-30,2025-06-29T09:38:00
outSched,2025-07-01,2025-06-30T09:39:02
outSched,2025-07-02,2025-07-01T09:39:02
outSched,2025-07-03,2025-07-02T09:39:00
outSched,2025-07-04,2025-07-03T09:39:02
outSched,2025-07-05,2025-07-04T09:39:00
outSched,2025-07-06,2025-07-05T09:39:00
outSched,2025-07-07,2025-07-06T09:39:00
outSched,2025-07-08,2025-07-07T09:39:00
outSched,2025-07-09,2025-07-08T09:38:02
outSched,2025-07-10,2025-07-09T09:38:00
outSched,2025-07-11,2025-07-10T09:49:08
outSched,2025-07-12,2025-07-11T09:38:00
outSched,2025-07-13,2025-07-12T09:39:00
outSched,2025-07-14,2025-07-13T09:39:00
outSched,2025-07-15,2025-07-14T09:39:00
outSched,2025-07-16,2025-07-15T09:39:00
outSched,2025-07-17,2025-07-16T09:39:00
outSched,2025-07-18,2025-07-17T09:38:00
outSched,2025-07-19,2025-07-18T09:39:00
outSched,2025-07-20,2025-07-19T09:39:00
outSched,2025-07-21,2025-07-20T09:39:00
outSched,2025-07-22,2025-07-21T09:40:02
outSched,2025-07-23,2025-07-22T09:40:02
outSched,2025-07-24,2025-07-23T09:40:00
outSched,2025-07-25,2025-07-24T09:39:00
outSched,2025-07-26,2025-07-25T09:39:00
outSched,2025-07-27,2025-07-26T09:39:00
outSched,2025-07-28,2025-07-27T09:39:00
outSched,2025-07-29,2025-07-28T09:39:00
outSched,2025-07-30,2025-07-29T09:39:00
outSched,2025-07-31,2025-07-30T09:39:00
outSched,2025-08-01,2025-07-31T09:39:00
outSched,2025-08-02,2025-08-01T09:39:00
outSched,2025-08-03,2025-08-02T09:54:30
outSched,2025-08-04,2025-08-03T09:36:00
outSched,2025-08-05,2025-08-04T09:38:02
outSched,2025-08-06,2025-08-05T09:38:00
outSched,2025-08-07,2025-08-06T09:39:00
outSched,2025-08-08,2025-08-07T09:38:00
outSched,2025-08-09,2025-08-08T09:38:00
outSched,2025-08-10,2025-08-09T09:40:00
outSched,2025-08-11,2025-08-10T09:39:00
outSched,2025-08-12,2025-08-11T09:38:00
outSched,2025-08-13,2025-08-12T09:40:02
outSched,2025-08-14,2025-08-13T09:40:00
outSched,2025-08-15,2025-08-14T09:39:00
outSched,2025-08-16,2025-08-15T09:39:00
outSched,2025-08-17,2025-08-16T09:39:00
outSched,2025-08-18,2025-08-17T09:40:00
outSched,2025-08-19,2025-08-18T09:40:00
outSched,2025-08-20,2025-08-19T09:38:00
outSched,2025-08-21,2025-08-20T09:38:00
outSched,2025-08-22,2025-08-21T09:38:00
outSched,2025-08-23,2025-08-22T09:39:00
outSched,2025-08-24,2025-08-23T09:39:02
outSched,2025-08-25,2025-08-24T09:39:00
outSched,2025-08-26,2025-08-25T09:39:00
outSched,2025-08-27,2025-08-26T09:39:00
outSched,2025-08-28,2025-08-27T09:39:00
outSched,2025-08-29,2025-08-28T09:38:00
outSched,2025-08-30,2025-08-29T09:38:00
outSched,2025-08-31,2025-08-30T09:38:00
outSched,2025-09-01,2025-08-31T09:39:00
outSched,2025-09-02,2025-09-01T09:39:00
outSched,2025-09-03,2025-09-02T09:39:00
outSched,2025-09-04,2025-09-03T09:39:00
outSched,2025-09-05,2025-09-04T09:39:00
outSched,2025-09-06,2025-09-05T09:39:00
outSched,2025-09-07,2025-09-06T09:39:00
outSched,2025-09-08,2025-09-07T09:39:00
outSched,2025-09-09,2025-09-08T09:39:00
outSched,2025-09-10,2025-09-09T09:39:00
outSched,2025-09-11,2025-09-10T09:39:00
outSched,2025-09-12,2025-09-11T09:39:00
outSched,2025-09-13,2025-09-12T09:39:00
outSched,2025-09-14,2025-09-13T09:39:00
outSched,2025-09-15,2025-09-14T09:48:02
outSched,2025-09-16,2025-09-15T09:39:00
outSched,2025-09-17,2025-09-16T09:39:00
outSched,2025-09-18,2025-09-17T09:39:00
outSched,2025-09-19,2025-09-18T09:39:00
outSched,2025-09-20,2025-09-19T09:39:00
outSched,2025-09-21,2025-09-20T09:38:00
outSched,2025-09-22,2025-09-21T09:38:00
outSched,2025-09-23,2025-09-22T09:39:00
outSched,2025-09-24,2025-09-23T09:39:40
outSched,2025-09-25,2025-09-24T09:39:00
outSched,2025-09-26,2025-09-25T09:46:00
outSched,2025-09-27,2025-09-26T10:04:52
outSched,2025-09-28,2025-09-27T09:38:00
outSched,2025-09-29,2025-09-28T09:56:00
outSched,2025-09-30,2025-09-29T09:39:00
outSched,2025-10-01,2025-09-30T09:39:00
outSched,2025-10-02,2025-10-01T09:38:00
outSched,2025-10-03,2025-10-02T09:38:00
outSched,2025-10-04,2025-10-03T09:38:00
outSched,2025-10-05,2025-10-04T09:39:00
outSched,2025-10-06,2025-10-05T09:39:00
outSched,2025-10-07,2025-10-06T09:38:02
outSched,2025-10-08,2025-10-07T09:39:00
outSched,2025-10-09,2025-10-08T09:38:00
outSched,2025-10-10,2025-10-09T09:42:00
outSched,2025-10-11,2025-10-10T09:39:00
outSched,2025-10-12,2025-10-11T09:38:00
outSched,2025-10-13,2025-10-12T09:39:00
outSched,2025-10-14,2025-10-13T09:38:00
outSched,2025-10-15,2025-10-14T09:38:00
outSched,2025-10-16,2025-10-15T09:39:00
outSched,2025-10-17,2025-10-16T09:40:00
outSched,2025-10-18,2025-10-17T09:38:00
outSched,2025-10-19,2025-10-18T09:38:00
outSched,2025-10-20,2025-10-19T09:39:00
outSched,2025-10-21,2025-10-20T09:38:00
outSched,2025-10-22,2025-10-21T09:38:00
outSched,2025-10-23,2025-10-22T09:39:00
outSched,2025-10-24,2025-10-23T09:39:00
outSched,2025-10-25,2025-10-24T09:41:00
outSched,2025-10-26,2025-10-25T09:41:00
outSched,2025-10-27,2025-10-26T09:38:02
outSched,2025-10-28,2025-10-27T09:39:00
outSched,2025-10-29,2025-10-28T09:38:00
outSched,2025-10-30,2025-10-29T09:39:00
outSched,2025-10-31,2025-10-30T09:39:00
outSched,2025-11-01,2025-10-31T09:38:00
outSched,2025-11-02,2025-11-01T09:38:00
outSched,2025-11-03,2025-11-02T09:38:00
outSched,2025-11-04,2025-11-03T09:38:00
outSched,2025-11-05,2025-11-04T09:39:00
outSched,2025-11-06,2025-11-05T09:39:00
outSched,2025-11-07,2025-11-06T09:38:00
outSched,2025-11-08,2025-11-07T10:09:34
outSched,2025-11-09,2025-11-08T09:39:00
outSched,2025-11-10,2025-11-09T09:39:00
outSched,2025-11-11,2025-11-10T09:39:00
outSched,2025-11-12,2025-11-11T09:39:00
outSched,2025-11-13,2025-11-12T09:39:02
outSched,2025-11-14,2025-11-13T09:39:00
outSched,2025-11-15,2025-11-14T09:39:00
outSched,2025-11-16,2025-11-15T09:39:00
outSched,2025-11-17,2025-11-16T09:39:00
outSched,2025-11-18,2025-11-17T09:38:02
outSched,2025-11-19,2025-11-18T09:38:00
outSched,2025-11-20,2025-11-19T09:38:00
outSched,2025-11-21,2025-11-20T09:38:00
outSched,2025-11-22,2025-11-21T09:38:00
outSched,2025-11-23,2025-11-22T09:39:00
outSched,2025-11-24,2025-11-23T09:38:00
outSched,2025-11-25,2025-11-24T09:39:00
outSched,2025-11-26,2025-11-25T09:39:00
outSched,2025-11-27,2025-11-26T09:38:00
outSched,2025-11-28,2025-11-27T09:38:00
outSched,2025-11-29,2025-11-28T09:38:00
outSched,2025-11-30,2025-11-29T09:38:00
outSched,2025-12-01,2025-11-30T09:38:00
outSched,2025-12-02,2025-12-01T09:39:00
outSched,2025-12-03,2025-12-02T09:39:00
outSched,2025-12-04,2025-12-03T09:39:00
outSched,2025-12-05,2025-12-04T09:39:00
outSched,2025-12-06,2025-12-05T09:39:00
outSched,2025-12-07,2025-12-06T09:38:00
outSched,2025-12-08,2025-12-07T09:39:00
outSched,2025-12-09,2025-12-08T09:45:00
outSched,2025-12-10,2025-12-09T09:39:00
outSched,2025-12-11,2025-12-10T09:40:00
outSched,2025-12-12,2025-12-11T09:39:00
outSched,2025-12-13,2025-12-12T09:39:00
outSched,2025-12-14,2025-12-13T09:38:00
outSched,2025-12-15,2025-12-14T09:39:00
outSched,2025-12-16,2025-12-15T09:39:00
outSched,2025-12-17,2025-12-16T09:38:00
outSched,2025-12-18,2025-12-17T09:39:00
outSched,2025-12-19,2025-12-18T09:39:00
outSched,2025-12-20,2025-12-19T09:39:00
outSched,2025-12-21,2025-12-20T09:38:00
outSched,2025-12-22,2025-12-21T09:38:00
outSched,2025-12-23,2025-12-22T09:38:00
outSched,2025-12-24,2025-12-23T09:38:00
outSched,2025-12-25,2025-12-24T09:39:00
outSched,2025-12-26,2025-12-25T09:38:00
outSched,2025-12-27,2025-12-26T09:39:00
outSched,2025-12-28,2025-12-27T09:39:00
outSched,2025-12-29,2025-12-28T09:38:04
outSched,2025-12-30,2025-12-29T09:39:00
outSched,2025-12-31,2025-12-30T09:40:00
outSched,2026-01-01,2025-12-31T09:40:00
outSched,2026-01-02,2026-01-01T09:39:00
outSched,2026-01-03,2026-01-02T09:44:40
outSched,2026-01-04,2026-01-03T09:39:00
outSched,2026-01-05,2026-01-04T09:39:00
outSched,2026-01-06,2026-01-05T09:39:00
outSched,2026-01-07,2026-01-06T09:35:02
outSched,2026-01-08,2026-01-07T09:38:00
outSched,2026-01-09,2026-01-08T09:39:08
outSched,2026-01-10,2026-01-09T09:39:00
outSched,2026-01-11,2026-01-10T09:40:00
outSched,2026-01-12,2026-01-11T09:39:00
outSched,2026-01-13,2026-01-12T09:39:00
outSched,2026-01-14,2026-01-13T09:39:00
outSched,2026-01-15,2026-01-14T09:39:00
outSched,2026-01-16,2026-01-15T09:39:00
outSched,2026-01-17,2026-01-16T09:39:00
outSched,2026-01-18,2026-01-17T09:39:00
outSched,2026-01-19,2026-01-18T09:38:00
outSched,2026-01-20,2026-01-19T09:38:02
outSched,2026-01-21,2026-01-20T09:39:00
outSched,2026-01-22,2026-01-21T09:39:00
outSched,2026-01-23,2026-01-22T09:39:00
outSched,2026-01-24,2026-01-23T09:39:00
outSched,2026-01-25,2026-01-24T09:38:00
outSched,2026-01-26,2026-01-25T09:38:00
outSched,2026-01-27,2026-01-26T09:39:00
outSched,2026-01-28,2026-01-27T09:39:00
outSched,2026-01-29,2026-01-28T09:38:00
outSched,2026-01-30,2026-01-29T09:39:00
outSched,2026-01-31,2026-01-30T09:39:00
outSched,2026-02-01,2026-01-31T09:39:00
outSched,2026-02-02,2026-02-01T09:39:00
outSched,2026-02-03,2026-02-02T09:40:00
outSched,2026-02-04,2026-02-03T09:40:00
outSched,2026-02-05,2026-02-04T09:38:00
outSched,2026-02-06,2026-02-05T09:38:00
outSched,2026-02-07,2026-02-06T09:38:00
outSched,2026-02-08,2026-02-07T09:39:00
outSched,2026-02-09,2026-02-08T09:39:00
outSched,2026-02-10,2026-02-09T09:39:00
outSched,2026-02-11,2026-02-10T09:38:00
outSched,2026-02-12,2026-02-11T09:44:00
outSched,2026-02-13,2026-02-12T09:38:00
outSched,2026-02-14,2026-02-13T09:38:00
outSched,2026-02-15,2026-02-14T09:39:00
outSched,2026-02-16,2026-02-15T09:39:00
outSched,2026-02-17,2026-02-16T09:39:00
outSched,2026-02-18,2026-02-17T09:38:00
outSched,2026-02-19,2026-02-18T09:39:00
outSched,2026-02-20,2026-02-19T09:39:00
outSched,2026-02-21,2026-02-20T09:39:00
outSched,2026-02-22,2026-02-21T09:38:00
outSched,2026-02-23,2026-02-22T09:39:00
outSched,2026-02-24,2026-02-23T09:38:00
outSched,2026-02-25,2026-02-24T09:38:00
outSched,2026-02-26,2026-02-25T09:39:00
outSched,2026-02-27,2026-02-26T09:39:00
outSched,2026-02-28,2026-02-27T09:39:00
outSched,2026-03-01,2026-02-28T09:38:00
outSched,2026-03-02,2026-03-01T09:38:00
outSched,2026-03-03,2026-03-02T09:38:00
outSched,2026-03-04,2026-03-03T09:38:00
outSched,2026-03-05,2026-03-04T09:38:00
outSched,2026-03-06,2026-03-05T09:39:00
outSched,2026-03-07,2026-03-06T09:39:00
outSched,2026-03-08,2026-03-07T09:38:00
outSched,2026-03-09,2026-03-08T09:39:00
outSched,2026-03-10,2026-03-09T09:39:00
outSched,2026-03-11,2026-03-10T09:39:00
outSched,2026-03-12,2026-03-11T09:44:00
outSched,2026-03-13,2026-03-12T09:39:00
outSched,2026-03-14,2026-03-13T09:39:00
outSched,2026-03-15,2026-03-14T09:39:00
outSched,2026-03-16,2026-03-15T09:39:00
outSched,2026-03-17,2026-03-16T09:39:00
outSched,2026-03-18,2026-03-17T09:38:00
outSched,2026-03-19,2026-03-18T09:37:00
outSched,2026-03-20,2026-03-19T09:38:00
outSched,2026-03-21,2026-03-20T09:38:00
outSched,2026-03-22,2026-03-21T09:39:00
outSched,2026-03-23,2026-03-22T09:39:00
outSched,2026-03-24,2026-03-23T09:38:00
outSched,2026-03-25,2026-03-24T09:40:00
outSched,2026-03-26,2026-03-25T09:38:00
outSched,2026-03-27,2026-03-26T09:38:00
outSched,2026-03-28,2026-03-27T09:38:00
outSched,2026-03-29,2026-03-28T09:39:00
outSched,2026-03-30,2026-03-29T09:39:00
outSched,2026-03-31,2026-03-30T09:39:00
outSched,2026-04-01,2026-03-31T09:39:00
outSched,2026-04-02,2026-04-01T09:39:00
outSched,2026-04-03,2026-04-02T09:39:00
outSched,2026-04-04,2026-04-03T09:39:00
outSched,2026-04-05,2026-04-04T09:38:00
outSched,2026-04-06,2026-04-05T09:39:00
outSched,2026-04-07,2026-04-06T09:39:00
outSched,2026-04-08,2026-04-07T09:39:00
outSched,2026-04-09,2026-04-08T09:39:00
outSched,2026-04-10,2026-04-09T09:39:00
outSched,2026-04-11,2026-04-10T09:38:00
outSched,2026-04-12,2026-04-11T09:38:00
outSched,2026-04-13,2026-04-12T09:38:00
outSched,2026-04-14,2026-04-13T09:38:00
outSched,2026-04-15,2026-04-14T09:39:00
outSched,2026-04-16,2026-04-15T09:39:00
outSched,2026-04-17,2026-04-16T09:39:00
outSched,2026-04-18,2026-04-17T09:39:00
outSched,2026-04-19,2026-04-18T09:39:00
outSched,2026-04-20,2026-04-19T09:38:00
outSched,2026-04-21,2026-04-20T09:38:00
outSched,2026-04-22,2026-04-21T09:38:00
outSched,2026-04-23,2026-04-22T09:38:00
outSched,2026-04-24,2026-04-23T09:39:00
outSched,2026-04-25,2026-04-24T09:38:00
outSched,2026-04-26,2026-04-25T09:39:00
outSched,2026-04-27,2026-04-26T09:39:00
outSched,2026-04-28,2026-04-27T09:39:00
outSched,2026-04-29,2026-04-28T09:39:00
outSched,2026-04-30,2026-04-29T09:39:00
outSched,2026-05-01,2026-04-30T09:38:00
outSched,2026-05-02,2026-05-01T09:39:00
outSched,2026-05-03,2026-05-02T09:39:00
outSched,2026-05-04,2026-05-03T09:39:00
outSched,2026-05-05,2026-05-04T09:39:00
outSched,2026-05-06,2026-05-05T09:38:00
outSched,2026-05-07,2026-05-06T09:39:00
outSched,2026-05-08,2026-05-07T09:38:00
outSched,2026-05-09,2026-05-08T09:39:00
outSched,2026-05-10,2026-05-09T09:38:00
outSched,2026-05-11,2026-05-10T09:38:00
outSched,2026-05-12,2026-05-11T09:38:00
outSched,2026-05-13,2026-05-12T09:39:00
outSched,2026-05-14,2026-05-13T09:39:00
outSched,2026-05-15,2026-05-14T09:39:00
outSched,2026-05-16,2026-05-15T09:38:00
outSched,2026-05-17,2026-05-16T09:38:00
outSched,2026-05-18,2026-05-17T09:38:00
outSched,2026-05-19,2026-05-18T09:38:00
outSched,2026-05-20,2026-05-19T09:39:00
outSched,2026-05-21,2026-05-20T09:39:00
outSched,2026-05-22,2026-05-21T09:38:00
outSched,2026-05-23,2026-05-22T09:39:00
outSched,2026-05-24,2026-05-23T09:38:00
outSched,2026-05-25,2026-05-24T09:38:00
outSched,2026-05-26,2026-05-25T09:38:00
outSched,2026-05-27,2026-05-26T09:39:00
outSched,2026-05-28,2026-05-27T09:38:00
outSched,2026-05-29,2026-05-28T09:39:00
outSched,2026-05-30,2026-05-29T11:19:00
outSched,2026-05-31,2026-05-30T09:39:00
outSched,2026-06-01,2026-05-31T09:39:00
outSched,2026-06-02,2026-06-01T09:39:00
outSched,2026-06-03,2026-06-02T09:39:00
outSched,2026-06-04,2026-06-03T09:39:00
outSched,2026-06-05,2026-06-04T09:39:00
outSched,2026-06-06,2026-06-05T09:39:00
outSched,2026-06-07,2026-06-06T09:39:00
outSched,2026-06-08,2026-06-07T09:40:02
outSched,2026-06-09,2026-06-08T09:39:00
outSched,2026-06-10,2026-06-09T09:39:00
outSched,2026-06-11,2026-06-10T09:38:00
outSched,2026-06-12,2026-06-11T09:38:00
outSched,2026-06-13,2026-06-12T09:38:00
outSched,2026-06-14,2026-06-13T09:39:00
outSched,2026-06-15,2026-06-14T09:39:00
outSched,2026-06-16,2026-06-15T09:39:00
outSched,2026-06-17,2026-06-16T09:39:00
outSched,2026-06-18,2026-06-17T09:44:00
outSched,2026-06-19,2026-06-18T09:39:00
outSched,2026-06-20,2026-06-19T09:39:00
outSched,2026-06-21,2026-06-20T09:39:00
outSched,2026-06-22,2026-06-21T09:39:00
outSched,2026-06-23,2026-06-22T09:39:00
outSched,2026-06-24,2026-06-23T09:39:00
outSched,2026-06-25,2026-06-24T09:40:04
outSched,2026-06-26,2026-06-25T09:39:00
outSched,2026-06-27,2026-06-26T09:39:00
outSched,2026-06-28,2026-06-27T09:39:00
outSched,2026-06-29,2026-06-28T09:39:00
outSched,2026-06-30,2026-06-29T09:38:00
outSched,2026-07-01,2026-06-30T09:39:00
outSched,2026-07-02,2026-07-01T09:39:00
outSched,2026-07-03,2026-07-02T09:39:00
outSched,2026-07-04,2026-07-03T09:39:00
outSched,2026-07-05,2026-07-04T09:38:00
outSched,2026-07-06,2026-07-05T09:38:00
outSched,2026-07-07,2026-07-06T09:38:00
outSched,2026-07-08,2026-07-07T09:39:00
outSched,2026-07-09,2026-07-08T09:38:00
outSched,2026-07-10,2026-07-09T09:39:00
outSched,2026-07-11,2026-07-10T09:39:00
outSched,2026-07-12,2026-07-11T09:38:00
outSched,2026-07-13,2026-07-12T09:39:00
outSched,2026-07-14,2026-07-13T09:38:00
outSched,2026-07-15,2026-07-14T09:38:00
outSched,2026-07-16,2026-07-15T09:38:00
outSched,2026-07-17,2026-07-16T09:38:00
outSched,2026-07-18,2026-07-17T09:39:02
outSched,2026-07-19,2026-07-18T09:38:00
outSched,2026-07-20,2026-07-19T09:38:00
outSched,2026-07-21,2026-07-20T09:38:00
outSched,2026-07-22,2026-07-21T09:41:00
outSched,2026-07-23,2026-07-23T10:21:28
outSched,2026-07-24,2026-07-23T10:21:44
outSched,2026-07-25,2026-07-24T11:16:12
outSched,2026-07-26,2026-07-25T10:21:00
outSched,2026-07-27,2026-07-26T09:56:24
outSched,2026-07-28,2026-07-27T09:59:26
outSched,2026-07-29,2026-07-28T10:12:56
outSched,2026-07-30,2026-07-29T09:59:02
outSched,2026-07-31,2026-07-30T09:56:46
outSched,2026-08-01,2026-07-31T09:47:42
outSched,2026-08-02,2026-08-01T09:56:20
outSched,2026-08-03,2026-08-02T09:48:36
outSched,2026-08-04,2026-08-03T09:35:58
outSched,2026-08-05,2026-08-04T09:33:34
outSched,2026-08-06,2026-08-05T10:06:24
outSched,2026-08-07,2026-08-06T09:51:56
outSched,2026-08-08,2026-08-07T09:56:36
outSched,2026-08-09,2026-08-08T10:01:02
outSched,2026-08-10,2026-08-09T09:54:00
outSched,2026-08-11,2026-08-10T10:18:02
outSched,2026-08-12,2026-08-11T09:55:16
outSched,2026-08-13,2026-08-12T10:09:16
outSched,2026-08-14,2026-08-13T09:35:14
outSched,2026-08-15,2026-08-14T09:51:50
outSched,2026-08-16,2026-08-15T10:01:14
outSched,2026-08-17,2026-08-16T09:52:26
outSched,2026-08-18,2026-08-19T09:56:52
outSched,2026-08-19,2026-08-18T10:03:32
outSched,2026-08-20,2026-08-19T19:44:40
outSched,2026-08-21,2026-08-20T09:56:34
outSched,2026-08-22,2026-08-21T10:06:42
outSched,2026-08-23,2026-08-22T10:01:28
outSched,2026-08-24,2026-08-23T10:07:42
outSched,2026-08-25,2026-08-24T09:41:52
outSched,2026-08-26,2026-08-25T09:56:54
outSched,2026-08-27,2026-08-26T09:40:36
outSched,2026-08-28,2026-08-27T09:36:40
outSched,2026-08-29,2026-08-28T09:47:34
outSched,2026-08-30,2026-08-29T09:49:34
outSched,2026-08-31,2026-08-30T10:03:18
outSched,2026-09-01,2026-08-31T09:35:26
outSched,2026-09-02,2026-09-01T09:55:22
outSched,2026-09-03,2026-09-02T10:15:12
outSched,2026-09-04,2026-09-03T10:02:10
outSched,2026-09-05,2026-09-04T10:50:08
outSched,2026-09-06,2026-09-05T09:54:08
outSched,2026-09-07,2026-09-06T09:54:38
outSched,2026-09-08,2026-09-07T10:07:32
outSched,2026-09-09,2026-09-08T09:55:38
outSched,2026-09-10,2026-09-09T09:42:22
outSched,2026-09-11,2026-09-10T09:34:48
outSched,2026-09-12,2026-09-11T09:59:20
outSched,2026-09-13,2026-09-12T09:54:10
outSched,2026-09-14,2026-09-13T09:49:04
outSched,2026-09-15,2026-09-14T09:33:58
outSched,2026-09-16,2026-09-15T09:47:40
outSched,2026-09-17,2026-09-16T09:47:24
outSched,2026-09-18,2026-09-17T09:48:52
outSched,2026-09-19,2026-09-18T09:36:10
outSched,2026-09-20,2026-09-19T09:34:42
outSched,2026-09-21,2026-09-20T09:34:40
outSched,2026-09-22,2026-09-21T09:41:18
outSched,2026-09-23,2026-09-22T09:44:34
outSched,2026-09-24,2026-09-23T09:47:34
outSched,2026-09-26,2026-09-25T09:49:30
outSched,2026-09-27,2026-09-26T09:50:50
outSched,2026-09-28,2026-09-27T09:51:08
outSched,2026-09-29,2026-09-28T09:51:34
outSched,2026-09-30,2026-09-29T09:40:26
